id,id_v2,category,level,question,answer_status,answer_type,answer,unknown_reason,evidence,pipeline_version,files
SYSTEM_HOSTNAME_TEXT_p4,system_hostname_text:8eb660897d,System_Inventory,L1,p4 장비의 호스트네임은 무엇입니까? [답변 형식: 정확한 값만],OK,text,"""p4""",,"{""snapshot"": ""LabA_Research_Institute_DC_10nodes"", ""metric"": ""system_hostname_text"", ""scope"": {""type"": ""DEVICE"", ""host"": ""p4""}}",bd1a393,['p4.cfg']
SYSTEM_HOSTNAME_TEXT_leaf4,system_hostname_text:45a2dbebe1,System_Inventory,L1,leaf4 장비의 호스트네임은 무엇입니까? [답변 형식: 정확한 값만],OK,text,"""leaf4""",,"{""snapshot"": ""LabA_Research_Institute_DC_10nodes"", ""metric"": ""system_hostname_text"", ""scope"": {""type"": ""DEVICE"", ""host"": ""leaf4""}}",bd1a393,['leaf4.cfg']
SYSTEM_HOSTNAME_TEXT_leaf3,system_hostname_text:6a7c231d8b,System_Inventory,L1,leaf3 장비의 호스트네임은 무엇입니까? [답변 형식: 정확한 값만],OK,text,"""leaf3""",,"{""snapshot"": ""LabA_Research_Institute_DC_10nodes"", ""metric"": ""system_hostname_text"", ""scope"": {""type"": ""DEVICE"", ""host"": ""leaf3""}}",bd1a393,['leaf3.cfg']
SYSTEM_HOSTNAME_TEXT_pe1,system_hostname_text:4f36bb8808,System_Inventory,L1,pe1 장비의 호스트네임은 무엇입니까? [답변 형식: 정확한 값만],OK,text,"""pe1""",,"{""snapshot"": ""LabA_Research_Institute_DC_10nodes"", ""metric"": ""system_hostname_text"", ""scope"": {""type"": ""DEVICE"", ""host"": ""pe1""}}",bd1a393,['pe1.cfg']
SYSTEM_HOSTNAME_TEXT_p2,system_hostname_text:f84ad4329a,System_Inventory,L1,p2 장비의 호스트네임은 무엇입니까? [답변 형식: 정확한 값만],OK,text,"""p2""",,"{""snapshot"": ""LabA_Research_Institute_DC_10nodes"", ""metric"": ""system_hostname_text"", ""scope"": {""type"": ""DEVICE"", ""host"": ""p2""}}",bd1a393,['p2.cfg']
SYSTEM_HOSTNAME_TEXT_p3,system_hostname_text:40d255b5d8,System_Inventory,L1,p3 장비의 호스트네임은 무엇입니까? [답변 형식: 정확한 값만],OK,text,"""p3""",,"{""snapshot"": ""LabA_Research_Institute_DC_10nodes"", ""metric"": ""system_hostname_text"", ""scope"": {""type"": ""DEVICE"", ""host"": ""p3""}}",bd1a393,['p3.cfg']
SYSTEM_HOSTNAME_TEXT_pe2,system_hostname_text:3603999311,System_Inventory,L1,pe2 장비의 호스트네임은 무엇입니까? [답변 형식: 정확한 값만],OK,text,"""pe2""",,"{""snapshot"": ""LabA_Research_Institute_DC_10nodes"", ""metric"": ""system_hostname_text"", ""scope"": {""type"": ""DEVICE"", ""host"": ""pe2""}}",bd1a393,['pe2.cfg']
SYSTEM_HOSTNAME_TEXT_p1,system_hostname_text:980d4425bd,System_Inventory,L1,p1 장비의 호스트네임은 무엇입니까? [답변 형식: 정확한 값만],OK,text,"""p1""",,"{""snapshot"": ""LabA_Research_Institute_DC_10nodes"", ""metric"": ""system_hostname_text"", ""scope"": {""type"": ""DEVICE"", ""host"": ""p1""}}",bd1a393,['p1.cfg']
SYSTEM_HOSTNAME_TEXT_leaf1,system_hostname_text:f3e677391b,System_Inventory,L1,leaf1 장비의 호스트네임은 무엇입니까? [답변 형식: 정확한 값만],OK,text,"""leaf1""",,"{""snapshot"": ""LabA_Research_Institute_DC_10nodes"", ""metric"": ""system_hostname_text"", ""scope"": {""type"": ""DEVICE"", ""host"": ""leaf1""}}",bd1a393,['leaf1.cfg']
SYSTEM_HOSTNAME_TEXT_leaf2,system_hostname_text:6e35c43dba,System_Inventory,L1,leaf2 장비의 호스트네임은 무엇입니까? [답변 형식: 정확한 값만],OK,text,"""leaf2""",,"{""snapshot"": ""LabA_Research_Institute_DC_10nodes"", ""metric"": ""system_hostname_text"", ""scope"": {""type"": ""DEVICE"", ""host"": ""leaf2""}}",bd1a393,['leaf2.cfg']
SYSTEM_VERSION_TEXT_leaf4,system_version_text:45a2dbebe1,System_Inventory,L1,leaf4 장비의 운영체제(OS) 버전은 무엇입니까? [답변 형식: 정확한 값만],OK,text,"""15.7""",,"{""snapshot"": ""LabA_Research_Institute_DC_10nodes"", ""metric"": ""system_version_text"", ""scope"": {""type"": ""DEVICE"", ""host"": ""leaf4""}}",bd1a393,['leaf4.cfg']
SYSTEM_VERSION_TEXT_p2,system_version_text:f84ad4329a,System_Inventory,L1,p2 장비의 운영체제(OS) 버전은 무엇입니까? [답변 형식: 정확한 값만],OK,text,"""15.7""",,"{""snapshot"": ""LabA_Research_Institute_DC_10nodes"", ""metric"": ""system_version_text"", ""scope"": {""type"": ""DEVICE"", ""host"": ""p2""}}",bd1a393,['p2.cfg']
SYSTEM_VERSION_TEXT_leaf3,system_version_text:6a7c231d8b,System_Inventory,L1,leaf3 장비의 운영체제(OS) 버전은 무엇입니까? [답변 형식: 정확한 값만],OK,text,"""15.7""",,"{""snapshot"": ""LabA_Research_Institute_DC_10nodes"", ""metric"": ""system_version_text"", ""scope"": {""type"": ""DEVICE"", ""host"": ""leaf3""}}",bd1a393,['leaf3.cfg']
SYSTEM_VERSION_TEXT_p1,system_version_text:980d4425bd,System_Inventory,L1,p1 장비의 운영체제(OS) 버전은 무엇입니까? [답변 형식: 정확한 값만],OK,text,"""15.7""",,"{""snapshot"": ""LabA_Research_Institute_DC_10nodes"", ""metric"": ""system_version_text"", ""scope"": {""type"": ""DEVICE"", ""host"": ""p1""}}",bd1a393,['p1.cfg']
SYSTEM_VERSION_TEXT_leaf2,system_version_text:6e35c43dba,System_Inventory,L1,leaf2 장비의 운영체제(OS) 버전은 무엇입니까? [답변 형식: 정확한 값만],OK,text,"""15.7""",,"{""snapshot"": ""LabA_Research_Institute_DC_10nodes"", ""metric"": ""system_version_text"", ""scope"": {""type"": ""DEVICE"", ""host"": ""leaf2""}}",bd1a393,['leaf2.cfg']
SYSTEM_VERSION_TEXT_pe1,system_version_text:4f36bb8808,System_Inventory,L1,pe1 장비의 운영체제(OS) 버전은 무엇입니까? [답변 형식: 정확한 값만],OK,text,"""15.7""",,"{""snapshot"": ""LabA_Research_Institute_DC_10nodes"", ""metric"": ""system_version_text"", ""scope"": {""type"": ""DEVICE"", ""host"": ""pe1""}}",bd1a393,['pe1.cfg']
SYSTEM_VERSION_TEXT_p4,system_version_text:8eb660897d,System_Inventory,L1,p4 장비의 운영체제(OS) 버전은 무엇입니까? [답변 형식: 정확한 값만],OK,text,"""15.7""",,"{""snapshot"": ""LabA_Research_Institute_DC_10nodes"", ""metric"": ""system_version_text"", ""scope"": {""type"": ""DEVICE"", ""host"": ""p4""}}",bd1a393,['p4.cfg']
SYSTEM_VERSION_TEXT_leaf1,system_version_text:f3e677391b,System_Inventory,L1,leaf1 장비의 운영체제(OS) 버전은 무엇입니까? [답변 형식: 정확한 값만],OK,text,"""15.7""",,"{""snapshot"": ""LabA_Research_Institute_DC_10nodes"", ""metric"": ""system_version_text"", ""scope"": {""type"": ""DEVICE"", ""host"": ""leaf1""}}",bd1a393,['leaf1.cfg']
SYSTEM_VERSION_TEXT_p3,system_version_text:40d255b5d8,System_Inventory,L1,p3 장비의 운영체제(OS) 버전은 무엇입니까? [답변 형식: 정확한 값만],OK,text,"""15.7""",,"{""snapshot"": ""LabA_Research_Institute_DC_10nodes"", ""metric"": ""system_version_text"", ""scope"": {""type"": ""DEVICE"", ""host"": ""p3""}}",bd1a393,['p3.cfg']
SYSTEM_VERSION_TEXT_pe2,system_version_text:3603999311,System_Inventory,L1,pe2 장비의 운영체제(OS) 버전은 무엇입니까? [답변 형식: 정확한 값만],OK,text,"""15.7""",,"{""snapshot"": ""LabA_Research_Institute_DC_10nodes"", ""metric"": ""system_version_text"", ""scope"": {""type"": ""DEVICE"", ""host"": ""pe2""}}",bd1a393,['pe2.cfg']
SYSTEM_TIMEZONE_TEXT_p4,system_timezone_text:8eb660897d,System_Inventory,L1,p4 장비의 시간대(Timezone)는 무엇입니까? [답변 형식: 설정값 또는 null],NOT_CONFIGURED,text,null,,"{""snapshot"": ""LabA_Research_Institute_DC_10nodes"", ""metric"": ""system_timezone_text"", ""scope"": {""type"": ""DEVICE"", ""host"": ""p4""}}",bd1a393,['p4.cfg']
SYSTEM_TIMEZONE_TEXT_p2,system_timezone_text:f84ad4329a,System_Inventory,L1,p2 장비의 시간대(Timezone)는 무엇입니까? [답변 형식: 설정값 또는 null],NOT_CONFIGURED,text,null,,"{""snapshot"": ""LabA_Research_Institute_DC_10nodes"", ""metric"": ""system_timezone_text"", ""scope"": {""type"": ""DEVICE"", ""host"": ""p2""}}",bd1a393,['p2.cfg']
SYSTEM_TIMEZONE_TEXT_leaf1,system_timezone_text:f3e677391b,System_Inventory,L1,leaf1 장비의 시간대(Timezone)는 무엇입니까? [답변 형식: 설정값 또는 null],NOT_CONFIGURED,text,null,,"{""snapshot"": ""LabA_Research_Institute_DC_10nodes"", ""metric"": ""system_timezone_text"", ""scope"": {""type"": ""DEVICE"", ""host"": ""leaf1""}}",bd1a393,['leaf1.cfg']
SYSTEM_TIMEZONE_TEXT_leaf3,system_timezone_text:6a7c231d8b,System_Inventory,L1,leaf3 장비의 시간대(Timezone)는 무엇입니까? [답변 형식: 설정값 또는 null],NOT_CONFIGURED,text,null,,"{""snapshot"": ""LabA_Research_Institute_DC_10nodes"", ""metric"": ""system_timezone_text"", ""scope"": {""type"": ""DEVICE"", ""host"": ""leaf3""}}",bd1a393,['leaf3.cfg']
SYSTEM_TIMEZONE_TEXT_p1,system_timezone_text:980d4425bd,System_Inventory,L1,p1 장비의 시간대(Timezone)는 무엇입니까? [답변 형식: 설정값 또는 null],NOT_CONFIGURED,text,null,,"{""snapshot"": ""LabA_Research_Institute_DC_10nodes"", ""metric"": ""system_timezone_text"", ""scope"": {""type"": ""DEVICE"", ""host"": ""p1""}}",bd1a393,['p1.cfg']
SYSTEM_TIMEZONE_TEXT_pe2,system_timezone_text:3603999311,System_Inventory,L1,pe2 장비의 시간대(Timezone)는 무엇입니까? [답변 형식: 설정값 또는 null],NOT_CONFIGURED,text,null,,"{""snapshot"": ""LabA_Research_Institute_DC_10nodes"", ""metric"": ""system_timezone_text"", ""scope"": {""type"": ""DEVICE"", ""host"": ""pe2""}}",bd1a393,['pe2.cfg']
SYSTEM_TIMEZONE_TEXT_leaf2,system_timezone_text:6e35c43dba,System_Inventory,L1,leaf2 장비의 시간대(Timezone)는 무엇입니까? [답변 형식: 설정값 또는 null],NOT_CONFIGURED,text,null,,"{""snapshot"": ""LabA_Research_Institute_DC_10nodes"", ""metric"": ""system_timezone_text"", ""scope"": {""type"": ""DEVICE"", ""host"": ""leaf2""}}",bd1a393,['leaf2.cfg']
SYSTEM_TIMEZONE_TEXT_p3,system_timezone_text:40d255b5d8,System_Inventory,L1,p3 장비의 시간대(Timezone)는 무엇입니까? [답변 형식: 설정값 또는 null],NOT_CONFIGURED,text,null,,"{""snapshot"": ""LabA_Research_Institute_DC_10nodes"", ""metric"": ""system_timezone_text"", ""scope"": {""type"": ""DEVICE"", ""host"": ""p3""}}",bd1a393,['p3.cfg']
SYSTEM_TIMEZONE_TEXT_leaf4,system_timezone_text:45a2dbebe1,System_Inventory,L1,leaf4 장비의 시간대(Timezone)는 무엇입니까? [답변 형식: 설정값 또는 null],NOT_CONFIGURED,text,null,,"{""snapshot"": ""LabA_Research_Institute_DC_10nodes"", ""metric"": ""system_timezone_text"", ""scope"": {""type"": ""DEVICE"", ""host"": ""leaf4""}}",bd1a393,['leaf4.cfg']
SYSTEM_TIMEZONE_TEXT_pe1,system_timezone_text:4f36bb8808,System_Inventory,L1,pe1 장비의 시간대(Timezone)는 무엇입니까? [답변 형식: 설정값 또는 null],NOT_CONFIGURED,text,null,,"{""snapshot"": ""LabA_Research_Institute_DC_10nodes"", ""metric"": ""system_timezone_text"", ""scope"": {""type"": ""DEVICE"", ""host"": ""pe1""}}",bd1a393,['pe1.cfg']
SYSTEM_USER_LIST_p4,system_user_list:8eb660897d,System_Inventory,L1,p4 장비에 등록된 로컬 사용자 목록을 알려주세요. [답변 형식: 리스트],OK,set,"[""admin""]",,"{""snapshot"": ""LabA_Research_Institute_DC_10nodes"", ""metric"": ""system_user_list"", ""scope"": {""type"": ""DEVICE"", ""host"": ""p4""}}",bd1a393,['p4.cfg']
SYSTEM_USER_LIST_pe1,system_user_list:4f36bb8808,System_Inventory,L1,pe1 장비에 등록된 로컬 사용자 목록을 알려주세요. [답변 형식: 리스트],OK,set,"[""admin""]",,"{""snapshot"": ""LabA_Research_Institute_DC_10nodes"", ""metric"": ""system_user_list"", ""scope"": {""type"": ""DEVICE"", ""host"": ""pe1""}}",bd1a393,['pe1.cfg']
SYSTEM_USER_LIST_leaf4,system_user_list:45a2dbebe1,System_Inventory,L1,leaf4 장비에 등록된 로컬 사용자 목록을 알려주세요. [답변 형식: 리스트],OK,set,"[""admin""]",,"{""snapshot"": ""LabA_Research_Institute_DC_10nodes"", ""metric"": ""system_user_list"", ""scope"": {""type"": ""DEVICE"", ""host"": ""leaf4""}}",bd1a393,['leaf4.cfg']
SYSTEM_USER_LIST_leaf1,system_user_list:f3e677391b,System_Inventory,L1,leaf1 장비에 등록된 로컬 사용자 목록을 알려주세요. [답변 형식: 리스트],OK,set,"[""admin""]",,"{""snapshot"": ""LabA_Research_Institute_DC_10nodes"", ""metric"": ""system_user_list"", ""scope"": {""type"": ""DEVICE"", ""host"": ""leaf1""}}",bd1a393,['leaf1.cfg']
SYSTEM_USER_LIST_leaf3,system_user_list:6a7c231d8b,System_Inventory,L1,leaf3 장비에 등록된 로컬 사용자 목록을 알려주세요. [답변 형식: 리스트],OK,set,"[""admin""]",,"{""snapshot"": ""LabA_Research_Institute_DC_10nodes"", ""metric"": ""system_user_list"", ""scope"": {""type"": ""DEVICE"", ""host"": ""leaf3""}}",bd1a393,['leaf3.cfg']
SYSTEM_USER_LIST_pe2,system_user_list:3603999311,System_Inventory,L1,pe2 장비에 등록된 로컬 사용자 목록을 알려주세요. [답변 형식: 리스트],OK,set,"[""admin""]",,"{""snapshot"": ""LabA_Research_Institute_DC_10nodes"", ""metric"": ""system_user_list"", ""scope"": {""type"": ""DEVICE"", ""host"": ""pe2""}}",bd1a393,['pe2.cfg']
SYSTEM_USER_LIST_leaf2,system_user_list:6e35c43dba,System_Inventory,L1,leaf2 장비에 등록된 로컬 사용자 목록을 알려주세요. [답변 형식: 리스트],OK,set,"[""admin""]",,"{""snapshot"": ""LabA_Research_Institute_DC_10nodes"", ""metric"": ""system_user_list"", ""scope"": {""type"": ""DEVICE"", ""host"": ""leaf2""}}",bd1a393,['leaf2.cfg']
SYSTEM_USER_LIST_p1,system_user_list:980d4425bd,System_Inventory,L1,p1 장비에 등록된 로컬 사용자 목록을 알려주세요. [답변 형식: 리스트],OK,set,"[""admin""]",,"{""snapshot"": ""LabA_Research_Institute_DC_10nodes"", ""metric"": ""system_user_list"", ""scope"": {""type"": ""DEVICE"", ""host"": ""p1""}}",bd1a393,['p1.cfg']
SYSTEM_USER_LIST_p2,system_user_list:f84ad4329a,System_Inventory,L1,p2 장비에 등록된 로컬 사용자 목록을 알려주세요. [답변 형식: 리스트],OK,set,"[""admin""]",,"{""snapshot"": ""LabA_Research_Institute_DC_10nodes"", ""metric"": ""system_user_list"", ""scope"": {""type"": ""DEVICE"", ""host"": ""p2""}}",bd1a393,['p2.cfg']
SYSTEM_USER_LIST_p3,system_user_list:40d255b5d8,System_Inventory,L1,p3 장비에 등록된 로컬 사용자 목록을 알려주세요. [답변 형식: 리스트],OK,set,"[""admin""]",,"{""snapshot"": ""LabA_Research_Institute_DC_10nodes"", ""metric"": ""system_user_list"", ""scope"": {""type"": ""DEVICE"", ""host"": ""p3""}}",bd1a393,['p3.cfg']
SYSTEM_USER_COUNT_pe2,system_user_count:3603999311,System_Inventory,L1,pe2 장비에 등록된 로컬 사용자는 총 몇 명입니까? [답변 형식: 숫자],OK,number,1,,"{""snapshot"": ""LabA_Research_Institute_DC_10nodes"", ""metric"": ""system_user_count"", ""scope"": {""type"": ""DEVICE"", ""host"": ""pe2""}}",bd1a393,['pe2.cfg']
SYSTEM_USER_COUNT_p3,system_user_count:40d255b5d8,System_Inventory,L1,p3 장비에 등록된 로컬 사용자는 총 몇 명입니까? [답변 형식: 숫자],OK,number,1,,"{""snapshot"": ""LabA_Research_Institute_DC_10nodes"", ""metric"": ""system_user_count"", ""scope"": {""type"": ""DEVICE"", ""host"": ""p3""}}",bd1a393,['p3.cfg']
SYSTEM_USER_COUNT_p4,system_user_count:8eb660897d,System_Inventory,L1,p4 장비에 등록된 로컬 사용자는 총 몇 명입니까? [답변 형식: 숫자],OK,number,1,,"{""snapshot"": ""LabA_Research_Institute_DC_10nodes"", ""metric"": ""system_user_count"", ""scope"": {""type"": ""DEVICE"", ""host"": ""p4""}}",bd1a393,['p4.cfg']
SYSTEM_USER_COUNT_leaf4,system_user_count:45a2dbebe1,System_Inventory,L1,leaf4 장비에 등록된 로컬 사용자는 총 몇 명입니까? [답변 형식: 숫자],OK,number,1,,"{""snapshot"": ""LabA_Research_Institute_DC_10nodes"", ""metric"": ""system_user_count"", ""scope"": {""type"": ""DEVICE"", ""host"": ""leaf4""}}",bd1a393,['leaf4.cfg']
SYSTEM_USER_COUNT_leaf1,system_user_count:f3e677391b,System_Inventory,L1,leaf1 장비에 등록된 로컬 사용자는 총 몇 명입니까? [답변 형식: 숫자],OK,number,1,,"{""snapshot"": ""LabA_Research_Institute_DC_10nodes"", ""metric"": ""system_user_count"", ""scope"": {""type"": ""DEVICE"", ""host"": ""leaf1""}}",bd1a393,['leaf1.cfg']
SYSTEM_USER_COUNT_leaf3,system_user_count:6a7c231d8b,System_Inventory,L1,leaf3 장비에 등록된 로컬 사용자는 총 몇 명입니까? [답변 형식: 숫자],OK,number,1,,"{""snapshot"": ""LabA_Research_Institute_DC_10nodes"", ""metric"": ""system_user_count"", ""scope"": {""type"": ""DEVICE"", ""host"": ""leaf3""}}",bd1a393,['leaf3.cfg']
SYSTEM_USER_COUNT_p1,system_user_count:980d4425bd,System_Inventory,L1,p1 장비에 등록된 로컬 사용자는 총 몇 명입니까? [답변 형식: 숫자],OK,number,1,,"{""snapshot"": ""LabA_Research_Institute_DC_10nodes"", ""metric"": ""system_user_count"", ""scope"": {""type"": ""DEVICE"", ""host"": ""p1""}}",bd1a393,['p1.cfg']
SYSTEM_USER_COUNT_pe1,system_user_count:4f36bb8808,System_Inventory,L1,pe1 장비에 등록된 로컬 사용자는 총 몇 명입니까? [답변 형식: 숫자],OK,number,1,,"{""snapshot"": ""LabA_Research_Institute_DC_10nodes"", ""metric"": ""system_user_count"", ""scope"": {""type"": ""DEVICE"", ""host"": ""pe1""}}",bd1a393,['pe1.cfg']
SYSTEM_USER_COUNT_p2,system_user_count:f84ad4329a,System_Inventory,L1,p2 장비에 등록된 로컬 사용자는 총 몇 명입니까? [답변 형식: 숫자],OK,number,1,,"{""snapshot"": ""LabA_Research_Institute_DC_10nodes"", ""metric"": ""system_user_count"", ""scope"": {""type"": ""DEVICE"", ""host"": ""p2""}}",bd1a393,['p2.cfg']
SYSTEM_USER_COUNT_leaf2,system_user_count:6e35c43dba,System_Inventory,L1,leaf2 장비에 등록된 로컬 사용자는 총 몇 명입니까? [답변 형식: 숫자],OK,number,1,,"{""snapshot"": ""LabA_Research_Institute_DC_10nodes"", ""metric"": ""system_user_count"", ""scope"": {""type"": ""DEVICE"", ""host"": ""leaf2""}}",bd1a393,['leaf2.cfg']
LOGGING_BUFFERED_SEVERITY_TEXT_pe1,logging_buffered_severity_text:4f36bb8808,System_Inventory,L1,pe1 장비에서 logging buffered의 severity-level은 무엇입니까? [답변 형식: 설정값 또는 null],NOT_CONFIGURED,text,null,,"{""snapshot"": ""LabA_Research_Institute_DC_10nodes"", ""metric"": ""logging_buffered_severity_text"", ""scope"": {""type"": ""DEVICE"", ""host"": ""pe1""}}",bd1a393,['pe1.cfg']
LOGGING_BUFFERED_SEVERITY_TEXT_leaf1,logging_buffered_severity_text:f3e677391b,System_Inventory,L1,leaf1 장비에서 logging buffered의 severity-level은 무엇입니까? [답변 형식: 설정값 또는 null],NOT_CONFIGURED,text,null,,"{""snapshot"": ""LabA_Research_Institute_DC_10nodes"", ""metric"": ""logging_buffered_severity_text"", ""scope"": {""type"": ""DEVICE"", ""host"": ""leaf1""}}",bd1a393,['leaf1.cfg']
LOGGING_BUFFERED_SEVERITY_TEXT_leaf4,logging_buffered_severity_text:45a2dbebe1,System_Inventory,L1,leaf4 장비에서 logging buffered의 severity-level은 무엇입니까? [답변 형식: 설정값 또는 null],NOT_CONFIGURED,text,null,,"{""snapshot"": ""LabA_Research_Institute_DC_10nodes"", ""metric"": ""logging_buffered_severity_text"", ""scope"": {""type"": ""DEVICE"", ""host"": ""leaf4""}}",bd1a393,['leaf4.cfg']
LOGGING_BUFFERED_SEVERITY_TEXT_leaf3,logging_buffered_severity_text:6a7c231d8b,System_Inventory,L1,leaf3 장비에서 logging buffered의 severity-level은 무엇입니까? [답변 형식: 설정값 또는 null],NOT_CONFIGURED,text,null,,"{""snapshot"": ""LabA_Research_Institute_DC_10nodes"", ""metric"": ""logging_buffered_severity_text"", ""scope"": {""type"": ""DEVICE"", ""host"": ""leaf3""}}",bd1a393,['leaf3.cfg']
LOGGING_BUFFERED_SEVERITY_TEXT_p4,logging_buffered_severity_text:8eb660897d,System_Inventory,L1,p4 장비에서 logging buffered의 severity-level은 무엇입니까? [답변 형식: 설정값 또는 null],NOT_CONFIGURED,text,null,,"{""snapshot"": ""LabA_Research_Institute_DC_10nodes"", ""metric"": ""logging_buffered_severity_text"", ""scope"": {""type"": ""DEVICE"", ""host"": ""p4""}}",bd1a393,['p4.cfg']
LOGGING_BUFFERED_SEVERITY_TEXT_p2,logging_buffered_severity_text:f84ad4329a,System_Inventory,L1,p2 장비에서 logging buffered의 severity-level은 무엇입니까? [답변 형식: 설정값 또는 null],NOT_CONFIGURED,text,null,,"{""snapshot"": ""LabA_Research_Institute_DC_10nodes"", ""metric"": ""logging_buffered_severity_text"", ""scope"": {""type"": ""DEVICE"", ""host"": ""p2""}}",bd1a393,['p2.cfg']
LOGGING_BUFFERED_SEVERITY_TEXT_pe2,logging_buffered_severity_text:3603999311,System_Inventory,L1,pe2 장비에서 logging buffered의 severity-level은 무엇입니까? [답변 형식: 설정값 또는 null],NOT_CONFIGURED,text,null,,"{""snapshot"": ""LabA_Research_Institute_DC_10nodes"", ""metric"": ""logging_buffered_severity_text"", ""scope"": {""type"": ""DEVICE"", ""host"": ""pe2""}}",bd1a393,['pe2.cfg']
LOGGING_BUFFERED_SEVERITY_TEXT_p1,logging_buffered_severity_text:980d4425bd,System_Inventory,L1,p1 장비에서 logging buffered의 severity-level은 무엇입니까? [답변 형식: 설정값 또는 null],NOT_CONFIGURED,text,null,,"{""snapshot"": ""LabA_Research_Institute_DC_10nodes"", ""metric"": ""logging_buffered_severity_text"", ""scope"": {""type"": ""DEVICE"", ""host"": ""p1""}}",bd1a393,['p1.cfg']
LOGGING_BUFFERED_SEVERITY_TEXT_leaf2,logging_buffered_severity_text:6e35c43dba,System_Inventory,L1,leaf2 장비에서 logging buffered의 severity-level은 무엇입니까? [답변 형식: 설정값 또는 null],NOT_CONFIGURED,text,null,,"{""snapshot"": ""LabA_Research_Institute_DC_10nodes"", ""metric"": ""logging_buffered_severity_text"", ""scope"": {""type"": ""DEVICE"", ""host"": ""leaf2""}}",bd1a393,['leaf2.cfg']
LOGGING_BUFFERED_SEVERITY_TEXT_p3,logging_buffered_severity_text:40d255b5d8,System_Inventory,L1,p3 장비에서 logging buffered의 severity-level은 무엇입니까? [답변 형식: 설정값 또는 null],NOT_CONFIGURED,text,null,,"{""snapshot"": ""LabA_Research_Institute_DC_10nodes"", ""metric"": ""logging_buffered_severity_text"", ""scope"": {""type"": ""DEVICE"", ""host"": ""p3""}}",bd1a393,['p3.cfg']
NTP_SERVER_LIST_p2,ntp_server_list:f84ad4329a,System_Inventory,L1,p2 장비에 설정된 NTP 서버 목록을 알려주세요. [답변 형식: 리스트],NOT_CONFIGURED,set,[],,"{""snapshot"": ""LabA_Research_Institute_DC_10nodes"", ""metric"": ""ntp_server_list"", ""scope"": {""type"": ""DEVICE"", ""host"": ""p2""}}",bd1a393,['p2.cfg']
NTP_SERVER_LIST_p4,ntp_server_list:8eb660897d,System_Inventory,L1,p4 장비에 설정된 NTP 서버 목록을 알려주세요. [답변 형식: 리스트],NOT_CONFIGURED,set,[],,"{""snapshot"": ""LabA_Research_Institute_DC_10nodes"", ""metric"": ""ntp_server_list"", ""scope"": {""type"": ""DEVICE"", ""host"": ""p4""}}",bd1a393,['p4.cfg']
NTP_SERVER_LIST_p1,ntp_server_list:980d4425bd,System_Inventory,L1,p1 장비에 설정된 NTP 서버 목록을 알려주세요. [답변 형식: 리스트],NOT_CONFIGURED,set,[],,"{""snapshot"": ""LabA_Research_Institute_DC_10nodes"", ""metric"": ""ntp_server_list"", ""scope"": {""type"": ""DEVICE"", ""host"": ""p1""}}",bd1a393,['p1.cfg']
NTP_SERVER_LIST_pe2,ntp_server_list:3603999311,System_Inventory,L1,pe2 장비에 설정된 NTP 서버 목록을 알려주세요. [답변 형식: 리스트],NOT_CONFIGURED,set,[],,"{""snapshot"": ""LabA_Research_Institute_DC_10nodes"", ""metric"": ""ntp_server_list"", ""scope"": {""type"": ""DEVICE"", ""host"": ""pe2""}}",bd1a393,['pe2.cfg']
NTP_SERVER_LIST_pe1,ntp_server_list:4f36bb8808,System_Inventory,L1,pe1 장비에 설정된 NTP 서버 목록을 알려주세요. [답변 형식: 리스트],NOT_CONFIGURED,set,[],,"{""snapshot"": ""LabA_Research_Institute_DC_10nodes"", ""metric"": ""ntp_server_list"", ""scope"": {""type"": ""DEVICE"", ""host"": ""pe1""}}",bd1a393,['pe1.cfg']
NTP_SERVER_LIST_leaf3,ntp_server_list:6a7c231d8b,System_Inventory,L1,leaf3 장비에 설정된 NTP 서버 목록을 알려주세요. [답변 형식: 리스트],NOT_CONFIGURED,set,[],,"{""snapshot"": ""LabA_Research_Institute_DC_10nodes"", ""metric"": ""ntp_server_list"", ""scope"": {""type"": ""DEVICE"", ""host"": ""leaf3""}}",bd1a393,['leaf3.cfg']
NTP_SERVER_LIST_p3,ntp_server_list:40d255b5d8,System_Inventory,L1,p3 장비에 설정된 NTP 서버 목록을 알려주세요. [답변 형식: 리스트],NOT_CONFIGURED,set,[],,"{""snapshot"": ""LabA_Research_Institute_DC_10nodes"", ""metric"": ""ntp_server_list"", ""scope"": {""type"": ""DEVICE"", ""host"": ""p3""}}",bd1a393,['p3.cfg']
NTP_SERVER_LIST_leaf4,ntp_server_list:45a2dbebe1,System_Inventory,L1,leaf4 장비에 설정된 NTP 서버 목록을 알려주세요. [답변 형식: 리스트],NOT_CONFIGURED,set,[],,"{""snapshot"": ""LabA_Research_Institute_DC_10nodes"", ""metric"": ""ntp_server_list"", ""scope"": {""type"": ""DEVICE"", ""host"": ""leaf4""}}",bd1a393,['leaf4.cfg']
NTP_SERVER_LIST_leaf1,ntp_server_list:f3e677391b,System_Inventory,L1,leaf1 장비에 설정된 NTP 서버 목록을 알려주세요. [답변 형식: 리스트],NOT_CONFIGURED,set,[],,"{""snapshot"": ""LabA_Research_Institute_DC_10nodes"", ""metric"": ""ntp_server_list"", ""scope"": {""type"": ""DEVICE"", ""host"": ""leaf1""}}",bd1a393,['leaf1.cfg']
NTP_SERVER_LIST_leaf2,ntp_server_list:6e35c43dba,System_Inventory,L1,leaf2 장비에 설정된 NTP 서버 목록을 알려주세요. [답변 형식: 리스트],NOT_CONFIGURED,set,[],,"{""snapshot"": ""LabA_Research_Institute_DC_10nodes"", ""metric"": ""ntp_server_list"", ""scope"": {""type"": ""DEVICE"", ""host"": ""leaf2""}}",bd1a393,['leaf2.cfg']
SNMP_COMMUNITY_LIST_leaf1,snmp_community_list:f3e677391b,System_Inventory,L1,leaf1 장비에 설정된 SNMP 커뮤니티 목록을 알려주세요. [답변 형식: 리스트],NOT_CONFIGURED,set,[],,"{""snapshot"": ""LabA_Research_Institute_DC_10nodes"", ""metric"": ""snmp_community_list"", ""scope"": {""type"": ""DEVICE"", ""host"": ""leaf1""}}",bd1a393,['leaf1.cfg']
SNMP_COMMUNITY_LIST_leaf4,snmp_community_list:45a2dbebe1,System_Inventory,L1,leaf4 장비에 설정된 SNMP 커뮤니티 목록을 알려주세요. [답변 형식: 리스트],NOT_CONFIGURED,set,[],,"{""snapshot"": ""LabA_Research_Institute_DC_10nodes"", ""metric"": ""snmp_community_list"", ""scope"": {""type"": ""DEVICE"", ""host"": ""leaf4""}}",bd1a393,['leaf4.cfg']
SNMP_COMMUNITY_LIST_pe2,snmp_community_list:3603999311,System_Inventory,L1,pe2 장비에 설정된 SNMP 커뮤니티 목록을 알려주세요. [답변 형식: 리스트],NOT_CONFIGURED,set,[],,"{""snapshot"": ""LabA_Research_Institute_DC_10nodes"", ""metric"": ""snmp_community_list"", ""scope"": {""type"": ""DEVICE"", ""host"": ""pe2""}}",bd1a393,['pe2.cfg']
SNMP_COMMUNITY_LIST_p3,snmp_community_list:40d255b5d8,System_Inventory,L1,p3 장비에 설정된 SNMP 커뮤니티 목록을 알려주세요. [답변 형식: 리스트],NOT_CONFIGURED,set,[],,"{""snapshot"": ""LabA_Research_Institute_DC_10nodes"", ""metric"": ""snmp_community_list"", ""scope"": {""type"": ""DEVICE"", ""host"": ""p3""}}",bd1a393,['p3.cfg']
SNMP_COMMUNITY_LIST_pe1,snmp_community_list:4f36bb8808,System_Inventory,L1,pe1 장비에 설정된 SNMP 커뮤니티 목록을 알려주세요. [답변 형식: 리스트],NOT_CONFIGURED,set,[],,"{""snapshot"": ""LabA_Research_Institute_DC_10nodes"", ""metric"": ""snmp_community_list"", ""scope"": {""type"": ""DEVICE"", ""host"": ""pe1""}}",bd1a393,['pe1.cfg']
SNMP_COMMUNITY_LIST_leaf3,snmp_community_list:6a7c231d8b,System_Inventory,L1,leaf3 장비에 설정된 SNMP 커뮤니티 목록을 알려주세요. [답변 형식: 리스트],NOT_CONFIGURED,set,[],,"{""snapshot"": ""LabA_Research_Institute_DC_10nodes"", ""metric"": ""snmp_community_list"", ""scope"": {""type"": ""DEVICE"", ""host"": ""leaf3""}}",bd1a393,['leaf3.cfg']
SNMP_COMMUNITY_LIST_leaf2,snmp_community_list:6e35c43dba,System_Inventory,L1,leaf2 장비에 설정된 SNMP 커뮤니티 목록을 알려주세요. [답변 형식: 리스트],NOT_CONFIGURED,set,[],,"{""snapshot"": ""LabA_Research_Institute_DC_10nodes"", ""metric"": ""snmp_community_list"", ""scope"": {""type"": ""DEVICE"", ""host"": ""leaf2""}}",bd1a393,['leaf2.cfg']
SNMP_COMMUNITY_LIST_p2,snmp_community_list:f84ad4329a,System_Inventory,L1,p2 장비에 설정된 SNMP 커뮤니티 목록을 알려주세요. [답변 형식: 리스트],NOT_CONFIGURED,set,[],,"{""snapshot"": ""LabA_Research_Institute_DC_10nodes"", ""metric"": ""snmp_community_list"", ""scope"": {""type"": ""DEVICE"", ""host"": ""p2""}}",bd1a393,['p2.cfg']
SNMP_COMMUNITY_LIST_p4,snmp_community_list:8eb660897d,System_Inventory,L1,p4 장비에 설정된 SNMP 커뮤니티 목록을 알려주세요. [답변 형식: 리스트],NOT_CONFIGURED,set,[],,"{""snapshot"": ""LabA_Research_Institute_DC_10nodes"", ""metric"": ""snmp_community_list"", ""scope"": {""type"": ""DEVICE"", ""host"": ""p4""}}",bd1a393,['p4.cfg']
SNMP_COMMUNITY_LIST_p1,snmp_community_list:980d4425bd,System_Inventory,L1,p1 장비에 설정된 SNMP 커뮤니티 목록을 알려주세요. [답변 형식: 리스트],NOT_CONFIGURED,set,[],,"{""snapshot"": ""LabA_Research_Institute_DC_10nodes"", ""metric"": ""snmp_community_list"", ""scope"": {""type"": ""DEVICE"", ""host"": ""p1""}}",bd1a393,['p1.cfg']
SYSLOG_SERVER_LIST_p3,syslog_server_list:40d255b5d8,System_Inventory,L1,p3 장비에 설정된 Syslog 서버 목록을 알려주세요. [답변 형식: 리스트],NOT_CONFIGURED,set,[],,"{""snapshot"": ""LabA_Research_Institute_DC_10nodes"", ""metric"": ""syslog_server_list"", ""scope"": {""type"": ""DEVICE"", ""host"": ""p3""}}",bd1a393,['p3.cfg']
SYSLOG_SERVER_LIST_leaf1,syslog_server_list:f3e677391b,System_Inventory,L1,leaf1 장비에 설정된 Syslog 서버 목록을 알려주세요. [답변 형식: 리스트],NOT_CONFIGURED,set,[],,"{""snapshot"": ""LabA_Research_Institute_DC_10nodes"", ""metric"": ""syslog_server_list"", ""scope"": {""type"": ""DEVICE"", ""host"": ""leaf1""}}",bd1a393,['leaf1.cfg']
SYSLOG_SERVER_LIST_p1,syslog_server_list:980d4425bd,System_Inventory,L1,p1 장비에 설정된 Syslog 서버 목록을 알려주세요. [답변 형식: 리스트],NOT_CONFIGURED,set,[],,"{""snapshot"": ""LabA_Research_Institute_DC_10nodes"", ""metric"": ""syslog_server_list"", ""scope"": {""type"": ""DEVICE"", ""host"": ""p1""}}",bd1a393,['p1.cfg']
SYSLOG_SERVER_LIST_pe1,syslog_server_list:4f36bb8808,System_Inventory,L1,pe1 장비에 설정된 Syslog 서버 목록을 알려주세요. [답변 형식: 리스트],NOT_CONFIGURED,set,[],,"{""snapshot"": ""LabA_Research_Institute_DC_10nodes"", ""metric"": ""syslog_server_list"", ""scope"": {""type"": ""DEVICE"", ""host"": ""pe1""}}",bd1a393,['pe1.cfg']
SYSLOG_SERVER_LIST_p2,syslog_server_list:f84ad4329a,System_Inventory,L1,p2 장비에 설정된 Syslog 서버 목록을 알려주세요. [답변 형식: 리스트],NOT_CONFIGURED,set,[],,"{""snapshot"": ""LabA_Research_Institute_DC_10nodes"", ""metric"": ""syslog_server_list"", ""scope"": {""type"": ""DEVICE"", ""host"": ""p2""}}",bd1a393,['p2.cfg']
SYSLOG_SERVER_LIST_p4,syslog_server_list:8eb660897d,System_Inventory,L1,p4 장비에 설정된 Syslog 서버 목록을 알려주세요. [답변 형식: 리스트],NOT_CONFIGURED,set,[],,"{""snapshot"": ""LabA_Research_Institute_DC_10nodes"", ""metric"": ""syslog_server_list"", ""scope"": {""type"": ""DEVICE"", ""host"": ""p4""}}",bd1a393,['p4.cfg']
SYSLOG_SERVER_LIST_pe2,syslog_server_list:3603999311,System_Inventory,L1,pe2 장비에 설정된 Syslog 서버 목록을 알려주세요. [답변 형식: 리스트],NOT_CONFIGURED,set,[],,"{""snapshot"": ""LabA_Research_Institute_DC_10nodes"", ""metric"": ""syslog_server_list"", ""scope"": {""type"": ""DEVICE"", ""host"": ""pe2""}}",bd1a393,['pe2.cfg']
SYSLOG_SERVER_LIST_leaf4,syslog_server_list:45a2dbebe1,System_Inventory,L1,leaf4 장비에 설정된 Syslog 서버 목록을 알려주세요. [답변 형식: 리스트],NOT_CONFIGURED,set,[],,"{""snapshot"": ""LabA_Research_Institute_DC_10nodes"", ""metric"": ""syslog_server_list"", ""scope"": {""type"": ""DEVICE"", ""host"": ""leaf4""}}",bd1a393,['leaf4.cfg']
SYSLOG_SERVER_LIST_leaf3,syslog_server_list:6a7c231d8b,System_Inventory,L1,leaf3 장비에 설정된 Syslog 서버 목록을 알려주세요. [답변 형식: 리스트],NOT_CONFIGURED,set,[],,"{""snapshot"": ""LabA_Research_Institute_DC_10nodes"", ""metric"": ""syslog_server_list"", ""scope"": {""type"": ""DEVICE"", ""host"": ""leaf3""}}",bd1a393,['leaf3.cfg']
SYSLOG_SERVER_LIST_leaf2,syslog_server_list:6e35c43dba,System_Inventory,L1,leaf2 장비에 설정된 Syslog 서버 목록을 알려주세요. [답변 형식: 리스트],NOT_CONFIGURED,set,[],,"{""snapshot"": ""LabA_Research_Institute_DC_10nodes"", ""metric"": ""syslog_server_list"", ""scope"": {""type"": ""DEVICE"", ""host"": ""leaf2""}}",bd1a393,['leaf2.cfg']
INTERFACE_STATUS_MAP_p1,interface_status_map:980d4425bd,System_Inventory,L1,p1 장비의 각 인터페이스 상태를 알려주세요. [답변 형식: {{'인터페이스명': '상태'}}],OK,map,"{""GigabitEthernet0/0"": ""up"", ""GigabitEthernet0/1"": ""up"", ""GigabitEthernet0/2"": ""up"", ""GigabitEthernet0/3"": ""down"", ""Loopback0"": ""up""}",,"{""snapshot"": ""LabA_Research_Institute_DC_10nodes"", ""metric"": ""interface_status_map"", ""scope"": {""type"": ""DEVICE"", ""host"": ""p1""}}",bd1a393,['p1.cfg']
INTERFACE_STATUS_MAP_pe2,interface_status_map:3603999311,System_Inventory,L1,pe2 장비의 각 인터페이스 상태를 알려주세요. [답변 형식: {{'인터페이스명': '상태'}}],OK,map,"{""GigabitEthernet0/0"": ""up"", ""GigabitEthernet0/1"": ""up"", ""GigabitEthernet0/2"": ""up"", ""GigabitEthernet0/3"": ""up"", ""Loopback0"": ""up""}",,"{""snapshot"": ""LabA_Research_Institute_DC_10nodes"", ""metric"": ""interface_status_map"", ""scope"": {""type"": ""DEVICE"", ""host"": ""pe2""}}",bd1a393,['pe2.cfg']
INTERFACE_STATUS_MAP_leaf2,interface_status_map:6e35c43dba,System_Inventory,L1,leaf2 장비의 각 인터페이스 상태를 알려주세요. [답변 형식: {{'인터페이스명': '상태'}}],OK,map,"{""GigabitEthernet0/0"": ""up"", ""GigabitEthernet0/1"": ""down"", ""GigabitEthernet0/2"": ""up"", ""GigabitEthernet0/3"": ""up""}",,"{""snapshot"": ""LabA_Research_Institute_DC_10nodes"", ""metric"": ""interface_status_map"", ""scope"": {""type"": ""DEVICE"", ""host"": ""leaf2""}}",bd1a393,['leaf2.cfg']
INTERFACE_STATUS_MAP_p4,interface_status_map:8eb660897d,System_Inventory,L1,p4 장비의 각 인터페이스 상태를 알려주세요. [답변 형식: {{'인터페이스명': '상태'}}],OK,map,"{""GigabitEthernet0/0"": ""up"", ""GigabitEthernet0/1"": ""up"", ""GigabitEthernet0/2"": ""up"", ""GigabitEthernet0/3"": ""down"", ""Loopback0"": ""up""}",,"{""snapshot"": ""LabA_Research_Institute_DC_10nodes"", ""metric"": ""interface_status_map"", ""scope"": {""type"": ""DEVICE"", ""host"": ""p4""}}",bd1a393,['p4.cfg']
INTERFACE_STATUS_MAP_leaf3,interface_status_map:6a7c231d8b,System_Inventory,L1,leaf3 장비의 각 인터페이스 상태를 알려주세요. [답변 형식: {{'인터페이스명': '상태'}}],OK,map,"{""GigabitEthernet0/0"": ""up"", ""GigabitEthernet0/1"": ""down"", ""GigabitEthernet0/2"": ""up"", ""GigabitEthernet0/3"": ""down""}",,"{""snapshot"": ""LabA_Research_Institute_DC_10nodes"", ""metric"": ""interface_status_map"", ""scope"": {""type"": ""DEVICE"", ""host"": ""leaf3""}}",bd1a393,['leaf3.cfg']
INTERFACE_STATUS_MAP_pe1,interface_status_map:4f36bb8808,System_Inventory,L1,pe1 장비의 각 인터페이스 상태를 알려주세요. [답변 형식: {{'인터페이스명': '상태'}}],OK,map,"{""GigabitEthernet0/0"": ""up"", ""GigabitEthernet0/1"": ""up"", ""GigabitEthernet0/2"": ""up"", ""GigabitEthernet0/3"": ""up"", ""Loopback0"": ""up""}",,"{""snapshot"": ""LabA_Research_Institute_DC_10nodes"", ""metric"": ""interface_status_map"", ""scope"": {""type"": ""DEVICE"", ""host"": ""pe1""}}",bd1a393,['pe1.cfg']
INTERFACE_STATUS_MAP_p3,interface_status_map:40d255b5d8,System_Inventory,L1,p3 장비의 각 인터페이스 상태를 알려주세요. [답변 형식: {{'인터페이스명': '상태'}}],OK,map,"{""GigabitEthernet0/0"": ""up"", ""GigabitEthernet0/1"": ""up"", ""GigabitEthernet0/2"": ""up"", ""GigabitEthernet0/3"": ""up"", ""Loopback0"": ""up""}",,"{""snapshot"": ""LabA_Research_Institute_DC_10nodes"", ""metric"": ""interface_status_map"", ""scope"": {""type"": ""DEVICE"", ""host"": ""p3""}}",bd1a393,['p3.cfg']
INTERFACE_STATUS_MAP_leaf4,interface_status_map:45a2dbebe1,System_Inventory,L1,leaf4 장비의 각 인터페이스 상태를 알려주세요. [답변 형식: {{'인터페이스명': '상태'}}],OK,map,"{""GigabitEthernet0/0"": ""up"", ""GigabitEthernet0/1"": ""down"", ""GigabitEthernet0/2"": ""up"", ""GigabitEthernet0/3"": ""down""}",,"{""snapshot"": ""LabA_Research_Institute_DC_10nodes"", ""metric"": ""interface_status_map"", ""scope"": {""type"": ""DEVICE"", ""host"": ""leaf4""}}",bd1a393,['leaf4.cfg']
INTERFACE_STATUS_MAP_leaf1,interface_status_map:f3e677391b,System_Inventory,L1,leaf1 장비의 각 인터페이스 상태를 알려주세요. [답변 형식: {{'인터페이스명': '상태'}}],OK,map,"{""GigabitEthernet0/0"": ""up"", ""GigabitEthernet0/1"": ""up"", ""GigabitEthernet0/2"": ""up"", ""GigabitEthernet0/3"": ""up""}",,"{""snapshot"": ""LabA_Research_Institute_DC_10nodes"", ""metric"": ""interface_status_map"", ""scope"": {""type"": ""DEVICE"", ""host"": ""leaf1""}}",bd1a393,['leaf1.cfg']
INTERFACE_STATUS_MAP_p2,interface_status_map:f84ad4329a,System_Inventory,L1,p2 장비의 각 인터페이스 상태를 알려주세요. [답변 형식: {{'인터페이스명': '상태'}}],OK,map,"{""GigabitEthernet0/0"": ""up"", ""GigabitEthernet0/1"": ""up"", ""GigabitEthernet0/2"": ""up"", ""GigabitEthernet0/3"": ""up"", ""Loopback0"": ""up""}",,"{""snapshot"": ""LabA_Research_Institute_DC_10nodes"", ""metric"": ""interface_status_map"", ""scope"": {""type"": ""DEVICE"", ""host"": ""p2""}}",bd1a393,['p2.cfg']
ROUTING_TABLE_ENTRY_COUNT_leaf3,routing_table_entry_count:6a7c231d8b,System_Inventory,L1,leaf3 장비의 라우팅 테이블 엔트리는 총 몇 개입니까? [답변 형식: 숫자],OK,number,4,,"{""snapshot"": ""LabA_Research_Institute_DC_10nodes"", ""metric"": ""routing_table_entry_count"", ""scope"": {""type"": ""DEVICE"", ""host"": ""leaf3""}}",bd1a393,['leaf3.cfg']
ROUTING_TABLE_ENTRY_COUNT_leaf2,routing_table_entry_count:6e35c43dba,System_Inventory,L1,leaf2 장비의 라우팅 테이블 엔트리는 총 몇 개입니까? [답변 형식: 숫자],OK,number,5,,"{""snapshot"": ""LabA_Research_Institute_DC_10nodes"", ""metric"": ""routing_table_entry_count"", ""scope"": {""type"": ""DEVICE"", ""host"": ""leaf2""}}",bd1a393,['leaf2.cfg']
ROUTING_TABLE_ENTRY_COUNT_leaf1,routing_table_entry_count:f3e677391b,System_Inventory,L1,leaf1 장비의 라우팅 테이블 엔트리는 총 몇 개입니까? [답변 형식: 숫자],OK,number,7,,"{""snapshot"": ""LabA_Research_Institute_DC_10nodes"", ""metric"": ""routing_table_entry_count"", ""scope"": {""type"": ""DEVICE"", ""host"": ""leaf1""}}",bd1a393,['leaf1.cfg']
ROUTING_TABLE_ENTRY_COUNT_p1,routing_table_entry_count:980d4425bd,System_Inventory,L1,p1 장비의 라우팅 테이블 엔트리는 총 몇 개입니까? [답변 형식: 숫자],OK,number,5,,"{""snapshot"": ""LabA_Research_Institute_DC_10nodes"", ""metric"": ""routing_table_entry_count"", ""scope"": {""type"": ""DEVICE"", ""host"": ""p1""}}",bd1a393,['p1.cfg']
ROUTING_TABLE_ENTRY_COUNT_p3,routing_table_entry_count:40d255b5d8,System_Inventory,L1,p3 장비의 라우팅 테이블 엔트리는 총 몇 개입니까? [답변 형식: 숫자],OK,number,6,,"{""snapshot"": ""LabA_Research_Institute_DC_10nodes"", ""metric"": ""routing_table_entry_count"", ""scope"": {""type"": ""DEVICE"", ""host"": ""p3""}}",bd1a393,['p3.cfg']
ROUTING_TABLE_ENTRY_COUNT_p4,routing_table_entry_count:8eb660897d,System_Inventory,L1,p4 장비의 라우팅 테이블 엔트리는 총 몇 개입니까? [답변 형식: 숫자],OK,number,5,,"{""snapshot"": ""LabA_Research_Institute_DC_10nodes"", ""metric"": ""routing_table_entry_count"", ""scope"": {""type"": ""DEVICE"", ""host"": ""p4""}}",bd1a393,['p4.cfg']
ROUTING_TABLE_ENTRY_COUNT_pe1,routing_table_entry_count:4f36bb8808,System_Inventory,L1,pe1 장비의 라우팅 테이블 엔트리는 총 몇 개입니까? [답변 형식: 숫자],OK,number,7,,"{""snapshot"": ""LabA_Research_Institute_DC_10nodes"", ""metric"": ""routing_table_entry_count"", ""scope"": {""type"": ""DEVICE"", ""host"": ""pe1""}}",bd1a393,['pe1.cfg']
ROUTING_TABLE_ENTRY_COUNT_pe2,routing_table_entry_count:3603999311,System_Inventory,L1,pe2 장비의 라우팅 테이블 엔트리는 총 몇 개입니까? [답변 형식: 숫자],OK,number,6,,"{""snapshot"": ""LabA_Research_Institute_DC_10nodes"", ""metric"": ""routing_table_entry_count"", ""scope"": {""type"": ""DEVICE"", ""host"": ""pe2""}}",bd1a393,['pe2.cfg']
ROUTING_TABLE_ENTRY_COUNT_p2,routing_table_entry_count:f84ad4329a,System_Inventory,L1,p2 장비의 라우팅 테이블 엔트리는 총 몇 개입니까? [답변 형식: 숫자],OK,number,6,,"{""snapshot"": ""LabA_Research_Institute_DC_10nodes"", ""metric"": ""routing_table_entry_count"", ""scope"": {""type"": ""DEVICE"", ""host"": ""p2""}}",bd1a393,['p2.cfg']
ROUTING_TABLE_ENTRY_COUNT_leaf4,routing_table_entry_count:45a2dbebe1,System_Inventory,L1,leaf4 장비의 라우팅 테이블 엔트리는 총 몇 개입니까? [답변 형식: 숫자],OK,number,4,,"{""snapshot"": ""LabA_Research_Institute_DC_10nodes"", ""metric"": ""routing_table_entry_count"", ""scope"": {""type"": ""DEVICE"", ""host"": ""leaf4""}}",bd1a393,['leaf4.cfg']
SSH_VERSION_TEXT_pe2,ssh_version_text:3603999311,Security_Inventory,L1,pe2 장비의 SSH 버전은 무엇입니까? [답변 형식: 정확한 값만],OK,text,"""2""",,"{""snapshot"": ""LabA_Research_Institute_DC_10nodes"", ""metric"": ""ssh_version_text"", ""scope"": {""type"": ""DEVICE"", ""host"": ""pe2""}}",bd1a393,['pe2.cfg']
SSH_VERSION_TEXT_leaf1,ssh_version_text:f3e677391b,Security_Inventory,L1,leaf1 장비의 SSH 버전은 무엇입니까? [답변 형식: 정확한 값만],OK,text,"""2""",,"{""snapshot"": ""LabA_Research_Institute_DC_10nodes"", ""metric"": ""ssh_version_text"", ""scope"": {""type"": ""DEVICE"", ""host"": ""leaf1""}}",bd1a393,['leaf1.cfg']
SSH_VERSION_TEXT_leaf2,ssh_version_text:6e35c43dba,Security_Inventory,L1,leaf2 장비의 SSH 버전은 무엇입니까? [답변 형식: 정확한 값만],OK,text,"""2""",,"{""snapshot"": ""LabA_Research_Institute_DC_10nodes"", ""metric"": ""ssh_version_text"", ""scope"": {""type"": ""DEVICE"", ""host"": ""leaf2""}}",bd1a393,['leaf2.cfg']
SSH_VERSION_TEXT_p3,ssh_version_text:40d255b5d8,Security_Inventory,L1,p3 장비의 SSH 버전은 무엇입니까? [답변 형식: 정확한 값만],OK,text,"""2""",,"{""snapshot"": ""LabA_Research_Institute_DC_10nodes"", ""metric"": ""ssh_version_text"", ""scope"": {""type"": ""DEVICE"", ""host"": ""p3""}}",bd1a393,['p3.cfg']
SSH_VERSION_TEXT_pe1,ssh_version_text:4f36bb8808,Security_Inventory,L1,pe1 장비의 SSH 버전은 무엇입니까? [답변 형식: 정확한 값만],OK,text,"""2""",,"{""snapshot"": ""LabA_Research_Institute_DC_10nodes"", ""metric"": ""ssh_version_text"", ""scope"": {""type"": ""DEVICE"", ""host"": ""pe1""}}",bd1a393,['pe1.cfg']
SSH_VERSION_TEXT_p4,ssh_version_text:8eb660897d,Security_Inventory,L1,p4 장비의 SSH 버전은 무엇입니까? [답변 형식: 정확한 값만],OK,text,"""2""",,"{""snapshot"": ""LabA_Research_Institute_DC_10nodes"", ""metric"": ""ssh_version_text"", ""scope"": {""type"": ""DEVICE"", ""host"": ""p4""}}",bd1a393,['p4.cfg']
SSH_VERSION_TEXT_p2,ssh_version_text:f84ad4329a,Security_Inventory,L1,p2 장비의 SSH 버전은 무엇입니까? [답변 형식: 정확한 값만],OK,text,"""2""",,"{""snapshot"": ""LabA_Research_Institute_DC_10nodes"", ""metric"": ""ssh_version_text"", ""scope"": {""type"": ""DEVICE"", ""host"": ""p2""}}",bd1a393,['p2.cfg']
SSH_VERSION_TEXT_p1,ssh_version_text:980d4425bd,Security_Inventory,L1,p1 장비의 SSH 버전은 무엇입니까? [답변 형식: 정확한 값만],OK,text,"""2""",,"{""snapshot"": ""LabA_Research_Institute_DC_10nodes"", ""metric"": ""ssh_version_text"", ""scope"": {""type"": ""DEVICE"", ""host"": ""p1""}}",bd1a393,['p1.cfg']
SSH_VERSION_TEXT_leaf4,ssh_version_text:45a2dbebe1,Security_Inventory,L1,leaf4 장비의 SSH 버전은 무엇입니까? [답변 형식: 정확한 값만],OK,text,"""2""",,"{""snapshot"": ""LabA_Research_Institute_DC_10nodes"", ""metric"": ""ssh_version_text"", ""scope"": {""type"": ""DEVICE"", ""host"": ""leaf4""}}",bd1a393,['leaf4.cfg']
SSH_VERSION_TEXT_leaf3,ssh_version_text:6a7c231d8b,Security_Inventory,L1,leaf3 장비의 SSH 버전은 무엇입니까? [답변 형식: 정확한 값만],OK,text,"""2""",,"{""snapshot"": ""LabA_Research_Institute_DC_10nodes"", ""metric"": ""ssh_version_text"", ""scope"": {""type"": ""DEVICE"", ""host"": ""leaf3""}}",bd1a393,['leaf3.cfg']
AAA_AUTHENTICATION_METHOD_leaf4,aaa_authentication_method:45a2dbebe1,Security_Inventory,L1,"leaf4 장비의 AAA 인증 방식은 무엇입니까? [답변 형식: local, tacacs+, radius 중 하나 또는 빈 값]",NOT_CONFIGURED,text,null,,"{""snapshot"": ""LabA_Research_Institute_DC_10nodes"", ""metric"": ""aaa_authentication_method"", ""scope"": {""type"": ""DEVICE"", ""host"": ""leaf4""}}",bd1a393,['leaf4.cfg']
AAA_AUTHENTICATION_METHOD_p1,aaa_authentication_method:980d4425bd,Security_Inventory,L1,"p1 장비의 AAA 인증 방식은 무엇입니까? [답변 형식: local, tacacs+, radius 중 하나 또는 빈 값]",NOT_CONFIGURED,text,null,,"{""snapshot"": ""LabA_Research_Institute_DC_10nodes"", ""metric"": ""aaa_authentication_method"", ""scope"": {""type"": ""DEVICE"", ""host"": ""p1""}}",bd1a393,['p1.cfg']
AAA_AUTHENTICATION_METHOD_pe2,aaa_authentication_method:3603999311,Security_Inventory,L1,"pe2 장비의 AAA 인증 방식은 무엇입니까? [답변 형식: local, tacacs+, radius 중 하나 또는 빈 값]",NOT_CONFIGURED,text,null,,"{""snapshot"": ""LabA_Research_Institute_DC_10nodes"", ""metric"": ""aaa_authentication_method"", ""scope"": {""type"": ""DEVICE"", ""host"": ""pe2""}}",bd1a393,['pe2.cfg']
AAA_AUTHENTICATION_METHOD_leaf2,aaa_authentication_method:6e35c43dba,Security_Inventory,L1,"leaf2 장비의 AAA 인증 방식은 무엇입니까? [답변 형식: local, tacacs+, radius 중 하나 또는 빈 값]",NOT_CONFIGURED,text,null,,"{""snapshot"": ""LabA_Research_Institute_DC_10nodes"", ""metric"": ""aaa_authentication_method"", ""scope"": {""type"": ""DEVICE"", ""host"": ""leaf2""}}",bd1a393,['leaf2.cfg']
AAA_AUTHENTICATION_METHOD_p2,aaa_authentication_method:f84ad4329a,Security_Inventory,L1,"p2 장비의 AAA 인증 방식은 무엇입니까? [답변 형식: local, tacacs+, radius 중 하나 또는 빈 값]",NOT_CONFIGURED,text,null,,"{""snapshot"": ""LabA_Research_Institute_DC_10nodes"", ""metric"": ""aaa_authentication_method"", ""scope"": {""type"": ""DEVICE"", ""host"": ""p2""}}",bd1a393,['p2.cfg']
AAA_AUTHENTICATION_METHOD_p3,aaa_authentication_method:40d255b5d8,Security_Inventory,L1,"p3 장비의 AAA 인증 방식은 무엇입니까? [답변 형식: local, tacacs+, radius 중 하나 또는 빈 값]",NOT_CONFIGURED,text,null,,"{""snapshot"": ""LabA_Research_Institute_DC_10nodes"", ""metric"": ""aaa_authentication_method"", ""scope"": {""type"": ""DEVICE"", ""host"": ""p3""}}",bd1a393,['p3.cfg']
AAA_AUTHENTICATION_METHOD_leaf1,aaa_authentication_method:f3e677391b,Security_Inventory,L1,"leaf1 장비의 AAA 인증 방식은 무엇입니까? [답변 형식: local, tacacs+, radius 중 하나 또는 빈 값]",NOT_CONFIGURED,text,null,,"{""snapshot"": ""LabA_Research_Institute_DC_10nodes"", ""metric"": ""aaa_authentication_method"", ""scope"": {""type"": ""DEVICE"", ""host"": ""leaf1""}}",bd1a393,['leaf1.cfg']
AAA_AUTHENTICATION_METHOD_p4,aaa_authentication_method:8eb660897d,Security_Inventory,L1,"p4 장비의 AAA 인증 방식은 무엇입니까? [답변 형식: local, tacacs+, radius 중 하나 또는 빈 값]",NOT_CONFIGURED,text,null,,"{""snapshot"": ""LabA_Research_Institute_DC_10nodes"", ""metric"": ""aaa_authentication_method"", ""scope"": {""type"": ""DEVICE"", ""host"": ""p4""}}",bd1a393,['p4.cfg']
AAA_AUTHENTICATION_METHOD_pe1,aaa_authentication_method:4f36bb8808,Security_Inventory,L1,"pe1 장비의 AAA 인증 방식은 무엇입니까? [답변 형식: local, tacacs+, radius 중 하나 또는 빈 값]",NOT_CONFIGURED,text,null,,"{""snapshot"": ""LabA_Research_Institute_DC_10nodes"", ""metric"": ""aaa_authentication_method"", ""scope"": {""type"": ""DEVICE"", ""host"": ""pe1""}}",bd1a393,['pe1.cfg']
AAA_AUTHENTICATION_METHOD_leaf3,aaa_authentication_method:6a7c231d8b,Security_Inventory,L1,"leaf3 장비의 AAA 인증 방식은 무엇입니까? [답변 형식: local, tacacs+, radius 중 하나 또는 빈 값]",NOT_CONFIGURED,text,null,,"{""snapshot"": ""LabA_Research_Institute_DC_10nodes"", ""metric"": ""aaa_authentication_method"", ""scope"": {""type"": ""DEVICE"", ""host"": ""leaf3""}}",bd1a393,['leaf3.cfg']
VTY_TRANSPORT_INPUT_TEXT_pe1,vty_transport_input_text:4f36bb8808,Security_Inventory,L1,pe1 장비의 VTY transport input 설정은 무엇입니까? [답변 형식: 설정값 또는 null],OK,text,"""ssh""",,"{""snapshot"": ""LabA_Research_Institute_DC_10nodes"", ""metric"": ""vty_transport_input_text"", ""scope"": {""type"": ""DEVICE"", ""host"": ""pe1""}}",bd1a393,['pe1.cfg']
VTY_TRANSPORT_INPUT_TEXT_leaf1,vty_transport_input_text:f3e677391b,Security_Inventory,L1,leaf1 장비의 VTY transport input 설정은 무엇입니까? [답변 형식: 설정값 또는 null],OK,text,"""ssh""",,"{""snapshot"": ""LabA_Research_Institute_DC_10nodes"", ""metric"": ""vty_transport_input_text"", ""scope"": {""type"": ""DEVICE"", ""host"": ""leaf1""}}",bd1a393,['leaf1.cfg']
VTY_TRANSPORT_INPUT_TEXT_p2,vty_transport_input_text:f84ad4329a,Security_Inventory,L1,p2 장비의 VTY transport input 설정은 무엇입니까? [답변 형식: 설정값 또는 null],OK,text,"""ssh""",,"{""snapshot"": ""LabA_Research_Institute_DC_10nodes"", ""metric"": ""vty_transport_input_text"", ""scope"": {""type"": ""DEVICE"", ""host"": ""p2""}}",bd1a393,['p2.cfg']
VTY_TRANSPORT_INPUT_TEXT_leaf3,vty_transport_input_text:6a7c231d8b,Security_Inventory,L1,leaf3 장비의 VTY transport input 설정은 무엇입니까? [답변 형식: 설정값 또는 null],OK,text,"""ssh""",,"{""snapshot"": ""LabA_Research_Institute_DC_10nodes"", ""metric"": ""vty_transport_input_text"", ""scope"": {""type"": ""DEVICE"", ""host"": ""leaf3""}}",bd1a393,['leaf3.cfg']
VTY_TRANSPORT_INPUT_TEXT_p4,vty_transport_input_text:8eb660897d,Security_Inventory,L1,p4 장비의 VTY transport input 설정은 무엇입니까? [답변 형식: 설정값 또는 null],OK,text,"""ssh""",,"{""snapshot"": ""LabA_Research_Institute_DC_10nodes"", ""metric"": ""vty_transport_input_text"", ""scope"": {""type"": ""DEVICE"", ""host"": ""p4""}}",bd1a393,['p4.cfg']
VTY_TRANSPORT_INPUT_TEXT_p1,vty_transport_input_text:980d4425bd,Security_Inventory,L1,p1 장비의 VTY transport input 설정은 무엇입니까? [답변 형식: 설정값 또는 null],OK,text,"""ssh""",,"{""snapshot"": ""LabA_Research_Institute_DC_10nodes"", ""metric"": ""vty_transport_input_text"", ""scope"": {""type"": ""DEVICE"", ""host"": ""p1""}}",bd1a393,['p1.cfg']
VTY_TRANSPORT_INPUT_TEXT_leaf4,vty_transport_input_text:45a2dbebe1,Security_Inventory,L1,leaf4 장비의 VTY transport input 설정은 무엇입니까? [답변 형식: 설정값 또는 null],OK,text,"""ssh""",,"{""snapshot"": ""LabA_Research_Institute_DC_10nodes"", ""metric"": ""vty_transport_input_text"", ""scope"": {""type"": ""DEVICE"", ""host"": ""leaf4""}}",bd1a393,['leaf4.cfg']
VTY_TRANSPORT_INPUT_TEXT_pe2,vty_transport_input_text:3603999311,Security_Inventory,L1,pe2 장비의 VTY transport input 설정은 무엇입니까? [답변 형식: 설정값 또는 null],OK,text,"""ssh""",,"{""snapshot"": ""LabA_Research_Institute_DC_10nodes"", ""metric"": ""vty_transport_input_text"", ""scope"": {""type"": ""DEVICE"", ""host"": ""pe2""}}",bd1a393,['pe2.cfg']
VTY_TRANSPORT_INPUT_TEXT_leaf2,vty_transport_input_text:6e35c43dba,Security_Inventory,L1,leaf2 장비의 VTY transport input 설정은 무엇입니까? [답변 형식: 설정값 또는 null],OK,text,"""ssh""",,"{""snapshot"": ""LabA_Research_Institute_DC_10nodes"", ""metric"": ""vty_transport_input_text"", ""scope"": {""type"": ""DEVICE"", ""host"": ""leaf2""}}",bd1a393,['leaf2.cfg']
VTY_TRANSPORT_INPUT_TEXT_p3,vty_transport_input_text:40d255b5d8,Security_Inventory,L1,p3 장비의 VTY transport input 설정은 무엇입니까? [답변 형식: 설정값 또는 null],OK,text,"""ssh""",,"{""snapshot"": ""LabA_Research_Institute_DC_10nodes"", ""metric"": ""vty_transport_input_text"", ""scope"": {""type"": ""DEVICE"", ""host"": ""p3""}}",bd1a393,['p3.cfg']
VTY_LOGIN_MODE_TEXT_leaf4,vty_login_mode_text:45a2dbebe1,Security_Inventory,L1,leaf4 장비의 VTY line 로그인 방식은 무엇입니까? [답변 형식: 설정값 또는 null],OK,text,"""local""",,"{""snapshot"": ""LabA_Research_Institute_DC_10nodes"", ""metric"": ""vty_login_mode_text"", ""scope"": {""type"": ""DEVICE"", ""host"": ""leaf4""}}",bd1a393,['leaf4.cfg']
VTY_LOGIN_MODE_TEXT_p4,vty_login_mode_text:8eb660897d,Security_Inventory,L1,p4 장비의 VTY line 로그인 방식은 무엇입니까? [답변 형식: 설정값 또는 null],OK,text,"""local""",,"{""snapshot"": ""LabA_Research_Institute_DC_10nodes"", ""metric"": ""vty_login_mode_text"", ""scope"": {""type"": ""DEVICE"", ""host"": ""p4""}}",bd1a393,['p4.cfg']
VTY_LOGIN_MODE_TEXT_pe2,vty_login_mode_text:3603999311,Security_Inventory,L1,pe2 장비의 VTY line 로그인 방식은 무엇입니까? [답변 형식: 설정값 또는 null],OK,text,"""local""",,"{""snapshot"": ""LabA_Research_Institute_DC_10nodes"", ""metric"": ""vty_login_mode_text"", ""scope"": {""type"": ""DEVICE"", ""host"": ""pe2""}}",bd1a393,['pe2.cfg']
VTY_LOGIN_MODE_TEXT_leaf1,vty_login_mode_text:f3e677391b,Security_Inventory,L1,leaf1 장비의 VTY line 로그인 방식은 무엇입니까? [답변 형식: 설정값 또는 null],OK,text,"""local""",,"{""snapshot"": ""LabA_Research_Institute_DC_10nodes"", ""metric"": ""vty_login_mode_text"", ""scope"": {""type"": ""DEVICE"", ""host"": ""leaf1""}}",bd1a393,['leaf1.cfg']
VTY_LOGIN_MODE_TEXT_leaf3,vty_login_mode_text:6a7c231d8b,Security_Inventory,L1,leaf3 장비의 VTY line 로그인 방식은 무엇입니까? [답변 형식: 설정값 또는 null],OK,text,"""local""",,"{""snapshot"": ""LabA_Research_Institute_DC_10nodes"", ""metric"": ""vty_login_mode_text"", ""scope"": {""type"": ""DEVICE"", ""host"": ""leaf3""}}",bd1a393,['leaf3.cfg']
VTY_LOGIN_MODE_TEXT_p2,vty_login_mode_text:f84ad4329a,Security_Inventory,L1,p2 장비의 VTY line 로그인 방식은 무엇입니까? [답변 형식: 설정값 또는 null],OK,text,"""local""",,"{""snapshot"": ""LabA_Research_Institute_DC_10nodes"", ""metric"": ""vty_login_mode_text"", ""scope"": {""type"": ""DEVICE"", ""host"": ""p2""}}",bd1a393,['p2.cfg']
VTY_LOGIN_MODE_TEXT_p3,vty_login_mode_text:40d255b5d8,Security_Inventory,L1,p3 장비의 VTY line 로그인 방식은 무엇입니까? [답변 형식: 설정값 또는 null],OK,text,"""local""",,"{""snapshot"": ""LabA_Research_Institute_DC_10nodes"", ""metric"": ""vty_login_mode_text"", ""scope"": {""type"": ""DEVICE"", ""host"": ""p3""}}",bd1a393,['p3.cfg']
VTY_LOGIN_MODE_TEXT_p1,vty_login_mode_text:980d4425bd,Security_Inventory,L1,p1 장비의 VTY line 로그인 방식은 무엇입니까? [답변 형식: 설정값 또는 null],OK,text,"""local""",,"{""snapshot"": ""LabA_Research_Institute_DC_10nodes"", ""metric"": ""vty_login_mode_text"", ""scope"": {""type"": ""DEVICE"", ""host"": ""p1""}}",bd1a393,['p1.cfg']
VTY_LOGIN_MODE_TEXT_pe1,vty_login_mode_text:4f36bb8808,Security_Inventory,L1,pe1 장비의 VTY line 로그인 방식은 무엇입니까? [답변 형식: 설정값 또는 null],OK,text,"""local""",,"{""snapshot"": ""LabA_Research_Institute_DC_10nodes"", ""metric"": ""vty_login_mode_text"", ""scope"": {""type"": ""DEVICE"", ""host"": ""pe1""}}",bd1a393,['pe1.cfg']
VTY_LOGIN_MODE_TEXT_leaf2,vty_login_mode_text:6e35c43dba,Security_Inventory,L1,leaf2 장비의 VTY line 로그인 방식은 무엇입니까? [답변 형식: 설정값 또는 null],OK,text,"""local""",,"{""snapshot"": ""LabA_Research_Institute_DC_10nodes"", ""metric"": ""vty_login_mode_text"", ""scope"": {""type"": ""DEVICE"", ""host"": ""leaf2""}}",bd1a393,['leaf2.cfg']
INTERFACE_COUNT_leaf4,interface_count:45a2dbebe1,Interface_Inventory,L1,leaf4 장비에 설정된 네트워크 인터페이스는 총 몇 개입니까? [답변 형식: 숫자],OK,number,4,,"{""snapshot"": ""LabA_Research_Institute_DC_10nodes"", ""metric"": ""interface_count"", ""scope"": {""type"": ""DEVICE"", ""host"": ""leaf4""}}",bd1a393,['leaf4.cfg']
INTERFACE_COUNT_pe1,interface_count:4f36bb8808,Interface_Inventory,L1,pe1 장비에 설정된 네트워크 인터페이스는 총 몇 개입니까? [답변 형식: 숫자],OK,number,5,,"{""snapshot"": ""LabA_Research_Institute_DC_10nodes"", ""metric"": ""interface_count"", ""scope"": {""type"": ""DEVICE"", ""host"": ""pe1""}}",bd1a393,['pe1.cfg']
INTERFACE_COUNT_p1,interface_count:980d4425bd,Interface_Inventory,L1,p1 장비에 설정된 네트워크 인터페이스는 총 몇 개입니까? [답변 형식: 숫자],OK,number,5,,"{""snapshot"": ""LabA_Research_Institute_DC_10nodes"", ""metric"": ""interface_count"", ""scope"": {""type"": ""DEVICE"", ""host"": ""p1""}}",bd1a393,['p1.cfg']
INTERFACE_COUNT_leaf2,interface_count:6e35c43dba,Interface_Inventory,L1,leaf2 장비에 설정된 네트워크 인터페이스는 총 몇 개입니까? [답변 형식: 숫자],OK,number,4,,"{""snapshot"": ""LabA_Research_Institute_DC_10nodes"", ""metric"": ""interface_count"", ""scope"": {""type"": ""DEVICE"", ""host"": ""leaf2""}}",bd1a393,['leaf2.cfg']
INTERFACE_COUNT_pe2,interface_count:3603999311,Interface_Inventory,L1,pe2 장비에 설정된 네트워크 인터페이스는 총 몇 개입니까? [답변 형식: 숫자],OK,number,5,,"{""snapshot"": ""LabA_Research_Institute_DC_10nodes"", ""metric"": ""interface_count"", ""scope"": {""type"": ""DEVICE"", ""host"": ""pe2""}}",bd1a393,['pe2.cfg']
INTERFACE_COUNT_p3,interface_count:40d255b5d8,Interface_Inventory,L1,p3 장비에 설정된 네트워크 인터페이스는 총 몇 개입니까? [답변 형식: 숫자],OK,number,5,,"{""snapshot"": ""LabA_Research_Institute_DC_10nodes"", ""metric"": ""interface_count"", ""scope"": {""type"": ""DEVICE"", ""host"": ""p3""}}",bd1a393,['p3.cfg']
INTERFACE_COUNT_p2,interface_count:f84ad4329a,Interface_Inventory,L1,p2 장비에 설정된 네트워크 인터페이스는 총 몇 개입니까? [답변 형식: 숫자],OK,number,5,,"{""snapshot"": ""LabA_Research_Institute_DC_10nodes"", ""metric"": ""interface_count"", ""scope"": {""type"": ""DEVICE"", ""host"": ""p2""}}",bd1a393,['p2.cfg']
INTERFACE_COUNT_leaf1,interface_count:f3e677391b,Interface_Inventory,L1,leaf1 장비에 설정된 네트워크 인터페이스는 총 몇 개입니까? [답변 형식: 숫자],OK,number,4,,"{""snapshot"": ""LabA_Research_Institute_DC_10nodes"", ""metric"": ""interface_count"", ""scope"": {""type"": ""DEVICE"", ""host"": ""leaf1""}}",bd1a393,['leaf1.cfg']
INTERFACE_COUNT_p4,interface_count:8eb660897d,Interface_Inventory,L1,p4 장비에 설정된 네트워크 인터페이스는 총 몇 개입니까? [답변 형식: 숫자],OK,number,5,,"{""snapshot"": ""LabA_Research_Institute_DC_10nodes"", ""metric"": ""interface_count"", ""scope"": {""type"": ""DEVICE"", ""host"": ""p4""}}",bd1a393,['p4.cfg']
INTERFACE_COUNT_leaf3,interface_count:6a7c231d8b,Interface_Inventory,L1,leaf3 장비에 설정된 네트워크 인터페이스는 총 몇 개입니까? [답변 형식: 숫자],OK,number,4,,"{""snapshot"": ""LabA_Research_Institute_DC_10nodes"", ""metric"": ""interface_count"", ""scope"": {""type"": ""DEVICE"", ""host"": ""leaf3""}}",bd1a393,['leaf3.cfg']
INTERFACE_IP_MAP_p4,interface_ip_map:8eb660897d,Interface_Inventory,L1,p4 장비의 각 인터페이스에 할당된 IP 주소를 알려주세요. [답변 형식: {{'인터페이스': 'IP'}}],OK,map,"{""GigabitEthernet0/0"": ""10.0.0.5/31"", ""GigabitEthernet0/1"": ""10.0.0.6/31"", ""GigabitEthernet0/2"": ""10.10.10.14/24"", ""GigabitEthernet0/3"": """", ""Loopback0"": ""10.255.0.4/32""}",,"{""snapshot"": ""LabA_Research_Institute_DC_10nodes"", ""metric"": ""interface_ip_map"", ""scope"": {""type"": ""DEVICE"", ""host"": ""p4""}}",bd1a393,['p4.cfg']
INTERFACE_IP_MAP_pe2,interface_ip_map:3603999311,Interface_Inventory,L1,pe2 장비의 각 인터페이스에 할당된 IP 주소를 알려주세요. [답변 형식: {{'인터페이스': 'IP'}}],OK,map,"{""GigabitEthernet0/0"": ""10.0.1.3/31"", ""GigabitEthernet0/1"": ""172.16.3.1/24"", ""GigabitEthernet0/2"": ""172.16.4.1/24"", ""GigabitEthernet0/3"": ""10.10.10.22/24"", ""Loopback0"": ""10.255.0.12/32""}",,"{""snapshot"": ""LabA_Research_Institute_DC_10nodes"", ""metric"": ""interface_ip_map"", ""scope"": {""type"": ""DEVICE"", ""host"": ""pe2""}}",bd1a393,['pe2.cfg']
INTERFACE_IP_MAP_p2,interface_ip_map:f84ad4329a,Interface_Inventory,L1,p2 장비의 각 인터페이스에 할당된 IP 주소를 알려주세요. [답변 형식: {{'인터페이스': 'IP'}}],OK,map,"{""GigabitEthernet0/0"": ""10.0.0.1/31"", ""GigabitEthernet0/1"": ""10.0.0.2/31"", ""GigabitEthernet0/2"": ""10.0.1.0/31"", ""GigabitEthernet0/3"": ""10.10.10.12/24"", ""Loopback0"": ""10.255.0.2/32""}",,"{""snapshot"": ""LabA_Research_Institute_DC_10nodes"", ""metric"": ""interface_ip_map"", ""scope"": {""type"": ""DEVICE"", ""host"": ""p2""}}",bd1a393,['p2.cfg']
INTERFACE_IP_MAP_leaf1,interface_ip_map:f3e677391b,Interface_Inventory,L1,leaf1 장비의 각 인터페이스에 할당된 IP 주소를 알려주세요. [답변 형식: {{'인터페이스': 'IP'}}],OK,map,"{""GigabitEthernet0/0"": ""172.16.1.2/24"", ""GigabitEthernet0/1"": ""192.168.100.1/24"", ""GigabitEthernet0/2"": ""10.10.1.1/24"", ""GigabitEthernet0/3"": ""10.10.10.31/24""}",,"{""snapshot"": ""LabA_Research_Institute_DC_10nodes"", ""metric"": ""interface_ip_map"", ""scope"": {""type"": ""DEVICE"", ""host"": ""leaf1""}}",bd1a393,['leaf1.cfg']
INTERFACE_IP_MAP_p3,interface_ip_map:40d255b5d8,Interface_Inventory,L1,p3 장비의 각 인터페이스에 할당된 IP 주소를 알려주세요. [답변 형식: {{'인터페이스': 'IP'}}],OK,map,"{""GigabitEthernet0/0"": ""10.0.0.3/31"", ""GigabitEthernet0/1"": ""10.0.0.4/31"", ""GigabitEthernet0/2"": ""10.0.1.2/31"", ""GigabitEthernet0/3"": ""10.10.10.13/24"", ""Loopback0"": ""10.255.0.3/32""}",,"{""snapshot"": ""LabA_Research_Institute_DC_10nodes"", ""metric"": ""interface_ip_map"", ""scope"": {""type"": ""DEVICE"", ""host"": ""p3""}}",bd1a393,['p3.cfg']
INTERFACE_IP_MAP_leaf3,interface_ip_map:6a7c231d8b,Interface_Inventory,L1,leaf3 장비의 각 인터페이스에 할당된 IP 주소를 알려주세요. [답변 형식: {{'인터페이스': 'IP'}}],OK,map,"{""GigabitEthernet0/0"": ""172.16.3.2/24"", ""GigabitEthernet0/1"": """", ""GigabitEthernet0/2"": ""10.10.10.33/24"", ""GigabitEthernet0/3"": """"}",,"{""snapshot"": ""LabA_Research_Institute_DC_10nodes"", ""metric"": ""interface_ip_map"", ""scope"": {""type"": ""DEVICE"", ""host"": ""leaf3""}}",bd1a393,['leaf3.cfg']
INTERFACE_IP_MAP_leaf2,interface_ip_map:6e35c43dba,Interface_Inventory,L1,leaf2 장비의 각 인터페이스에 할당된 IP 주소를 알려주세요. [답변 형식: {{'인터페이스': 'IP'}}],OK,map,"{""GigabitEthernet0/0"": ""172.16.2.2/24"", ""GigabitEthernet0/1"": """", ""GigabitEthernet0/2"": ""10.10.2.1/24"", ""GigabitEthernet0/3"": ""10.10.10.32/24""}",,"{""snapshot"": ""LabA_Research_Institute_DC_10nodes"", ""metric"": ""interface_ip_map"", ""scope"": {""type"": ""DEVICE"", ""host"": ""leaf2""}}",bd1a393,['leaf2.cfg']
INTERFACE_IP_MAP_leaf4,interface_ip_map:45a2dbebe1,Interface_Inventory,L1,leaf4 장비의 각 인터페이스에 할당된 IP 주소를 알려주세요. [답변 형식: {{'인터페이스': 'IP'}}],OK,map,"{""GigabitEthernet0/0"": ""172.16.4.2/24"", ""GigabitEthernet0/1"": """", ""GigabitEthernet0/2"": ""10.10.10.34/24"", ""GigabitEthernet0/3"": """"}",,"{""snapshot"": ""LabA_Research_Institute_DC_10nodes"", ""metric"": ""interface_ip_map"", ""scope"": {""type"": ""DEVICE"", ""host"": ""leaf4""}}",bd1a393,['leaf4.cfg']
INTERFACE_IP_MAP_pe1,interface_ip_map:4f36bb8808,Interface_Inventory,L1,pe1 장비의 각 인터페이스에 할당된 IP 주소를 알려주세요. [답변 형식: {{'인터페이스': 'IP'}}],OK,map,"{""GigabitEthernet0/0"": ""10.0.1.1/31"", ""GigabitEthernet0/1"": ""172.16.1.1/24"", ""GigabitEthernet0/2"": ""172.16.2.1/24"", ""GigabitEthernet0/3"": ""10.10.10.21/24"", ""Loopback0"": ""10.255.0.11/32""}",,"{""snapshot"": ""LabA_Research_Institute_DC_10nodes"", ""metric"": ""interface_ip_map"", ""scope"": {""type"": ""DEVICE"", ""host"": ""pe1""}}",bd1a393,['pe1.cfg']
INTERFACE_IP_MAP_p1,interface_ip_map:980d4425bd,Interface_Inventory,L1,p1 장비의 각 인터페이스에 할당된 IP 주소를 알려주세요. [답변 형식: {{'인터페이스': 'IP'}}],OK,map,"{""GigabitEthernet0/0"": ""10.0.0.0/31"", ""GigabitEthernet0/1"": ""10.0.0.7/31"", ""GigabitEthernet0/2"": ""10.10.10.11/24"", ""GigabitEthernet0/3"": """", ""Loopback0"": ""10.255.0.1/32""}",,"{""snapshot"": ""LabA_Research_Institute_DC_10nodes"", ""metric"": ""interface_ip_map"", ""scope"": {""type"": ""DEVICE"", ""host"": ""p1""}}",bd1a393,['p1.cfg']
SUBINTERFACE_COUNT_p1,subinterface_count:980d4425bd,Interface_Inventory,L1,p1 장비에 설정된 서브인터페이스는 총 몇 개입니까? [답변 형식: 숫자],NOT_CONFIGURED,number,0,,"{""snapshot"": ""LabA_Research_Institute_DC_10nodes"", ""metric"": ""subinterface_count"", ""scope"": {""type"": ""DEVICE"", ""host"": ""p1""}}",bd1a393,['p1.cfg']
SUBINTERFACE_COUNT_p2,subinterface_count:f84ad4329a,Interface_Inventory,L1,p2 장비에 설정된 서브인터페이스는 총 몇 개입니까? [답변 형식: 숫자],NOT_CONFIGURED,number,0,,"{""snapshot"": ""LabA_Research_Institute_DC_10nodes"", ""metric"": ""subinterface_count"", ""scope"": {""type"": ""DEVICE"", ""host"": ""p2""}}",bd1a393,['p2.cfg']
SUBINTERFACE_COUNT_leaf4,subinterface_count:45a2dbebe1,Interface_Inventory,L1,leaf4 장비에 설정된 서브인터페이스는 총 몇 개입니까? [답변 형식: 숫자],NOT_CONFIGURED,number,0,,"{""snapshot"": ""LabA_Research_Institute_DC_10nodes"", ""metric"": ""subinterface_count"", ""scope"": {""type"": ""DEVICE"", ""host"": ""leaf4""}}",bd1a393,['leaf4.cfg']
SUBINTERFACE_COUNT_pe1,subinterface_count:4f36bb8808,Interface_Inventory,L1,pe1 장비에 설정된 서브인터페이스는 총 몇 개입니까? [답변 형식: 숫자],NOT_CONFIGURED,number,0,,"{""snapshot"": ""LabA_Research_Institute_DC_10nodes"", ""metric"": ""subinterface_count"", ""scope"": {""type"": ""DEVICE"", ""host"": ""pe1""}}",bd1a393,['pe1.cfg']
SUBINTERFACE_COUNT_pe2,subinterface_count:3603999311,Interface_Inventory,L1,pe2 장비에 설정된 서브인터페이스는 총 몇 개입니까? [답변 형식: 숫자],NOT_CONFIGURED,number,0,,"{""snapshot"": ""LabA_Research_Institute_DC_10nodes"", ""metric"": ""subinterface_count"", ""scope"": {""type"": ""DEVICE"", ""host"": ""pe2""}}",bd1a393,['pe2.cfg']
SUBINTERFACE_COUNT_p3,subinterface_count:40d255b5d8,Interface_Inventory,L1,p3 장비에 설정된 서브인터페이스는 총 몇 개입니까? [답변 형식: 숫자],NOT_CONFIGURED,number,0,,"{""snapshot"": ""LabA_Research_Institute_DC_10nodes"", ""metric"": ""subinterface_count"", ""scope"": {""type"": ""DEVICE"", ""host"": ""p3""}}",bd1a393,['p3.cfg']
SUBINTERFACE_COUNT_leaf3,subinterface_count:6a7c231d8b,Interface_Inventory,L1,leaf3 장비에 설정된 서브인터페이스는 총 몇 개입니까? [답변 형식: 숫자],NOT_CONFIGURED,number,0,,"{""snapshot"": ""LabA_Research_Institute_DC_10nodes"", ""metric"": ""subinterface_count"", ""scope"": {""type"": ""DEVICE"", ""host"": ""leaf3""}}",bd1a393,['leaf3.cfg']
SUBINTERFACE_COUNT_leaf2,subinterface_count:6e35c43dba,Interface_Inventory,L1,leaf2 장비에 설정된 서브인터페이스는 총 몇 개입니까? [답변 형식: 숫자],NOT_CONFIGURED,number,0,,"{""snapshot"": ""LabA_Research_Institute_DC_10nodes"", ""metric"": ""subinterface_count"", ""scope"": {""type"": ""DEVICE"", ""host"": ""leaf2""}}",bd1a393,['leaf2.cfg']
SUBINTERFACE_COUNT_leaf1,subinterface_count:f3e677391b,Interface_Inventory,L1,leaf1 장비에 설정된 서브인터페이스는 총 몇 개입니까? [답변 형식: 숫자],NOT_CONFIGURED,number,0,,"{""snapshot"": ""LabA_Research_Institute_DC_10nodes"", ""metric"": ""subinterface_count"", ""scope"": {""type"": ""DEVICE"", ""host"": ""leaf1""}}",bd1a393,['leaf1.cfg']
SUBINTERFACE_COUNT_p4,subinterface_count:8eb660897d,Interface_Inventory,L1,p4 장비에 설정된 서브인터페이스는 총 몇 개입니까? [답변 형식: 숫자],NOT_CONFIGURED,number,0,,"{""snapshot"": ""LabA_Research_Institute_DC_10nodes"", ""metric"": ""subinterface_count"", ""scope"": {""type"": ""DEVICE"", ""host"": ""p4""}}",bd1a393,['p4.cfg']
VRF_BIND_MAP_leaf1,vrf_bind_map:f3e677391b,Interface_Inventory,L1,leaf1 장비의 각 인터페이스별 VRF 바인딩 현황을 알려주세요. [답변 형식: {{'인터페이스': 'VRF'}}],OK,map,"{""GigabitEthernet0/0"": ""default"", ""GigabitEthernet0/1"": ""default"", ""GigabitEthernet0/2"": ""default"", ""GigabitEthernet0/3"": ""default""}",,"{""snapshot"": ""LabA_Research_Institute_DC_10nodes"", ""metric"": ""vrf_bind_map"", ""scope"": {""type"": ""DEVICE"", ""host"": ""leaf1""}}",bd1a393,['leaf1.cfg']
VRF_BIND_MAP_leaf4,vrf_bind_map:45a2dbebe1,Interface_Inventory,L1,leaf4 장비의 각 인터페이스별 VRF 바인딩 현황을 알려주세요. [답변 형식: {{'인터페이스': 'VRF'}}],OK,map,"{""GigabitEthernet0/0"": ""default"", ""GigabitEthernet0/1"": ""default"", ""GigabitEthernet0/2"": ""default"", ""GigabitEthernet0/3"": ""default""}",,"{""snapshot"": ""LabA_Research_Institute_DC_10nodes"", ""metric"": ""vrf_bind_map"", ""scope"": {""type"": ""DEVICE"", ""host"": ""leaf4""}}",bd1a393,['leaf4.cfg']
VRF_BIND_MAP_leaf3,vrf_bind_map:6a7c231d8b,Interface_Inventory,L1,leaf3 장비의 각 인터페이스별 VRF 바인딩 현황을 알려주세요. [답변 형식: {{'인터페이스': 'VRF'}}],OK,map,"{""GigabitEthernet0/0"": ""default"", ""GigabitEthernet0/1"": ""default"", ""GigabitEthernet0/2"": ""default"", ""GigabitEthernet0/3"": ""default""}",,"{""snapshot"": ""LabA_Research_Institute_DC_10nodes"", ""metric"": ""vrf_bind_map"", ""scope"": {""type"": ""DEVICE"", ""host"": ""leaf3""}}",bd1a393,['leaf3.cfg']
VRF_BIND_MAP_p2,vrf_bind_map:f84ad4329a,Interface_Inventory,L1,p2 장비의 각 인터페이스별 VRF 바인딩 현황을 알려주세요. [답변 형식: {{'인터페이스': 'VRF'}}],OK,map,"{""GigabitEthernet0/0"": ""default"", ""GigabitEthernet0/1"": ""default"", ""GigabitEthernet0/2"": ""default"", ""GigabitEthernet0/3"": ""default"", ""Loopback0"": ""default""}",,"{""snapshot"": ""LabA_Research_Institute_DC_10nodes"", ""metric"": ""vrf_bind_map"", ""scope"": {""type"": ""DEVICE"", ""host"": ""p2""}}",bd1a393,['p2.cfg']
VRF_BIND_MAP_pe1,vrf_bind_map:4f36bb8808,Interface_Inventory,L1,pe1 장비의 각 인터페이스별 VRF 바인딩 현황을 알려주세요. [답변 형식: {{'인터페이스': 'VRF'}}],OK,map,"{""GigabitEthernet0/0"": ""default"", ""GigabitEthernet0/1"": ""VRF_AI"", ""GigabitEthernet0/2"": ""VRF_BIO"", ""GigabitEthernet0/3"": ""default"", ""Loopback0"": ""default""}",,"{""snapshot"": ""LabA_Research_Institute_DC_10nodes"", ""metric"": ""vrf_bind_map"", ""scope"": {""type"": ""DEVICE"", ""host"": ""pe1""}}",bd1a393,['pe1.cfg']
VRF_BIND_MAP_p1,vrf_bind_map:980d4425bd,Interface_Inventory,L1,p1 장비의 각 인터페이스별 VRF 바인딩 현황을 알려주세요. [답변 형식: {{'인터페이스': 'VRF'}}],OK,map,"{""GigabitEthernet0/0"": ""default"", ""GigabitEthernet0/1"": ""default"", ""GigabitEthernet0/2"": ""default"", ""GigabitEthernet0/3"": ""default"", ""Loopback0"": ""default""}",,"{""snapshot"": ""LabA_Research_Institute_DC_10nodes"", ""metric"": ""vrf_bind_map"", ""scope"": {""type"": ""DEVICE"", ""host"": ""p1""}}",bd1a393,['p1.cfg']
VRF_BIND_MAP_p3,vrf_bind_map:40d255b5d8,Interface_Inventory,L1,p3 장비의 각 인터페이스별 VRF 바인딩 현황을 알려주세요. [답변 형식: {{'인터페이스': 'VRF'}}],OK,map,"{""GigabitEthernet0/0"": ""default"", ""GigabitEthernet0/1"": ""default"", ""GigabitEthernet0/2"": ""default"", ""GigabitEthernet0/3"": ""default"", ""Loopback0"": ""default""}",,"{""snapshot"": ""LabA_Research_Institute_DC_10nodes"", ""metric"": ""vrf_bind_map"", ""scope"": {""type"": ""DEVICE"", ""host"": ""p3""}}",bd1a393,['p3.cfg']
VRF_BIND_MAP_pe2,vrf_bind_map:3603999311,Interface_Inventory,L1,pe2 장비의 각 인터페이스별 VRF 바인딩 현황을 알려주세요. [답변 형식: {{'인터페이스': 'VRF'}}],OK,map,"{""GigabitEthernet0/0"": ""default"", ""GigabitEthernet0/1"": ""VRF_HPC"", ""GigabitEthernet0/2"": ""VRF_AI"", ""GigabitEthernet0/3"": ""default"", ""Loopback0"": ""default""}",,"{""snapshot"": ""LabA_Research_Institute_DC_10nodes"", ""metric"": ""vrf_bind_map"", ""scope"": {""type"": ""DEVICE"", ""host"": ""pe2""}}",bd1a393,['pe2.cfg']
VRF_BIND_MAP_p4,vrf_bind_map:8eb660897d,Interface_Inventory,L1,p4 장비의 각 인터페이스별 VRF 바인딩 현황을 알려주세요. [답변 형식: {{'인터페이스': 'VRF'}}],OK,map,"{""GigabitEthernet0/0"": ""default"", ""GigabitEthernet0/1"": ""default"", ""GigabitEthernet0/2"": ""default"", ""GigabitEthernet0/3"": ""default"", ""Loopback0"": ""default""}",,"{""snapshot"": ""LabA_Research_Institute_DC_10nodes"", ""metric"": ""vrf_bind_map"", ""scope"": {""type"": ""DEVICE"", ""host"": ""p4""}}",bd1a393,['p4.cfg']
VRF_BIND_MAP_leaf2,vrf_bind_map:6e35c43dba,Interface_Inventory,L1,leaf2 장비의 각 인터페이스별 VRF 바인딩 현황을 알려주세요. [답변 형식: {{'인터페이스': 'VRF'}}],OK,map,"{""GigabitEthernet0/0"": ""default"", ""GigabitEthernet0/1"": ""default"", ""GigabitEthernet0/2"": ""default"", ""GigabitEthernet0/3"": ""default""}",,"{""snapshot"": ""LabA_Research_Institute_DC_10nodes"", ""metric"": ""vrf_bind_map"", ""scope"": {""type"": ""DEVICE"", ""host"": ""leaf2""}}",bd1a393,['leaf2.cfg']
BGP_LOCAL_AS_NUMERIC_p2,bgp_local_as_numeric:f84ad4329a,Routing_Inventory,L1,p2 장비의 BGP Local-AS 번호는 무엇입니까? [답변 형식: 숫자],NOT_CONFIGURED,number,0,,"{""snapshot"": ""LabA_Research_Institute_DC_10nodes"", ""metric"": ""bgp_local_as_numeric"", ""scope"": {""type"": ""DEVICE"", ""host"": ""p2""}}",bd1a393,['p2.cfg']
BGP_LOCAL_AS_NUMERIC_leaf1,bgp_local_as_numeric:f3e677391b,Routing_Inventory,L1,leaf1 장비의 BGP Local-AS 번호는 무엇입니까? [답변 형식: 숫자],NOT_CONFIGURED,number,0,,"{""snapshot"": ""LabA_Research_Institute_DC_10nodes"", ""metric"": ""bgp_local_as_numeric"", ""scope"": {""type"": ""DEVICE"", ""host"": ""leaf1""}}",bd1a393,['leaf1.cfg']
BGP_LOCAL_AS_NUMERIC_pe2,bgp_local_as_numeric:3603999311,Routing_Inventory,L1,pe2 장비의 BGP Local-AS 번호는 무엇입니까? [답변 형식: 숫자],OK,number,65000,,"{""snapshot"": ""LabA_Research_Institute_DC_10nodes"", ""metric"": ""bgp_local_as_numeric"", ""scope"": {""type"": ""DEVICE"", ""host"": ""pe2""}}",bd1a393,['pe2.cfg']
BGP_LOCAL_AS_NUMERIC_leaf2,bgp_local_as_numeric:6e35c43dba,Routing_Inventory,L1,leaf2 장비의 BGP Local-AS 번호는 무엇입니까? [답변 형식: 숫자],NOT_CONFIGURED,number,0,,"{""snapshot"": ""LabA_Research_Institute_DC_10nodes"", ""metric"": ""bgp_local_as_numeric"", ""scope"": {""type"": ""DEVICE"", ""host"": ""leaf2""}}",bd1a393,['leaf2.cfg']
BGP_LOCAL_AS_NUMERIC_leaf4,bgp_local_as_numeric:45a2dbebe1,Routing_Inventory,L1,leaf4 장비의 BGP Local-AS 번호는 무엇입니까? [답변 형식: 숫자],NOT_CONFIGURED,number,0,,"{""snapshot"": ""LabA_Research_Institute_DC_10nodes"", ""metric"": ""bgp_local_as_numeric"", ""scope"": {""type"": ""DEVICE"", ""host"": ""leaf4""}}",bd1a393,['leaf4.cfg']
BGP_LOCAL_AS_NUMERIC_p3,bgp_local_as_numeric:40d255b5d8,Routing_Inventory,L1,p3 장비의 BGP Local-AS 번호는 무엇입니까? [답변 형식: 숫자],NOT_CONFIGURED,number,0,,"{""snapshot"": ""LabA_Research_Institute_DC_10nodes"", ""metric"": ""bgp_local_as_numeric"", ""scope"": {""type"": ""DEVICE"", ""host"": ""p3""}}",bd1a393,['p3.cfg']
BGP_LOCAL_AS_NUMERIC_p4,bgp_local_as_numeric:8eb660897d,Routing_Inventory,L1,p4 장비의 BGP Local-AS 번호는 무엇입니까? [답변 형식: 숫자],NOT_CONFIGURED,number,0,,"{""snapshot"": ""LabA_Research_Institute_DC_10nodes"", ""metric"": ""bgp_local_as_numeric"", ""scope"": {""type"": ""DEVICE"", ""host"": ""p4""}}",bd1a393,['p4.cfg']
BGP_LOCAL_AS_NUMERIC_p1,bgp_local_as_numeric:980d4425bd,Routing_Inventory,L1,p1 장비의 BGP Local-AS 번호는 무엇입니까? [답변 형식: 숫자],NOT_CONFIGURED,number,0,,"{""snapshot"": ""LabA_Research_Institute_DC_10nodes"", ""metric"": ""bgp_local_as_numeric"", ""scope"": {""type"": ""DEVICE"", ""host"": ""p1""}}",bd1a393,['p1.cfg']
BGP_LOCAL_AS_NUMERIC_leaf3,bgp_local_as_numeric:6a7c231d8b,Routing_Inventory,L1,leaf3 장비의 BGP Local-AS 번호는 무엇입니까? [답변 형식: 숫자],NOT_CONFIGURED,number,0,,"{""snapshot"": ""LabA_Research_Institute_DC_10nodes"", ""metric"": ""bgp_local_as_numeric"", ""scope"": {""type"": ""DEVICE"", ""host"": ""leaf3""}}",bd1a393,['leaf3.cfg']
BGP_LOCAL_AS_NUMERIC_pe1,bgp_local_as_numeric:4f36bb8808,Routing_Inventory,L1,pe1 장비의 BGP Local-AS 번호는 무엇입니까? [답변 형식: 숫자],OK,number,65000,,"{""snapshot"": ""LabA_Research_Institute_DC_10nodes"", ""metric"": ""bgp_local_as_numeric"", ""scope"": {""type"": ""DEVICE"", ""host"": ""pe1""}}",bd1a393,['pe1.cfg']
BGP_NEIGHBOR_COUNT_leaf2,bgp_neighbor_count:6e35c43dba,Routing_Inventory,L1,leaf2 장비의 BGP 피어(이웃)는 총 몇 개입니까? [답변 형식: 숫자],NOT_CONFIGURED,number,0,,"{""snapshot"": ""LabA_Research_Institute_DC_10nodes"", ""metric"": ""bgp_neighbor_count"", ""scope"": {""type"": ""DEVICE"", ""host"": ""leaf2""}}",bd1a393,['leaf2.cfg']
BGP_NEIGHBOR_COUNT_leaf3,bgp_neighbor_count:6a7c231d8b,Routing_Inventory,L1,leaf3 장비의 BGP 피어(이웃)는 총 몇 개입니까? [답변 형식: 숫자],NOT_CONFIGURED,number,0,,"{""snapshot"": ""LabA_Research_Institute_DC_10nodes"", ""metric"": ""bgp_neighbor_count"", ""scope"": {""type"": ""DEVICE"", ""host"": ""leaf3""}}",bd1a393,['leaf3.cfg']
BGP_NEIGHBOR_COUNT_p4,bgp_neighbor_count:8eb660897d,Routing_Inventory,L1,p4 장비의 BGP 피어(이웃)는 총 몇 개입니까? [답변 형식: 숫자],NOT_CONFIGURED,number,0,,"{""snapshot"": ""LabA_Research_Institute_DC_10nodes"", ""metric"": ""bgp_neighbor_count"", ""scope"": {""type"": ""DEVICE"", ""host"": ""p4""}}",bd1a393,['p4.cfg']
BGP_NEIGHBOR_COUNT_leaf1,bgp_neighbor_count:f3e677391b,Routing_Inventory,L1,leaf1 장비의 BGP 피어(이웃)는 총 몇 개입니까? [답변 형식: 숫자],NOT_CONFIGURED,number,0,,"{""snapshot"": ""LabA_Research_Institute_DC_10nodes"", ""metric"": ""bgp_neighbor_count"", ""scope"": {""type"": ""DEVICE"", ""host"": ""leaf1""}}",bd1a393,['leaf1.cfg']
BGP_NEIGHBOR_COUNT_pe1,bgp_neighbor_count:4f36bb8808,Routing_Inventory,L1,pe1 장비의 BGP 피어(이웃)는 총 몇 개입니까? [답변 형식: 숫자],OK,number,1,,"{""snapshot"": ""LabA_Research_Institute_DC_10nodes"", ""metric"": ""bgp_neighbor_count"", ""scope"": {""type"": ""DEVICE"", ""host"": ""pe1""}}",bd1a393,['pe1.cfg']
BGP_NEIGHBOR_COUNT_pe2,bgp_neighbor_count:3603999311,Routing_Inventory,L1,pe2 장비의 BGP 피어(이웃)는 총 몇 개입니까? [답변 형식: 숫자],OK,number,1,,"{""snapshot"": ""LabA_Research_Institute_DC_10nodes"", ""metric"": ""bgp_neighbor_count"", ""scope"": {""type"": ""DEVICE"", ""host"": ""pe2""}}",bd1a393,['pe2.cfg']
BGP_NEIGHBOR_COUNT_leaf4,bgp_neighbor_count:45a2dbebe1,Routing_Inventory,L1,leaf4 장비의 BGP 피어(이웃)는 총 몇 개입니까? [답변 형식: 숫자],NOT_CONFIGURED,number,0,,"{""snapshot"": ""LabA_Research_Institute_DC_10nodes"", ""metric"": ""bgp_neighbor_count"", ""scope"": {""type"": ""DEVICE"", ""host"": ""leaf4""}}",bd1a393,['leaf4.cfg']
BGP_NEIGHBOR_COUNT_p2,bgp_neighbor_count:f84ad4329a,Routing_Inventory,L1,p2 장비의 BGP 피어(이웃)는 총 몇 개입니까? [답변 형식: 숫자],NOT_CONFIGURED,number,0,,"{""snapshot"": ""LabA_Research_Institute_DC_10nodes"", ""metric"": ""bgp_neighbor_count"", ""scope"": {""type"": ""DEVICE"", ""host"": ""p2""}}",bd1a393,['p2.cfg']
BGP_NEIGHBOR_COUNT_p3,bgp_neighbor_count:40d255b5d8,Routing_Inventory,L1,p3 장비의 BGP 피어(이웃)는 총 몇 개입니까? [답변 형식: 숫자],NOT_CONFIGURED,number,0,,"{""snapshot"": ""LabA_Research_Institute_DC_10nodes"", ""metric"": ""bgp_neighbor_count"", ""scope"": {""type"": ""DEVICE"", ""host"": ""p3""}}",bd1a393,['p3.cfg']
BGP_NEIGHBOR_COUNT_p1,bgp_neighbor_count:980d4425bd,Routing_Inventory,L1,p1 장비의 BGP 피어(이웃)는 총 몇 개입니까? [답변 형식: 숫자],NOT_CONFIGURED,number,0,,"{""snapshot"": ""LabA_Research_Institute_DC_10nodes"", ""metric"": ""bgp_neighbor_count"", ""scope"": {""type"": ""DEVICE"", ""host"": ""p1""}}",bd1a393,['p1.cfg']
NEIGHBOR_LIST_IBGP_leaf4,neighbor_list_ibgp:45a2dbebe1,Routing_Inventory,L1,leaf4 장비와 iBGP로 연결된 피어들의 IP 주소 목록을 알려주세요. [답변 형식: 리스트],NOT_CONFIGURED,set,[],,"{""snapshot"": ""LabA_Research_Institute_DC_10nodes"", ""metric"": ""neighbor_list_ibgp"", ""scope"": {""type"": ""DEVICE"", ""host"": ""leaf4""}}",bd1a393,['leaf4.cfg']
NEIGHBOR_LIST_IBGP_leaf3,neighbor_list_ibgp:6a7c231d8b,Routing_Inventory,L1,leaf3 장비와 iBGP로 연결된 피어들의 IP 주소 목록을 알려주세요. [답변 형식: 리스트],NOT_CONFIGURED,set,[],,"{""snapshot"": ""LabA_Research_Institute_DC_10nodes"", ""metric"": ""neighbor_list_ibgp"", ""scope"": {""type"": ""DEVICE"", ""host"": ""leaf3""}}",bd1a393,['leaf3.cfg']
NEIGHBOR_LIST_IBGP_p4,neighbor_list_ibgp:8eb660897d,Routing_Inventory,L1,p4 장비와 iBGP로 연결된 피어들의 IP 주소 목록을 알려주세요. [답변 형식: 리스트],NOT_CONFIGURED,set,[],,"{""snapshot"": ""LabA_Research_Institute_DC_10nodes"", ""metric"": ""neighbor_list_ibgp"", ""scope"": {""type"": ""DEVICE"", ""host"": ""p4""}}",bd1a393,['p4.cfg']
NEIGHBOR_LIST_IBGP_pe1,neighbor_list_ibgp:4f36bb8808,Routing_Inventory,L1,pe1 장비와 iBGP로 연결된 피어들의 IP 주소 목록을 알려주세요. [답변 형식: 리스트],OK,set,"[""10.255.0.12""]",,"{""snapshot"": ""LabA_Research_Institute_DC_10nodes"", ""metric"": ""neighbor_list_ibgp"", ""scope"": {""type"": ""DEVICE"", ""host"": ""pe1""}}",bd1a393,"['pe1.cfg', 'pe2.cfg']"
NEIGHBOR_LIST_IBGP_pe2,neighbor_list_ibgp:3603999311,Routing_Inventory,L1,pe2 장비와 iBGP로 연결된 피어들의 IP 주소 목록을 알려주세요. [답변 형식: 리스트],OK,set,"[""10.255.0.11""]",,"{""snapshot"": ""LabA_Research_Institute_DC_10nodes"", ""metric"": ""neighbor_list_ibgp"", ""scope"": {""type"": ""DEVICE"", ""host"": ""pe2""}}",bd1a393,"['pe1.cfg', 'pe2.cfg']"
NEIGHBOR_LIST_IBGP_p3,neighbor_list_ibgp:40d255b5d8,Routing_Inventory,L1,p3 장비와 iBGP로 연결된 피어들의 IP 주소 목록을 알려주세요. [답변 형식: 리스트],NOT_CONFIGURED,set,[],,"{""snapshot"": ""LabA_Research_Institute_DC_10nodes"", ""metric"": ""neighbor_list_ibgp"", ""scope"": {""type"": ""DEVICE"", ""host"": ""p3""}}",bd1a393,['p3.cfg']
NEIGHBOR_LIST_IBGP_p1,neighbor_list_ibgp:980d4425bd,Routing_Inventory,L1,p1 장비와 iBGP로 연결된 피어들의 IP 주소 목록을 알려주세요. [답변 형식: 리스트],NOT_CONFIGURED,set,[],,"{""snapshot"": ""LabA_Research_Institute_DC_10nodes"", ""metric"": ""neighbor_list_ibgp"", ""scope"": {""type"": ""DEVICE"", ""host"": ""p1""}}",bd1a393,['p1.cfg']
NEIGHBOR_LIST_IBGP_leaf1,neighbor_list_ibgp:f3e677391b,Routing_Inventory,L1,leaf1 장비와 iBGP로 연결된 피어들의 IP 주소 목록을 알려주세요. [답변 형식: 리스트],NOT_CONFIGURED,set,[],,"{""snapshot"": ""LabA_Research_Institute_DC_10nodes"", ""metric"": ""neighbor_list_ibgp"", ""scope"": {""type"": ""DEVICE"", ""host"": ""leaf1""}}",bd1a393,['leaf1.cfg']
NEIGHBOR_LIST_IBGP_p2,neighbor_list_ibgp:f84ad4329a,Routing_Inventory,L1,p2 장비와 iBGP로 연결된 피어들의 IP 주소 목록을 알려주세요. [답변 형식: 리스트],NOT_CONFIGURED,set,[],,"{""snapshot"": ""LabA_Research_Institute_DC_10nodes"", ""metric"": ""neighbor_list_ibgp"", ""scope"": {""type"": ""DEVICE"", ""host"": ""p2""}}",bd1a393,['p2.cfg']
NEIGHBOR_LIST_IBGP_leaf2,neighbor_list_ibgp:6e35c43dba,Routing_Inventory,L1,leaf2 장비와 iBGP로 연결된 피어들의 IP 주소 목록을 알려주세요. [답변 형식: 리스트],NOT_CONFIGURED,set,[],,"{""snapshot"": ""LabA_Research_Institute_DC_10nodes"", ""metric"": ""neighbor_list_ibgp"", ""scope"": {""type"": ""DEVICE"", ""host"": ""leaf2""}}",bd1a393,['leaf2.cfg']
NEIGHBOR_LIST_EBGP_p1,neighbor_list_ebgp:980d4425bd,Routing_Inventory,L1,p1 장비와 eBGP로 연결된 피어들의 IP 주소 목록을 알려주세요. [답변 형식: 리스트],NOT_CONFIGURED,set,[],,"{""snapshot"": ""LabA_Research_Institute_DC_10nodes"", ""metric"": ""neighbor_list_ebgp"", ""scope"": {""type"": ""DEVICE"", ""host"": ""p1""}}",bd1a393,['p1.cfg']
NEIGHBOR_LIST_EBGP_p2,neighbor_list_ebgp:f84ad4329a,Routing_Inventory,L1,p2 장비와 eBGP로 연결된 피어들의 IP 주소 목록을 알려주세요. [답변 형식: 리스트],NOT_CONFIGURED,set,[],,"{""snapshot"": ""LabA_Research_Institute_DC_10nodes"", ""metric"": ""neighbor_list_ebgp"", ""scope"": {""type"": ""DEVICE"", ""host"": ""p2""}}",bd1a393,['p2.cfg']
NEIGHBOR_LIST_EBGP_pe1,neighbor_list_ebgp:4f36bb8808,Routing_Inventory,L1,pe1 장비와 eBGP로 연결된 피어들의 IP 주소 목록을 알려주세요. [답변 형식: 리스트],NOT_CONFIGURED,set,[],,"{""snapshot"": ""LabA_Research_Institute_DC_10nodes"", ""metric"": ""neighbor_list_ebgp"", ""scope"": {""type"": ""DEVICE"", ""host"": ""pe1""}}",bd1a393,['pe1.cfg']
NEIGHBOR_LIST_EBGP_p4,neighbor_list_ebgp:8eb660897d,Routing_Inventory,L1,p4 장비와 eBGP로 연결된 피어들의 IP 주소 목록을 알려주세요. [답변 형식: 리스트],NOT_CONFIGURED,set,[],,"{""snapshot"": ""LabA_Research_Institute_DC_10nodes"", ""metric"": ""neighbor_list_ebgp"", ""scope"": {""type"": ""DEVICE"", ""host"": ""p4""}}",bd1a393,['p4.cfg']
NEIGHBOR_LIST_EBGP_p3,neighbor_list_ebgp:40d255b5d8,Routing_Inventory,L1,p3 장비와 eBGP로 연결된 피어들의 IP 주소 목록을 알려주세요. [답변 형식: 리스트],NOT_CONFIGURED,set,[],,"{""snapshot"": ""LabA_Research_Institute_DC_10nodes"", ""metric"": ""neighbor_list_ebgp"", ""scope"": {""type"": ""DEVICE"", ""host"": ""p3""}}",bd1a393,['p3.cfg']
NEIGHBOR_LIST_EBGP_leaf3,neighbor_list_ebgp:6a7c231d8b,Routing_Inventory,L1,leaf3 장비와 eBGP로 연결된 피어들의 IP 주소 목록을 알려주세요. [답변 형식: 리스트],NOT_CONFIGURED,set,[],,"{""snapshot"": ""LabA_Research_Institute_DC_10nodes"", ""metric"": ""neighbor_list_ebgp"", ""scope"": {""type"": ""DEVICE"", ""host"": ""leaf3""}}",bd1a393,['leaf3.cfg']
NEIGHBOR_LIST_EBGP_pe2,neighbor_list_ebgp:3603999311,Routing_Inventory,L1,pe2 장비와 eBGP로 연결된 피어들의 IP 주소 목록을 알려주세요. [답변 형식: 리스트],NOT_CONFIGURED,set,[],,"{""snapshot"": ""LabA_Research_Institute_DC_10nodes"", ""metric"": ""neighbor_list_ebgp"", ""scope"": {""type"": ""DEVICE"", ""host"": ""pe2""}}",bd1a393,['pe2.cfg']
NEIGHBOR_LIST_EBGP_leaf2,neighbor_list_ebgp:6e35c43dba,Routing_Inventory,L1,leaf2 장비와 eBGP로 연결된 피어들의 IP 주소 목록을 알려주세요. [답변 형식: 리스트],NOT_CONFIGURED,set,[],,"{""snapshot"": ""LabA_Research_Institute_DC_10nodes"", ""metric"": ""neighbor_list_ebgp"", ""scope"": {""type"": ""DEVICE"", ""host"": ""leaf2""}}",bd1a393,['leaf2.cfg']
NEIGHBOR_LIST_EBGP_leaf4,neighbor_list_ebgp:45a2dbebe1,Routing_Inventory,L1,leaf4 장비와 eBGP로 연결된 피어들의 IP 주소 목록을 알려주세요. [답변 형식: 리스트],NOT_CONFIGURED,set,[],,"{""snapshot"": ""LabA_Research_Institute_DC_10nodes"", ""metric"": ""neighbor_list_ebgp"", ""scope"": {""type"": ""DEVICE"", ""host"": ""leaf4""}}",bd1a393,['leaf4.cfg']
NEIGHBOR_LIST_EBGP_leaf1,neighbor_list_ebgp:f3e677391b,Routing_Inventory,L1,leaf1 장비와 eBGP로 연결된 피어들의 IP 주소 목록을 알려주세요. [답변 형식: 리스트],NOT_CONFIGURED,set,[],,"{""snapshot"": ""LabA_Research_Institute_DC_10nodes"", ""metric"": ""neighbor_list_ebgp"", ""scope"": {""type"": ""DEVICE"", ""host"": ""leaf1""}}",bd1a393,['leaf1.cfg']
OSPF_PROCESS_IDS_SET_p4,ospf_process_ids_set:8eb660897d,Routing_Inventory,L1,p4 장비에 설정된 OSPF 프로세스 ID 목록을 알려주세요. [답변 형식: 리스트],OK,set,"[""1""]",,"{""snapshot"": ""LabA_Research_Institute_DC_10nodes"", ""metric"": ""ospf_process_ids_set"", ""scope"": {""type"": ""DEVICE"", ""host"": ""p4""}}",bd1a393,['p4.cfg']
OSPF_PROCESS_IDS_SET_leaf2,ospf_process_ids_set:6e35c43dba,Routing_Inventory,L1,leaf2 장비에 설정된 OSPF 프로세스 ID 목록을 알려주세요. [답변 형식: 리스트],NOT_CONFIGURED,set,[],,"{""snapshot"": ""LabA_Research_Institute_DC_10nodes"", ""metric"": ""ospf_process_ids_set"", ""scope"": {""type"": ""DEVICE"", ""host"": ""leaf2""}}",bd1a393,['leaf2.cfg']
OSPF_PROCESS_IDS_SET_leaf1,ospf_process_ids_set:f3e677391b,Routing_Inventory,L1,leaf1 장비에 설정된 OSPF 프로세스 ID 목록을 알려주세요. [답변 형식: 리스트],NOT_CONFIGURED,set,[],,"{""snapshot"": ""LabA_Research_Institute_DC_10nodes"", ""metric"": ""ospf_process_ids_set"", ""scope"": {""type"": ""DEVICE"", ""host"": ""leaf1""}}",bd1a393,['leaf1.cfg']
OSPF_PROCESS_IDS_SET_pe2,ospf_process_ids_set:3603999311,Routing_Inventory,L1,pe2 장비에 설정된 OSPF 프로세스 ID 목록을 알려주세요. [답변 형식: 리스트],OK,set,"[""1""]",,"{""snapshot"": ""LabA_Research_Institute_DC_10nodes"", ""metric"": ""ospf_process_ids_set"", ""scope"": {""type"": ""DEVICE"", ""host"": ""pe2""}}",bd1a393,['pe2.cfg']
OSPF_PROCESS_IDS_SET_p3,ospf_process_ids_set:40d255b5d8,Routing_Inventory,L1,p3 장비에 설정된 OSPF 프로세스 ID 목록을 알려주세요. [답변 형식: 리스트],OK,set,"[""1""]",,"{""snapshot"": ""LabA_Research_Institute_DC_10nodes"", ""metric"": ""ospf_process_ids_set"", ""scope"": {""type"": ""DEVICE"", ""host"": ""p3""}}",bd1a393,['p3.cfg']
OSPF_PROCESS_IDS_SET_p1,ospf_process_ids_set:980d4425bd,Routing_Inventory,L1,p1 장비에 설정된 OSPF 프로세스 ID 목록을 알려주세요. [답변 형식: 리스트],OK,set,"[""1""]",,"{""snapshot"": ""LabA_Research_Institute_DC_10nodes"", ""metric"": ""ospf_process_ids_set"", ""scope"": {""type"": ""DEVICE"", ""host"": ""p1""}}",bd1a393,['p1.cfg']
OSPF_PROCESS_IDS_SET_p2,ospf_process_ids_set:f84ad4329a,Routing_Inventory,L1,p2 장비에 설정된 OSPF 프로세스 ID 목록을 알려주세요. [답변 형식: 리스트],OK,set,"[""1""]",,"{""snapshot"": ""LabA_Research_Institute_DC_10nodes"", ""metric"": ""ospf_process_ids_set"", ""scope"": {""type"": ""DEVICE"", ""host"": ""p2""}}",bd1a393,['p2.cfg']
OSPF_PROCESS_IDS_SET_leaf3,ospf_process_ids_set:6a7c231d8b,Routing_Inventory,L1,leaf3 장비에 설정된 OSPF 프로세스 ID 목록을 알려주세요. [답변 형식: 리스트],NOT_CONFIGURED,set,[],,"{""snapshot"": ""LabA_Research_Institute_DC_10nodes"", ""metric"": ""ospf_process_ids_set"", ""scope"": {""type"": ""DEVICE"", ""host"": ""leaf3""}}",bd1a393,['leaf3.cfg']
OSPF_PROCESS_IDS_SET_pe1,ospf_process_ids_set:4f36bb8808,Routing_Inventory,L1,pe1 장비에 설정된 OSPF 프로세스 ID 목록을 알려주세요. [답변 형식: 리스트],OK,set,"[""1""]",,"{""snapshot"": ""LabA_Research_Institute_DC_10nodes"", ""metric"": ""ospf_process_ids_set"", ""scope"": {""type"": ""DEVICE"", ""host"": ""pe1""}}",bd1a393,['pe1.cfg']
OSPF_PROCESS_IDS_SET_leaf4,ospf_process_ids_set:45a2dbebe1,Routing_Inventory,L1,leaf4 장비에 설정된 OSPF 프로세스 ID 목록을 알려주세요. [답변 형식: 리스트],NOT_CONFIGURED,set,[],,"{""snapshot"": ""LabA_Research_Institute_DC_10nodes"", ""metric"": ""ospf_process_ids_set"", ""scope"": {""type"": ""DEVICE"", ""host"": ""leaf4""}}",bd1a393,['leaf4.cfg']
OSPF_AREA_SET_pe2,ospf_area_set:3603999311,Routing_Inventory,L1,pe2 장비가 참여하는 OSPF Area 목록을 알려주세요. [답변 형식: 리스트],OK,set,"[""0""]",,"{""snapshot"": ""LabA_Research_Institute_DC_10nodes"", ""metric"": ""ospf_area_set"", ""scope"": {""type"": ""DEVICE"", ""host"": ""pe2""}}",bd1a393,['pe2.cfg']
OSPF_AREA_SET_p1,ospf_area_set:980d4425bd,Routing_Inventory,L1,p1 장비가 참여하는 OSPF Area 목록을 알려주세요. [답변 형식: 리스트],OK,set,"[""0""]",,"{""snapshot"": ""LabA_Research_Institute_DC_10nodes"", ""metric"": ""ospf_area_set"", ""scope"": {""type"": ""DEVICE"", ""host"": ""p1""}}",bd1a393,['p1.cfg']
OSPF_AREA_SET_p4,ospf_area_set:8eb660897d,Routing_Inventory,L1,p4 장비가 참여하는 OSPF Area 목록을 알려주세요. [답변 형식: 리스트],OK,set,"[""0""]",,"{""snapshot"": ""LabA_Research_Institute_DC_10nodes"", ""metric"": ""ospf_area_set"", ""scope"": {""type"": ""DEVICE"", ""host"": ""p4""}}",bd1a393,['p4.cfg']
OSPF_AREA_SET_leaf3,ospf_area_set:6a7c231d8b,Routing_Inventory,L1,leaf3 장비가 참여하는 OSPF Area 목록을 알려주세요. [답변 형식: 리스트],NOT_CONFIGURED,set,[],,"{""snapshot"": ""LabA_Research_Institute_DC_10nodes"", ""metric"": ""ospf_area_set"", ""scope"": {""type"": ""DEVICE"", ""host"": ""leaf3""}}",bd1a393,['leaf3.cfg']
OSPF_AREA_SET_pe1,ospf_area_set:4f36bb8808,Routing_Inventory,L1,pe1 장비가 참여하는 OSPF Area 목록을 알려주세요. [답변 형식: 리스트],OK,set,"[""0""]",,"{""snapshot"": ""LabA_Research_Institute_DC_10nodes"", ""metric"": ""ospf_area_set"", ""scope"": {""type"": ""DEVICE"", ""host"": ""pe1""}}",bd1a393,['pe1.cfg']
OSPF_AREA_SET_p2,ospf_area_set:f84ad4329a,Routing_Inventory,L1,p2 장비가 참여하는 OSPF Area 목록을 알려주세요. [답변 형식: 리스트],OK,set,"[""0""]",,"{""snapshot"": ""LabA_Research_Institute_DC_10nodes"", ""metric"": ""ospf_area_set"", ""scope"": {""type"": ""DEVICE"", ""host"": ""p2""}}",bd1a393,['p2.cfg']
OSPF_AREA_SET_leaf1,ospf_area_set:f3e677391b,Routing_Inventory,L1,leaf1 장비가 참여하는 OSPF Area 목록을 알려주세요. [답변 형식: 리스트],NOT_CONFIGURED,set,[],,"{""snapshot"": ""LabA_Research_Institute_DC_10nodes"", ""metric"": ""ospf_area_set"", ""scope"": {""type"": ""DEVICE"", ""host"": ""leaf1""}}",bd1a393,['leaf1.cfg']
OSPF_AREA_SET_leaf2,ospf_area_set:6e35c43dba,Routing_Inventory,L1,leaf2 장비가 참여하는 OSPF Area 목록을 알려주세요. [답변 형식: 리스트],NOT_CONFIGURED,set,[],,"{""snapshot"": ""LabA_Research_Institute_DC_10nodes"", ""metric"": ""ospf_area_set"", ""scope"": {""type"": ""DEVICE"", ""host"": ""leaf2""}}",bd1a393,['leaf2.cfg']
OSPF_AREA_SET_leaf4,ospf_area_set:45a2dbebe1,Routing_Inventory,L1,leaf4 장비가 참여하는 OSPF Area 목록을 알려주세요. [답변 형식: 리스트],NOT_CONFIGURED,set,[],,"{""snapshot"": ""LabA_Research_Institute_DC_10nodes"", ""metric"": ""ospf_area_set"", ""scope"": {""type"": ""DEVICE"", ""host"": ""leaf4""}}",bd1a393,['leaf4.cfg']
OSPF_AREA_SET_p3,ospf_area_set:40d255b5d8,Routing_Inventory,L1,p3 장비가 참여하는 OSPF Area 목록을 알려주세요. [답변 형식: 리스트],OK,set,"[""0""]",,"{""snapshot"": ""LabA_Research_Institute_DC_10nodes"", ""metric"": ""ospf_area_set"", ""scope"": {""type"": ""DEVICE"", ""host"": ""p3""}}",bd1a393,['p3.cfg']
OSPF_AREA0_IF_LIST_pe2,ospf_area0_if_list:3603999311,Routing_Inventory,L1,pe2 장비의 OSPF Area 0에 연결된 인터페이스 목록을 알려주세요. [답변 형식: 리스트],OK,set,"[""GigabitEthernet0/0"", ""Loopback0""]",,"{""snapshot"": ""LabA_Research_Institute_DC_10nodes"", ""metric"": ""ospf_area0_if_list"", ""scope"": {""type"": ""DEVICE"", ""host"": ""pe2""}}",bd1a393,['pe2.cfg']
OSPF_AREA0_IF_LIST_p1,ospf_area0_if_list:980d4425bd,Routing_Inventory,L1,p1 장비의 OSPF Area 0에 연결된 인터페이스 목록을 알려주세요. [답변 형식: 리스트],OK,set,"[""GigabitEthernet0/0"", ""GigabitEthernet0/1"", ""Loopback0""]",,"{""snapshot"": ""LabA_Research_Institute_DC_10nodes"", ""metric"": ""ospf_area0_if_list"", ""scope"": {""type"": ""DEVICE"", ""host"": ""p1""}}",bd1a393,['p1.cfg']
OSPF_AREA0_IF_LIST_p2,ospf_area0_if_list:f84ad4329a,Routing_Inventory,L1,p2 장비의 OSPF Area 0에 연결된 인터페이스 목록을 알려주세요. [답변 형식: 리스트],OK,set,"[""GigabitEthernet0/0"", ""GigabitEthernet0/1"", ""GigabitEthernet0/2"", ""Loopback0""]",,"{""snapshot"": ""LabA_Research_Institute_DC_10nodes"", ""metric"": ""ospf_area0_if_list"", ""scope"": {""type"": ""DEVICE"", ""host"": ""p2""}}",bd1a393,['p2.cfg']
OSPF_AREA0_IF_LIST_p3,ospf_area0_if_list:40d255b5d8,Routing_Inventory,L1,p3 장비의 OSPF Area 0에 연결된 인터페이스 목록을 알려주세요. [답변 형식: 리스트],OK,set,"[""GigabitEthernet0/0"", ""GigabitEthernet0/1"", ""GigabitEthernet0/2"", ""Loopback0""]",,"{""snapshot"": ""LabA_Research_Institute_DC_10nodes"", ""metric"": ""ospf_area0_if_list"", ""scope"": {""type"": ""DEVICE"", ""host"": ""p3""}}",bd1a393,['p3.cfg']
OSPF_AREA0_IF_LIST_leaf3,ospf_area0_if_list:6a7c231d8b,Routing_Inventory,L1,leaf3 장비의 OSPF Area 0에 연결된 인터페이스 목록을 알려주세요. [답변 형식: 리스트],NOT_CONFIGURED,set,[],,"{""snapshot"": ""LabA_Research_Institute_DC_10nodes"", ""metric"": ""ospf_area0_if_list"", ""scope"": {""type"": ""DEVICE"", ""host"": ""leaf3""}}",bd1a393,['leaf3.cfg']
OSPF_AREA0_IF_LIST_leaf4,ospf_area0_if_list:45a2dbebe1,Routing_Inventory,L1,leaf4 장비의 OSPF Area 0에 연결된 인터페이스 목록을 알려주세요. [답변 형식: 리스트],NOT_CONFIGURED,set,[],,"{""snapshot"": ""LabA_Research_Institute_DC_10nodes"", ""metric"": ""ospf_area0_if_list"", ""scope"": {""type"": ""DEVICE"", ""host"": ""leaf4""}}",bd1a393,['leaf4.cfg']
OSPF_AREA0_IF_LIST_pe1,ospf_area0_if_list:4f36bb8808,Routing_Inventory,L1,pe1 장비의 OSPF Area 0에 연결된 인터페이스 목록을 알려주세요. [답변 형식: 리스트],OK,set,"[""GigabitEthernet0/0"", ""Loopback0""]",,"{""snapshot"": ""LabA_Research_Institute_DC_10nodes"", ""metric"": ""ospf_area0_if_list"", ""scope"": {""type"": ""DEVICE"", ""host"": ""pe1""}}",bd1a393,['pe1.cfg']
OSPF_AREA0_IF_LIST_leaf2,ospf_area0_if_list:6e35c43dba,Routing_Inventory,L1,leaf2 장비의 OSPF Area 0에 연결된 인터페이스 목록을 알려주세요. [답변 형식: 리스트],NOT_CONFIGURED,set,[],,"{""snapshot"": ""LabA_Research_Institute_DC_10nodes"", ""metric"": ""ospf_area0_if_list"", ""scope"": {""type"": ""DEVICE"", ""host"": ""leaf2""}}",bd1a393,['leaf2.cfg']
OSPF_AREA0_IF_LIST_leaf1,ospf_area0_if_list:f3e677391b,Routing_Inventory,L1,leaf1 장비의 OSPF Area 0에 연결된 인터페이스 목록을 알려주세요. [답변 형식: 리스트],NOT_CONFIGURED,set,[],,"{""snapshot"": ""LabA_Research_Institute_DC_10nodes"", ""metric"": ""ospf_area0_if_list"", ""scope"": {""type"": ""DEVICE"", ""host"": ""leaf1""}}",bd1a393,['leaf1.cfg']
OSPF_AREA0_IF_LIST_p4,ospf_area0_if_list:8eb660897d,Routing_Inventory,L1,p4 장비의 OSPF Area 0에 연결된 인터페이스 목록을 알려주세요. [답변 형식: 리스트],OK,set,"[""GigabitEthernet0/0"", ""GigabitEthernet0/1"", ""Loopback0""]",,"{""snapshot"": ""LabA_Research_Institute_DC_10nodes"", ""metric"": ""ospf_area0_if_list"", ""scope"": {""type"": ""DEVICE"", ""host"": ""p4""}}",bd1a393,['p4.cfg']
VRF_NAMES_SET_p2,vrf_names_set:f84ad4329a,Services_Inventory,L1,p2 장비에 설정된 VRF 이름 목록을 알려주세요. [답변 형식: 리스트],NOT_CONFIGURED,set,[],,"{""snapshot"": ""LabA_Research_Institute_DC_10nodes"", ""metric"": ""vrf_names_set"", ""scope"": {""type"": ""DEVICE"", ""host"": ""p2""}}",bd1a393,['p2.cfg']
VRF_NAMES_SET_leaf1,vrf_names_set:f3e677391b,Services_Inventory,L1,leaf1 장비에 설정된 VRF 이름 목록을 알려주세요. [답변 형식: 리스트],NOT_CONFIGURED,set,[],,"{""snapshot"": ""LabA_Research_Institute_DC_10nodes"", ""metric"": ""vrf_names_set"", ""scope"": {""type"": ""DEVICE"", ""host"": ""leaf1""}}",bd1a393,['leaf1.cfg']
VRF_NAMES_SET_p1,vrf_names_set:980d4425bd,Services_Inventory,L1,p1 장비에 설정된 VRF 이름 목록을 알려주세요. [답변 형식: 리스트],NOT_CONFIGURED,set,[],,"{""snapshot"": ""LabA_Research_Institute_DC_10nodes"", ""metric"": ""vrf_names_set"", ""scope"": {""type"": ""DEVICE"", ""host"": ""p1""}}",bd1a393,['p1.cfg']
VRF_NAMES_SET_leaf3,vrf_names_set:6a7c231d8b,Services_Inventory,L1,leaf3 장비에 설정된 VRF 이름 목록을 알려주세요. [답변 형식: 리스트],NOT_CONFIGURED,set,[],,"{""snapshot"": ""LabA_Research_Institute_DC_10nodes"", ""metric"": ""vrf_names_set"", ""scope"": {""type"": ""DEVICE"", ""host"": ""leaf3""}}",bd1a393,['leaf3.cfg']
VRF_NAMES_SET_p3,vrf_names_set:40d255b5d8,Services_Inventory,L1,p3 장비에 설정된 VRF 이름 목록을 알려주세요. [답변 형식: 리스트],NOT_CONFIGURED,set,[],,"{""snapshot"": ""LabA_Research_Institute_DC_10nodes"", ""metric"": ""vrf_names_set"", ""scope"": {""type"": ""DEVICE"", ""host"": ""p3""}}",bd1a393,['p3.cfg']
VRF_NAMES_SET_pe2,vrf_names_set:3603999311,Services_Inventory,L1,pe2 장비에 설정된 VRF 이름 목록을 알려주세요. [답변 형식: 리스트],OK,set,"[""VRF_AI"", ""VRF_BIO"", ""VRF_HPC""]",,"{""snapshot"": ""LabA_Research_Institute_DC_10nodes"", ""metric"": ""vrf_names_set"", ""scope"": {""type"": ""DEVICE"", ""host"": ""pe2""}}",bd1a393,['pe2.cfg']
VRF_NAMES_SET_leaf2,vrf_names_set:6e35c43dba,Services_Inventory,L1,leaf2 장비에 설정된 VRF 이름 목록을 알려주세요. [답변 형식: 리스트],NOT_CONFIGURED,set,[],,"{""snapshot"": ""LabA_Research_Institute_DC_10nodes"", ""metric"": ""vrf_names_set"", ""scope"": {""type"": ""DEVICE"", ""host"": ""leaf2""}}",bd1a393,['leaf2.cfg']
VRF_NAMES_SET_p4,vrf_names_set:8eb660897d,Services_Inventory,L1,p4 장비에 설정된 VRF 이름 목록을 알려주세요. [답변 형식: 리스트],NOT_CONFIGURED,set,[],,"{""snapshot"": ""LabA_Research_Institute_DC_10nodes"", ""metric"": ""vrf_names_set"", ""scope"": {""type"": ""DEVICE"", ""host"": ""p4""}}",bd1a393,['p4.cfg']
VRF_NAMES_SET_pe1,vrf_names_set:4f36bb8808,Services_Inventory,L1,pe1 장비에 설정된 VRF 이름 목록을 알려주세요. [답변 형식: 리스트],OK,set,"[""VRF_AI"", ""VRF_BIO"", ""VRF_HPC""]",,"{""snapshot"": ""LabA_Research_Institute_DC_10nodes"", ""metric"": ""vrf_names_set"", ""scope"": {""type"": ""DEVICE"", ""host"": ""pe1""}}",bd1a393,['pe1.cfg']
VRF_NAMES_SET_leaf4,vrf_names_set:45a2dbebe1,Services_Inventory,L1,leaf4 장비에 설정된 VRF 이름 목록을 알려주세요. [답변 형식: 리스트],NOT_CONFIGURED,set,[],,"{""snapshot"": ""LabA_Research_Institute_DC_10nodes"", ""metric"": ""vrf_names_set"", ""scope"": {""type"": ""DEVICE"", ""host"": ""leaf4""}}",bd1a393,['leaf4.cfg']
VRF_COUNT_pe1,vrf_count:4f36bb8808,Services_Inventory,L1,pe1 장비에 설정된 VRF는 총 몇 개입니까? [답변 형식: 숫자],OK,number,3,,"{""snapshot"": ""LabA_Research_Institute_DC_10nodes"", ""metric"": ""vrf_count"", ""scope"": {""type"": ""DEVICE"", ""host"": ""pe1""}}",bd1a393,['pe1.cfg']
VRF_COUNT_leaf3,vrf_count:6a7c231d8b,Services_Inventory,L1,leaf3 장비에 설정된 VRF는 총 몇 개입니까? [답변 형식: 숫자],NOT_CONFIGURED,number,0,,"{""snapshot"": ""LabA_Research_Institute_DC_10nodes"", ""metric"": ""vrf_count"", ""scope"": {""type"": ""DEVICE"", ""host"": ""leaf3""}}",bd1a393,['leaf3.cfg']
VRF_COUNT_leaf4,vrf_count:45a2dbebe1,Services_Inventory,L1,leaf4 장비에 설정된 VRF는 총 몇 개입니까? [답변 형식: 숫자],NOT_CONFIGURED,number,0,,"{""snapshot"": ""LabA_Research_Institute_DC_10nodes"", ""metric"": ""vrf_count"", ""scope"": {""type"": ""DEVICE"", ""host"": ""leaf4""}}",bd1a393,['leaf4.cfg']
VRF_COUNT_p3,vrf_count:40d255b5d8,Services_Inventory,L1,p3 장비에 설정된 VRF는 총 몇 개입니까? [답변 형식: 숫자],NOT_CONFIGURED,number,0,,"{""snapshot"": ""LabA_Research_Institute_DC_10nodes"", ""metric"": ""vrf_count"", ""scope"": {""type"": ""DEVICE"", ""host"": ""p3""}}",bd1a393,['p3.cfg']
VRF_COUNT_p1,vrf_count:980d4425bd,Services_Inventory,L1,p1 장비에 설정된 VRF는 총 몇 개입니까? [답변 형식: 숫자],NOT_CONFIGURED,number,0,,"{""snapshot"": ""LabA_Research_Institute_DC_10nodes"", ""metric"": ""vrf_count"", ""scope"": {""type"": ""DEVICE"", ""host"": ""p1""}}",bd1a393,['p1.cfg']
VRF_COUNT_p2,vrf_count:f84ad4329a,Services_Inventory,L1,p2 장비에 설정된 VRF는 총 몇 개입니까? [답변 형식: 숫자],NOT_CONFIGURED,number,0,,"{""snapshot"": ""LabA_Research_Institute_DC_10nodes"", ""metric"": ""vrf_count"", ""scope"": {""type"": ""DEVICE"", ""host"": ""p2""}}",bd1a393,['p2.cfg']
VRF_COUNT_leaf1,vrf_count:f3e677391b,Services_Inventory,L1,leaf1 장비에 설정된 VRF는 총 몇 개입니까? [답변 형식: 숫자],NOT_CONFIGURED,number,0,,"{""snapshot"": ""LabA_Research_Institute_DC_10nodes"", ""metric"": ""vrf_count"", ""scope"": {""type"": ""DEVICE"", ""host"": ""leaf1""}}",bd1a393,['leaf1.cfg']
VRF_COUNT_pe2,vrf_count:3603999311,Services_Inventory,L1,pe2 장비에 설정된 VRF는 총 몇 개입니까? [답변 형식: 숫자],OK,number,3,,"{""snapshot"": ""LabA_Research_Institute_DC_10nodes"", ""metric"": ""vrf_count"", ""scope"": {""type"": ""DEVICE"", ""host"": ""pe2""}}",bd1a393,['pe2.cfg']
VRF_COUNT_p4,vrf_count:8eb660897d,Services_Inventory,L1,p4 장비에 설정된 VRF는 총 몇 개입니까? [답변 형식: 숫자],NOT_CONFIGURED,number,0,,"{""snapshot"": ""LabA_Research_Institute_DC_10nodes"", ""metric"": ""vrf_count"", ""scope"": {""type"": ""DEVICE"", ""host"": ""p4""}}",bd1a393,['p4.cfg']
VRF_COUNT_leaf2,vrf_count:6e35c43dba,Services_Inventory,L1,leaf2 장비에 설정된 VRF는 총 몇 개입니까? [답변 형식: 숫자],NOT_CONFIGURED,number,0,,"{""snapshot"": ""LabA_Research_Institute_DC_10nodes"", ""metric"": ""vrf_count"", ""scope"": {""type"": ""DEVICE"", ""host"": ""leaf2""}}",bd1a393,['leaf2.cfg']
VRF_RD_MAP_pe2,vrf_rd_map:3603999311,Services_Inventory,L1,pe2 장비에 설정된 VRF들의 이름과 RD(Route Distinguisher) 값을 함께 보여주세요. [답변 형식: {{'VRF': 'RD'}}],OK,map,"{""VRF_AI"": ""65000:1"", ""VRF_BIO"": ""65000:2"", ""VRF_HPC"": ""65000:3""}",,"{""snapshot"": ""LabA_Research_Institute_DC_10nodes"", ""metric"": ""vrf_rd_map"", ""scope"": {""type"": ""DEVICE"", ""host"": ""pe2""}}",bd1a393,['pe2.cfg']
VRF_RD_MAP_p2,vrf_rd_map:f84ad4329a,Services_Inventory,L1,p2 장비에 설정된 VRF들의 이름과 RD(Route Distinguisher) 값을 함께 보여주세요. [답변 형식: {{'VRF': 'RD'}}],NOT_CONFIGURED,map,{},,"{""snapshot"": ""LabA_Research_Institute_DC_10nodes"", ""metric"": ""vrf_rd_map"", ""scope"": {""type"": ""DEVICE"", ""host"": ""p2""}}",bd1a393,['p2.cfg']
VRF_RD_MAP_p1,vrf_rd_map:980d4425bd,Services_Inventory,L1,p1 장비에 설정된 VRF들의 이름과 RD(Route Distinguisher) 값을 함께 보여주세요. [답변 형식: {{'VRF': 'RD'}}],NOT_CONFIGURED,map,{},,"{""snapshot"": ""LabA_Research_Institute_DC_10nodes"", ""metric"": ""vrf_rd_map"", ""scope"": {""type"": ""DEVICE"", ""host"": ""p1""}}",bd1a393,['p1.cfg']
VRF_RD_MAP_leaf1,vrf_rd_map:f3e677391b,Services_Inventory,L1,leaf1 장비에 설정된 VRF들의 이름과 RD(Route Distinguisher) 값을 함께 보여주세요. [답변 형식: {{'VRF': 'RD'}}],NOT_CONFIGURED,map,{},,"{""snapshot"": ""LabA_Research_Institute_DC_10nodes"", ""metric"": ""vrf_rd_map"", ""scope"": {""type"": ""DEVICE"", ""host"": ""leaf1""}}",bd1a393,['leaf1.cfg']
VRF_RD_MAP_pe1,vrf_rd_map:4f36bb8808,Services_Inventory,L1,pe1 장비에 설정된 VRF들의 이름과 RD(Route Distinguisher) 값을 함께 보여주세요. [답변 형식: {{'VRF': 'RD'}}],OK,map,"{""VRF_AI"": ""65000:1"", ""VRF_BIO"": ""65000:2"", ""VRF_HPC"": ""65000:3""}",,"{""snapshot"": ""LabA_Research_Institute_DC_10nodes"", ""metric"": ""vrf_rd_map"", ""scope"": {""type"": ""DEVICE"", ""host"": ""pe1""}}",bd1a393,['pe1.cfg']
VRF_RD_MAP_leaf2,vrf_rd_map:6e35c43dba,Services_Inventory,L1,leaf2 장비에 설정된 VRF들의 이름과 RD(Route Distinguisher) 값을 함께 보여주세요. [답변 형식: {{'VRF': 'RD'}}],NOT_CONFIGURED,map,{},,"{""snapshot"": ""LabA_Research_Institute_DC_10nodes"", ""metric"": ""vrf_rd_map"", ""scope"": {""type"": ""DEVICE"", ""host"": ""leaf2""}}",bd1a393,['leaf2.cfg']
VRF_RD_MAP_leaf4,vrf_rd_map:45a2dbebe1,Services_Inventory,L1,leaf4 장비에 설정된 VRF들의 이름과 RD(Route Distinguisher) 값을 함께 보여주세요. [답변 형식: {{'VRF': 'RD'}}],NOT_CONFIGURED,map,{},,"{""snapshot"": ""LabA_Research_Institute_DC_10nodes"", ""metric"": ""vrf_rd_map"", ""scope"": {""type"": ""DEVICE"", ""host"": ""leaf4""}}",bd1a393,['leaf4.cfg']
VRF_RD_MAP_p4,vrf_rd_map:8eb660897d,Services_Inventory,L1,p4 장비에 설정된 VRF들의 이름과 RD(Route Distinguisher) 값을 함께 보여주세요. [답변 형식: {{'VRF': 'RD'}}],NOT_CONFIGURED,map,{},,"{""snapshot"": ""LabA_Research_Institute_DC_10nodes"", ""metric"": ""vrf_rd_map"", ""scope"": {""type"": ""DEVICE"", ""host"": ""p4""}}",bd1a393,['p4.cfg']
VRF_RD_MAP_p3,vrf_rd_map:40d255b5d8,Services_Inventory,L1,p3 장비에 설정된 VRF들의 이름과 RD(Route Distinguisher) 값을 함께 보여주세요. [답변 형식: {{'VRF': 'RD'}}],NOT_CONFIGURED,map,{},,"{""snapshot"": ""LabA_Research_Institute_DC_10nodes"", ""metric"": ""vrf_rd_map"", ""scope"": {""type"": ""DEVICE"", ""host"": ""p3""}}",bd1a393,['p3.cfg']
VRF_RD_MAP_leaf3,vrf_rd_map:6a7c231d8b,Services_Inventory,L1,leaf3 장비에 설정된 VRF들의 이름과 RD(Route Distinguisher) 값을 함께 보여주세요. [답변 형식: {{'VRF': 'RD'}}],NOT_CONFIGURED,map,{},,"{""snapshot"": ""LabA_Research_Institute_DC_10nodes"", ""metric"": ""vrf_rd_map"", ""scope"": {""type"": ""DEVICE"", ""host"": ""leaf3""}}",bd1a393,['leaf3.cfg']
RT_IMPORT_COUNT_pe2,rt_import_count:3603999311,Services_Inventory,L1,pe2 장비의 Route Target Import 설정은 총 몇 개입니까? [답변 형식: 숫자],OK,number,3,,"{""snapshot"": ""LabA_Research_Institute_DC_10nodes"", ""metric"": ""rt_import_count"", ""scope"": {""type"": ""DEVICE"", ""host"": ""pe2""}}",bd1a393,['pe2.cfg']
RT_IMPORT_COUNT_leaf2,rt_import_count:6e35c43dba,Services_Inventory,L1,leaf2 장비의 Route Target Import 설정은 총 몇 개입니까? [답변 형식: 숫자],NOT_CONFIGURED,number,0,,"{""snapshot"": ""LabA_Research_Institute_DC_10nodes"", ""metric"": ""rt_import_count"", ""scope"": {""type"": ""DEVICE"", ""host"": ""leaf2""}}",bd1a393,['leaf2.cfg']
RT_IMPORT_COUNT_p4,rt_import_count:8eb660897d,Services_Inventory,L1,p4 장비의 Route Target Import 설정은 총 몇 개입니까? [답변 형식: 숫자],NOT_CONFIGURED,number,0,,"{""snapshot"": ""LabA_Research_Institute_DC_10nodes"", ""metric"": ""rt_import_count"", ""scope"": {""type"": ""DEVICE"", ""host"": ""p4""}}",bd1a393,['p4.cfg']
RT_IMPORT_COUNT_p2,rt_import_count:f84ad4329a,Services_Inventory,L1,p2 장비의 Route Target Import 설정은 총 몇 개입니까? [답변 형식: 숫자],NOT_CONFIGURED,number,0,,"{""snapshot"": ""LabA_Research_Institute_DC_10nodes"", ""metric"": ""rt_import_count"", ""scope"": {""type"": ""DEVICE"", ""host"": ""p2""}}",bd1a393,['p2.cfg']
RT_IMPORT_COUNT_leaf3,rt_import_count:6a7c231d8b,Services_Inventory,L1,leaf3 장비의 Route Target Import 설정은 총 몇 개입니까? [답변 형식: 숫자],NOT_CONFIGURED,number,0,,"{""snapshot"": ""LabA_Research_Institute_DC_10nodes"", ""metric"": ""rt_import_count"", ""scope"": {""type"": ""DEVICE"", ""host"": ""leaf3""}}",bd1a393,['leaf3.cfg']
RT_IMPORT_COUNT_leaf4,rt_import_count:45a2dbebe1,Services_Inventory,L1,leaf4 장비의 Route Target Import 설정은 총 몇 개입니까? [답변 형식: 숫자],NOT_CONFIGURED,number,0,,"{""snapshot"": ""LabA_Research_Institute_DC_10nodes"", ""metric"": ""rt_import_count"", ""scope"": {""type"": ""DEVICE"", ""host"": ""leaf4""}}",bd1a393,['leaf4.cfg']
RT_IMPORT_COUNT_pe1,rt_import_count:4f36bb8808,Services_Inventory,L1,pe1 장비의 Route Target Import 설정은 총 몇 개입니까? [답변 형식: 숫자],OK,number,3,,"{""snapshot"": ""LabA_Research_Institute_DC_10nodes"", ""metric"": ""rt_import_count"", ""scope"": {""type"": ""DEVICE"", ""host"": ""pe1""}}",bd1a393,['pe1.cfg']
RT_IMPORT_COUNT_p1,rt_import_count:980d4425bd,Services_Inventory,L1,p1 장비의 Route Target Import 설정은 총 몇 개입니까? [답변 형식: 숫자],NOT_CONFIGURED,number,0,,"{""snapshot"": ""LabA_Research_Institute_DC_10nodes"", ""metric"": ""rt_import_count"", ""scope"": {""type"": ""DEVICE"", ""host"": ""p1""}}",bd1a393,['p1.cfg']
RT_IMPORT_COUNT_p3,rt_import_count:40d255b5d8,Services_Inventory,L1,p3 장비의 Route Target Import 설정은 총 몇 개입니까? [답변 형식: 숫자],NOT_CONFIGURED,number,0,,"{""snapshot"": ""LabA_Research_Institute_DC_10nodes"", ""metric"": ""rt_import_count"", ""scope"": {""type"": ""DEVICE"", ""host"": ""p3""}}",bd1a393,['p3.cfg']
RT_IMPORT_COUNT_leaf1,rt_import_count:f3e677391b,Services_Inventory,L1,leaf1 장비의 Route Target Import 설정은 총 몇 개입니까? [답변 형식: 숫자],NOT_CONFIGURED,number,0,,"{""snapshot"": ""LabA_Research_Institute_DC_10nodes"", ""metric"": ""rt_import_count"", ""scope"": {""type"": ""DEVICE"", ""host"": ""leaf1""}}",bd1a393,['leaf1.cfg']
RT_EXPORT_COUNT_pe1,rt_export_count:4f36bb8808,Services_Inventory,L1,pe1 장비의 Route Target Export 설정은 총 몇 개입니까? [답변 형식: 숫자],OK,number,3,,"{""snapshot"": ""LabA_Research_Institute_DC_10nodes"", ""metric"": ""rt_export_count"", ""scope"": {""type"": ""DEVICE"", ""host"": ""pe1""}}",bd1a393,['pe1.cfg']
RT_EXPORT_COUNT_p3,rt_export_count:40d255b5d8,Services_Inventory,L1,p3 장비의 Route Target Export 설정은 총 몇 개입니까? [답변 형식: 숫자],NOT_CONFIGURED,number,0,,"{""snapshot"": ""LabA_Research_Institute_DC_10nodes"", ""metric"": ""rt_export_count"", ""scope"": {""type"": ""DEVICE"", ""host"": ""p3""}}",bd1a393,['p3.cfg']
RT_EXPORT_COUNT_pe2,rt_export_count:3603999311,Services_Inventory,L1,pe2 장비의 Route Target Export 설정은 총 몇 개입니까? [답변 형식: 숫자],OK,number,3,,"{""snapshot"": ""LabA_Research_Institute_DC_10nodes"", ""metric"": ""rt_export_count"", ""scope"": {""type"": ""DEVICE"", ""host"": ""pe2""}}",bd1a393,['pe2.cfg']
RT_EXPORT_COUNT_p2,rt_export_count:f84ad4329a,Services_Inventory,L1,p2 장비의 Route Target Export 설정은 총 몇 개입니까? [답변 형식: 숫자],NOT_CONFIGURED,number,0,,"{""snapshot"": ""LabA_Research_Institute_DC_10nodes"", ""metric"": ""rt_export_count"", ""scope"": {""type"": ""DEVICE"", ""host"": ""p2""}}",bd1a393,['p2.cfg']
RT_EXPORT_COUNT_p4,rt_export_count:8eb660897d,Services_Inventory,L1,p4 장비의 Route Target Export 설정은 총 몇 개입니까? [답변 형식: 숫자],NOT_CONFIGURED,number,0,,"{""snapshot"": ""LabA_Research_Institute_DC_10nodes"", ""metric"": ""rt_export_count"", ""scope"": {""type"": ""DEVICE"", ""host"": ""p4""}}",bd1a393,['p4.cfg']
RT_EXPORT_COUNT_leaf1,rt_export_count:f3e677391b,Services_Inventory,L1,leaf1 장비의 Route Target Export 설정은 총 몇 개입니까? [답변 형식: 숫자],NOT_CONFIGURED,number,0,,"{""snapshot"": ""LabA_Research_Institute_DC_10nodes"", ""metric"": ""rt_export_count"", ""scope"": {""type"": ""DEVICE"", ""host"": ""leaf1""}}",bd1a393,['leaf1.cfg']
RT_EXPORT_COUNT_leaf2,rt_export_count:6e35c43dba,Services_Inventory,L1,leaf2 장비의 Route Target Export 설정은 총 몇 개입니까? [답변 형식: 숫자],NOT_CONFIGURED,number,0,,"{""snapshot"": ""LabA_Research_Institute_DC_10nodes"", ""metric"": ""rt_export_count"", ""scope"": {""type"": ""DEVICE"", ""host"": ""leaf2""}}",bd1a393,['leaf2.cfg']
RT_EXPORT_COUNT_p1,rt_export_count:980d4425bd,Services_Inventory,L1,p1 장비의 Route Target Export 설정은 총 몇 개입니까? [답변 형식: 숫자],NOT_CONFIGURED,number,0,,"{""snapshot"": ""LabA_Research_Institute_DC_10nodes"", ""metric"": ""rt_export_count"", ""scope"": {""type"": ""DEVICE"", ""host"": ""p1""}}",bd1a393,['p1.cfg']
RT_EXPORT_COUNT_leaf4,rt_export_count:45a2dbebe1,Services_Inventory,L1,leaf4 장비의 Route Target Export 설정은 총 몇 개입니까? [답변 형식: 숫자],NOT_CONFIGURED,number,0,,"{""snapshot"": ""LabA_Research_Institute_DC_10nodes"", ""metric"": ""rt_export_count"", ""scope"": {""type"": ""DEVICE"", ""host"": ""leaf4""}}",bd1a393,['leaf4.cfg']
RT_EXPORT_COUNT_leaf3,rt_export_count:6a7c231d8b,Services_Inventory,L1,leaf3 장비의 Route Target Export 설정은 총 몇 개입니까? [답변 형식: 숫자],NOT_CONFIGURED,number,0,,"{""snapshot"": ""LabA_Research_Institute_DC_10nodes"", ""metric"": ""rt_export_count"", ""scope"": {""type"": ""DEVICE"", ""host"": ""leaf3""}}",bd1a393,['leaf3.cfg']
MPLS_LDP_ROUTER_ID_p2,mpls_ldp_router_id:f84ad4329a,Services_Inventory,L1,p2 장비의 MPLS LDP Router-ID는 무엇입니까? [답변 형식: IP 주소 (예: 10.255.0.1) 또는 빈 값],OK,text,"""10.255.0.2""",,"{""snapshot"": ""LabA_Research_Institute_DC_10nodes"", ""metric"": ""mpls_ldp_router_id"", ""scope"": {""type"": ""DEVICE"", ""host"": ""p2""}}",bd1a393,['p2.cfg']
MPLS_LDP_ROUTER_ID_leaf4,mpls_ldp_router_id:45a2dbebe1,Services_Inventory,L1,leaf4 장비의 MPLS LDP Router-ID는 무엇입니까? [답변 형식: IP 주소 (예: 10.255.0.1) 또는 빈 값],OK,text,"""NOT_CONFIGURED""",,"{""snapshot"": ""LabA_Research_Institute_DC_10nodes"", ""metric"": ""mpls_ldp_router_id"", ""scope"": {""type"": ""DEVICE"", ""host"": ""leaf4""}}",bd1a393,['leaf4.cfg']
MPLS_LDP_ROUTER_ID_leaf3,mpls_ldp_router_id:6a7c231d8b,Services_Inventory,L1,leaf3 장비의 MPLS LDP Router-ID는 무엇입니까? [답변 형식: IP 주소 (예: 10.255.0.1) 또는 빈 값],OK,text,"""NOT_CONFIGURED""",,"{""snapshot"": ""LabA_Research_Institute_DC_10nodes"", ""metric"": ""mpls_ldp_router_id"", ""scope"": {""type"": ""DEVICE"", ""host"": ""leaf3""}}",bd1a393,['leaf3.cfg']
MPLS_LDP_ROUTER_ID_pe1,mpls_ldp_router_id:4f36bb8808,Services_Inventory,L1,pe1 장비의 MPLS LDP Router-ID는 무엇입니까? [답변 형식: IP 주소 (예: 10.255.0.1) 또는 빈 값],OK,text,"""NOT_CONFIGURED""",,"{""snapshot"": ""LabA_Research_Institute_DC_10nodes"", ""metric"": ""mpls_ldp_router_id"", ""scope"": {""type"": ""DEVICE"", ""host"": ""pe1""}}",bd1a393,['pe1.cfg']
MPLS_LDP_ROUTER_ID_leaf2,mpls_ldp_router_id:6e35c43dba,Services_Inventory,L1,leaf2 장비의 MPLS LDP Router-ID는 무엇입니까? [답변 형식: IP 주소 (예: 10.255.0.1) 또는 빈 값],OK,text,"""NOT_CONFIGURED""",,"{""snapshot"": ""LabA_Research_Institute_DC_10nodes"", ""metric"": ""mpls_ldp_router_id"", ""scope"": {""type"": ""DEVICE"", ""host"": ""leaf2""}}",bd1a393,['leaf2.cfg']
MPLS_LDP_ROUTER_ID_p3,mpls_ldp_router_id:40d255b5d8,Services_Inventory,L1,p3 장비의 MPLS LDP Router-ID는 무엇입니까? [답변 형식: IP 주소 (예: 10.255.0.1) 또는 빈 값],OK,text,"""10.255.0.3""",,"{""snapshot"": ""LabA_Research_Institute_DC_10nodes"", ""metric"": ""mpls_ldp_router_id"", ""scope"": {""type"": ""DEVICE"", ""host"": ""p3""}}",bd1a393,['p3.cfg']
MPLS_LDP_ROUTER_ID_p1,mpls_ldp_router_id:980d4425bd,Services_Inventory,L1,p1 장비의 MPLS LDP Router-ID는 무엇입니까? [답변 형식: IP 주소 (예: 10.255.0.1) 또는 빈 값],OK,text,"""10.255.0.1""",,"{""snapshot"": ""LabA_Research_Institute_DC_10nodes"", ""metric"": ""mpls_ldp_router_id"", ""scope"": {""type"": ""DEVICE"", ""host"": ""p1""}}",bd1a393,['p1.cfg']
MPLS_LDP_ROUTER_ID_p4,mpls_ldp_router_id:8eb660897d,Services_Inventory,L1,p4 장비의 MPLS LDP Router-ID는 무엇입니까? [답변 형식: IP 주소 (예: 10.255.0.1) 또는 빈 값],OK,text,"""NOT_CONFIGURED""",,"{""snapshot"": ""LabA_Research_Institute_DC_10nodes"", ""metric"": ""mpls_ldp_router_id"", ""scope"": {""type"": ""DEVICE"", ""host"": ""p4""}}",bd1a393,['p4.cfg']
MPLS_LDP_ROUTER_ID_pe2,mpls_ldp_router_id:3603999311,Services_Inventory,L1,pe2 장비의 MPLS LDP Router-ID는 무엇입니까? [답변 형식: IP 주소 (예: 10.255.0.1) 또는 빈 값],OK,text,"""NOT_CONFIGURED""",,"{""snapshot"": ""LabA_Research_Institute_DC_10nodes"", ""metric"": ""mpls_ldp_router_id"", ""scope"": {""type"": ""DEVICE"", ""host"": ""pe2""}}",bd1a393,['pe2.cfg']
MPLS_LDP_ROUTER_ID_leaf1,mpls_ldp_router_id:f3e677391b,Services_Inventory,L1,leaf1 장비의 MPLS LDP Router-ID는 무엇입니까? [답변 형식: IP 주소 (예: 10.255.0.1) 또는 빈 값],OK,text,"""NOT_CONFIGURED""",,"{""snapshot"": ""LabA_Research_Institute_DC_10nodes"", ""metric"": ""mpls_ldp_router_id"", ""scope"": {""type"": ""DEVICE"", ""host"": ""leaf1""}}",bd1a393,['leaf1.cfg']
L2VPN_PW_ID_SET_p3,l2vpn_pw_id_set:40d255b5d8,Services_Inventory,L1,p3 장비에 설정된 L2VPN Pseudowire ID 목록을 알려주세요. [답변 형식: 리스트],NOT_CONFIGURED,set,[],,"{""snapshot"": ""LabA_Research_Institute_DC_10nodes"", ""metric"": ""l2vpn_pw_id_set"", ""scope"": {""type"": ""DEVICE"", ""host"": ""p3""}}",bd1a393,['p3.cfg']
L2VPN_PW_ID_SET_p1,l2vpn_pw_id_set:980d4425bd,Services_Inventory,L1,p1 장비에 설정된 L2VPN Pseudowire ID 목록을 알려주세요. [답변 형식: 리스트],NOT_CONFIGURED,set,[],,"{""snapshot"": ""LabA_Research_Institute_DC_10nodes"", ""metric"": ""l2vpn_pw_id_set"", ""scope"": {""type"": ""DEVICE"", ""host"": ""p1""}}",bd1a393,['p1.cfg']
L2VPN_PW_ID_SET_pe2,l2vpn_pw_id_set:3603999311,Services_Inventory,L1,pe2 장비에 설정된 L2VPN Pseudowire ID 목록을 알려주세요. [답변 형식: 리스트],NOT_CONFIGURED,set,[],,"{""snapshot"": ""LabA_Research_Institute_DC_10nodes"", ""metric"": ""l2vpn_pw_id_set"", ""scope"": {""type"": ""DEVICE"", ""host"": ""pe2""}}",bd1a393,['pe2.cfg']
L2VPN_PW_ID_SET_leaf1,l2vpn_pw_id_set:f3e677391b,Services_Inventory,L1,leaf1 장비에 설정된 L2VPN Pseudowire ID 목록을 알려주세요. [답변 형식: 리스트],NOT_CONFIGURED,set,[],,"{""snapshot"": ""LabA_Research_Institute_DC_10nodes"", ""metric"": ""l2vpn_pw_id_set"", ""scope"": {""type"": ""DEVICE"", ""host"": ""leaf1""}}",bd1a393,['leaf1.cfg']
L2VPN_PW_ID_SET_leaf4,l2vpn_pw_id_set:45a2dbebe1,Services_Inventory,L1,leaf4 장비에 설정된 L2VPN Pseudowire ID 목록을 알려주세요. [답변 형식: 리스트],NOT_CONFIGURED,set,[],,"{""snapshot"": ""LabA_Research_Institute_DC_10nodes"", ""metric"": ""l2vpn_pw_id_set"", ""scope"": {""type"": ""DEVICE"", ""host"": ""leaf4""}}",bd1a393,['leaf4.cfg']
L2VPN_PW_ID_SET_p4,l2vpn_pw_id_set:8eb660897d,Services_Inventory,L1,p4 장비에 설정된 L2VPN Pseudowire ID 목록을 알려주세요. [답변 형식: 리스트],NOT_CONFIGURED,set,[],,"{""snapshot"": ""LabA_Research_Institute_DC_10nodes"", ""metric"": ""l2vpn_pw_id_set"", ""scope"": {""type"": ""DEVICE"", ""host"": ""p4""}}",bd1a393,['p4.cfg']
L2VPN_PW_ID_SET_p2,l2vpn_pw_id_set:f84ad4329a,Services_Inventory,L1,p2 장비에 설정된 L2VPN Pseudowire ID 목록을 알려주세요. [답변 형식: 리스트],NOT_CONFIGURED,set,[],,"{""snapshot"": ""LabA_Research_Institute_DC_10nodes"", ""metric"": ""l2vpn_pw_id_set"", ""scope"": {""type"": ""DEVICE"", ""host"": ""p2""}}",bd1a393,['p2.cfg']
L2VPN_PW_ID_SET_pe1,l2vpn_pw_id_set:4f36bb8808,Services_Inventory,L1,pe1 장비에 설정된 L2VPN Pseudowire ID 목록을 알려주세요. [답변 형식: 리스트],NOT_CONFIGURED,set,[],,"{""snapshot"": ""LabA_Research_Institute_DC_10nodes"", ""metric"": ""l2vpn_pw_id_set"", ""scope"": {""type"": ""DEVICE"", ""host"": ""pe1""}}",bd1a393,['pe1.cfg']
L2VPN_PW_ID_SET_leaf2,l2vpn_pw_id_set:6e35c43dba,Services_Inventory,L1,leaf2 장비에 설정된 L2VPN Pseudowire ID 목록을 알려주세요. [답변 형식: 리스트],NOT_CONFIGURED,set,[],,"{""snapshot"": ""LabA_Research_Institute_DC_10nodes"", ""metric"": ""l2vpn_pw_id_set"", ""scope"": {""type"": ""DEVICE"", ""host"": ""leaf2""}}",bd1a393,['leaf2.cfg']
L2VPN_PW_ID_SET_leaf3,l2vpn_pw_id_set:6a7c231d8b,Services_Inventory,L1,leaf3 장비에 설정된 L2VPN Pseudowire ID 목록을 알려주세요. [답변 형식: 리스트],NOT_CONFIGURED,set,[],,"{""snapshot"": ""LabA_Research_Institute_DC_10nodes"", ""metric"": ""l2vpn_pw_id_set"", ""scope"": {""type"": ""DEVICE"", ""host"": ""leaf3""}}",bd1a393,['leaf3.cfg']
SSH_ENABLED_DEVICES,ssh_enabled_devices:566d4b6821,Security_Policy,L2,SSH 접속이 가능한 장비 목록을 알려주세요. [답변 형식: 리스트],OK,set,"[""leaf1"", ""leaf2"", ""leaf3"", ""leaf4"", ""p1"", ""p2"", ""p3"", ""p4"", ""pe1"", ""pe2""]",,"{""snapshot"": ""LabA_Research_Institute_DC_10nodes"", ""metric"": ""ssh_enabled_devices"", ""scope"": {""type"": ""GLOBAL""}}",bd1a393,"['leaf1.cfg', 'leaf2.cfg', 'leaf3.cfg', 'leaf4.cfg', 'p1.cfg', 'p2.cfg', 'p3.cfg', 'p4.cfg', 'pe1.cfg', 'pe2.cfg']"
SSH_MISSING_DEVICES,ssh_missing_devices:566d4b6821,Security_Policy,L2,SSH 접속이 불가능한 장비 목록을 알려주세요. [답변 형식: 리스트],OK,set,[],,"{""snapshot"": ""LabA_Research_Institute_DC_10nodes"", ""metric"": ""ssh_missing_devices"", ""scope"": {""type"": ""GLOBAL""}}",bd1a393,"['leaf1.cfg', 'leaf2.cfg', 'leaf3.cfg', 'leaf4.cfg', 'p1.cfg', 'p2.cfg', 'p3.cfg', 'p4.cfg', 'pe1.cfg', 'pe2.cfg']"
SSH_MISSING_COUNT,ssh_missing_count:566d4b6821,Security_Policy,L2,SSH 접속이 불가능한 장비는 총 몇 대입니까? [답변 형식: 숫자],OK,number,0,,"{""snapshot"": ""LabA_Research_Institute_DC_10nodes"", ""metric"": ""ssh_missing_count"", ""scope"": {""type"": ""GLOBAL""}}",bd1a393,"['leaf1.cfg', 'leaf2.cfg', 'leaf3.cfg', 'leaf4.cfg', 'p1.cfg', 'p2.cfg', 'p3.cfg', 'p4.cfg', 'pe1.cfg', 'pe2.cfg']"
AAA_ENABLED_DEVICES,aaa_enabled_devices:566d4b6821,Security_Policy,L2,AAA 기능이 활성화된 장비 목록을 알려주세요. [답변 형식: 리스트],OK,set,[],,"{""snapshot"": ""LabA_Research_Institute_DC_10nodes"", ""metric"": ""aaa_enabled_devices"", ""scope"": {""type"": ""GLOBAL""}}",bd1a393,"['leaf1.cfg', 'leaf2.cfg', 'leaf3.cfg', 'leaf4.cfg', 'p1.cfg', 'p2.cfg', 'p3.cfg', 'p4.cfg', 'pe1.cfg', 'pe2.cfg']"
AAA_MISSING_DEVICES,aaa_missing_devices:566d4b6821,Security_Policy,L2,AAA 기능이 비활성화된 장비 목록을 알려주세요. [답변 형식: 리스트],OK,set,"[""leaf1"", ""leaf2"", ""leaf3"", ""leaf4"", ""p1"", ""p2"", ""p3"", ""p4"", ""pe1"", ""pe2""]",,"{""snapshot"": ""LabA_Research_Institute_DC_10nodes"", ""metric"": ""aaa_missing_devices"", ""scope"": {""type"": ""GLOBAL""}}",bd1a393,"['leaf1.cfg', 'leaf2.cfg', 'leaf3.cfg', 'leaf4.cfg', 'p1.cfg', 'p2.cfg', 'p3.cfg', 'p4.cfg', 'pe1.cfg', 'pe2.cfg']"
DEVICES_WITH_SAME_VRF_VRF_BIO,devices_with_same_vrf:49a74c32ec,Security_Policy,L2,VRF_BIO VRF를 사용하는 장비 목록을 알려주세요. [답변 형식: 리스트],OK,set,"[""pe1"", ""pe2""]",,"{""snapshot"": ""LabA_Research_Institute_DC_10nodes"", ""metric"": ""devices_with_same_vrf"", ""scope"": {""type"": ""VRF"", ""vrf"": ""VRF_BIO""}}",bd1a393,"['pe1.cfg', 'pe2.cfg']"
DEVICES_WITH_SAME_VRF_VRF_AI,devices_with_same_vrf:d9debd50c2,Security_Policy,L2,VRF_AI VRF를 사용하는 장비 목록을 알려주세요. [답변 형식: 리스트],OK,set,"[""pe1"", ""pe2""]",,"{""snapshot"": ""LabA_Research_Institute_DC_10nodes"", ""metric"": ""devices_with_same_vrf"", ""scope"": {""type"": ""VRF"", ""vrf"": ""VRF_AI""}}",bd1a393,"['pe1.cfg', 'pe2.cfg']"
DEVICES_WITH_SAME_VRF_VRF_HPC,devices_with_same_vrf:b85d5b601c,Security_Policy,L2,VRF_HPC VRF를 사용하는 장비 목록을 알려주세요. [답변 형식: 리스트],OK,set,"[""pe1"", ""pe2""]",,"{""snapshot"": ""LabA_Research_Institute_DC_10nodes"", ""metric"": ""devices_with_same_vrf"", ""scope"": {""type"": ""VRF"", ""vrf"": ""VRF_HPC""}}",bd1a393,"['pe1.cfg', 'pe2.cfg']"
OSPF_AREA_MEMBERSHIP_0,ospf_area_membership:0ba8b6abd2,OSPF_Consistency,L2,OSPF Area 0에 속한 장비 목록을 알려주세요. [답변 형식: 리스트],OK,set,"[""p1"", ""p2"", ""p3"", ""p4"", ""pe1"", ""pe2""]",,"{""snapshot"": ""LabA_Research_Institute_DC_10nodes"", ""metric"": ""ospf_area_membership"", ""scope"": {""type"": ""OSPF_AREA"", ""area"": ""0""}}",bd1a393,"['p1.cfg', 'p2.cfg', 'p3.cfg', 'p4.cfg', 'pe1.cfg', 'pe2.cfg']"
OSPF_AREA0_IF_COUNT_leaf4,ospf_area0_if_count:45a2dbebe1,OSPF_Consistency,L2,leaf4 장비의 OSPF Area 0에 연결된 인터페이스는 총 몇 개입니까? [답변 형식: 숫자],OK,number,0,,"{""snapshot"": ""LabA_Research_Institute_DC_10nodes"", ""metric"": ""ospf_area0_if_count"", ""scope"": {""type"": ""DEVICE"", ""host"": ""leaf4""}}",bd1a393,['leaf4.cfg']
OSPF_AREA0_IF_COUNT_leaf1,ospf_area0_if_count:f3e677391b,OSPF_Consistency,L2,leaf1 장비의 OSPF Area 0에 연결된 인터페이스는 총 몇 개입니까? [답변 형식: 숫자],OK,number,0,,"{""snapshot"": ""LabA_Research_Institute_DC_10nodes"", ""metric"": ""ospf_area0_if_count"", ""scope"": {""type"": ""DEVICE"", ""host"": ""leaf1""}}",bd1a393,['leaf1.cfg']
OSPF_AREA0_IF_COUNT_pe1,ospf_area0_if_count:4f36bb8808,OSPF_Consistency,L2,pe1 장비의 OSPF Area 0에 연결된 인터페이스는 총 몇 개입니까? [답변 형식: 숫자],OK,number,2,,"{""snapshot"": ""LabA_Research_Institute_DC_10nodes"", ""metric"": ""ospf_area0_if_count"", ""scope"": {""type"": ""DEVICE"", ""host"": ""pe1""}}",bd1a393,['pe1.cfg']
OSPF_AREA0_IF_COUNT_leaf3,ospf_area0_if_count:6a7c231d8b,OSPF_Consistency,L2,leaf3 장비의 OSPF Area 0에 연결된 인터페이스는 총 몇 개입니까? [답변 형식: 숫자],OK,number,0,,"{""snapshot"": ""LabA_Research_Institute_DC_10nodes"", ""metric"": ""ospf_area0_if_count"", ""scope"": {""type"": ""DEVICE"", ""host"": ""leaf3""}}",bd1a393,['leaf3.cfg']
OSPF_AREA0_IF_COUNT_p4,ospf_area0_if_count:8eb660897d,OSPF_Consistency,L2,p4 장비의 OSPF Area 0에 연결된 인터페이스는 총 몇 개입니까? [답변 형식: 숫자],OK,number,3,,"{""snapshot"": ""LabA_Research_Institute_DC_10nodes"", ""metric"": ""ospf_area0_if_count"", ""scope"": {""type"": ""DEVICE"", ""host"": ""p4""}}",bd1a393,['p4.cfg']
OSPF_AREA0_IF_COUNT_p1,ospf_area0_if_count:980d4425bd,OSPF_Consistency,L2,p1 장비의 OSPF Area 0에 연결된 인터페이스는 총 몇 개입니까? [답변 형식: 숫자],OK,number,3,,"{""snapshot"": ""LabA_Research_Institute_DC_10nodes"", ""metric"": ""ospf_area0_if_count"", ""scope"": {""type"": ""DEVICE"", ""host"": ""p1""}}",bd1a393,['p1.cfg']
OSPF_AREA0_IF_COUNT_p2,ospf_area0_if_count:f84ad4329a,OSPF_Consistency,L2,p2 장비의 OSPF Area 0에 연결된 인터페이스는 총 몇 개입니까? [답변 형식: 숫자],OK,number,4,,"{""snapshot"": ""LabA_Research_Institute_DC_10nodes"", ""metric"": ""ospf_area0_if_count"", ""scope"": {""type"": ""DEVICE"", ""host"": ""p2""}}",bd1a393,['p2.cfg']
OSPF_AREA0_IF_COUNT_p3,ospf_area0_if_count:40d255b5d8,OSPF_Consistency,L2,p3 장비의 OSPF Area 0에 연결된 인터페이스는 총 몇 개입니까? [답변 형식: 숫자],OK,number,4,,"{""snapshot"": ""LabA_Research_Institute_DC_10nodes"", ""metric"": ""ospf_area0_if_count"", ""scope"": {""type"": ""DEVICE"", ""host"": ""p3""}}",bd1a393,['p3.cfg']
OSPF_AREA0_IF_COUNT_leaf2,ospf_area0_if_count:6e35c43dba,OSPF_Consistency,L2,leaf2 장비의 OSPF Area 0에 연결된 인터페이스는 총 몇 개입니까? [답변 형식: 숫자],OK,number,0,,"{""snapshot"": ""LabA_Research_Institute_DC_10nodes"", ""metric"": ""ospf_area0_if_count"", ""scope"": {""type"": ""DEVICE"", ""host"": ""leaf2""}}",bd1a393,['leaf2.cfg']
OSPF_AREA0_IF_COUNT_pe2,ospf_area0_if_count:3603999311,OSPF_Consistency,L2,pe2 장비의 OSPF Area 0에 연결된 인터페이스는 총 몇 개입니까? [답변 형식: 숫자],OK,number,2,,"{""snapshot"": ""LabA_Research_Institute_DC_10nodes"", ""metric"": ""ospf_area0_if_count"", ""scope"": {""type"": ""DEVICE"", ""host"": ""pe2""}}",bd1a393,['pe2.cfg']
OSPF_NEIGHBOR_COUNT_PER_AREA_0,ospf_neighbor_count_per_area:0ba8b6abd2,OSPF_Consistency,L2,OSPF Area 0의 이웃 관계는 총 몇 개입니까? [답변 형식: 숫자],OK,number,0,,"{""snapshot"": ""LabA_Research_Institute_DC_10nodes"", ""metric"": ""ospf_neighbor_count_per_area"", ""scope"": {""type"": ""OSPF_AREA"", ""area"": ""0""}}",bd1a393,"['leaf1.cfg', 'leaf2.cfg', 'leaf3.cfg', 'leaf4.cfg', 'p1.cfg', 'p2.cfg', 'p3.cfg', 'p4.cfg', 'pe1.cfg', 'pe2.cfg']"
L2VPN_PAIRS,l2vpn_pairs:566d4b6821,L2VPN_Consistency,L2,"구성된 L2VPN pseudowire 회선(장비쌍) 목록을 알려주세요. [답변 형식: ['A<->B', ...]]",OK,set,[],,"{""snapshot"": ""LabA_Research_Institute_DC_10nodes"", ""metric"": ""l2vpn_pairs"", ""scope"": {""type"": ""GLOBAL""}}",bd1a393,"['leaf1.cfg', 'leaf2.cfg', 'leaf3.cfg', 'leaf4.cfg', 'p1.cfg', 'p2.cfg', 'p3.cfg', 'p4.cfg', 'pe1.cfg', 'pe2.cfg']"
L2VPN_UNIDIRECTIONAL_PAIRS,l2vpn_unidirectional_pairs:566d4b6821,L2VPN_Consistency,L3,단방향으로만 설정된 L2VPN 회선(장비쌍) 목록을 알려주세요. [답변 형식: 리스트],OK,set,[],,"{""snapshot"": ""LabA_Research_Institute_DC_10nodes"", ""metric"": ""l2vpn_unidirectional_pairs"", ""scope"": {""type"": ""GLOBAL""}}",bd1a393,"['leaf1.cfg', 'leaf2.cfg', 'leaf3.cfg', 'leaf4.cfg', 'p1.cfg', 'p2.cfg', 'p3.cfg', 'p4.cfg', 'pe1.cfg', 'pe2.cfg']"
L2VPN_UNIDIR_COUNT,l2vpn_unidir_count:566d4b6821,L2VPN_Consistency,L3,단방향으로만 설정된 L2VPN 회선은 총 몇 개입니까? [답변 형식: 숫자],OK,number,0,,"{""snapshot"": ""LabA_Research_Institute_DC_10nodes"", ""metric"": ""l2vpn_unidir_count"", ""scope"": {""type"": ""GLOBAL""}}",bd1a393,"['leaf1.cfg', 'leaf2.cfg', 'leaf3.cfg', 'leaf4.cfg', 'p1.cfg', 'p2.cfg', 'p3.cfg', 'p4.cfg', 'pe1.cfg', 'pe2.cfg']"
L2VPN_PWID_MISMATCH_PAIRS,l2vpn_pwid_mismatch_pairs:566d4b6821,L2VPN_Consistency,L3,PW-ID가 불일치하는 L2VPN 회선(장비쌍) 목록을 알려주세요. [답변 형식: 리스트],OK,set,[],,"{""snapshot"": ""LabA_Research_Institute_DC_10nodes"", ""metric"": ""l2vpn_pwid_mismatch_pairs"", ""scope"": {""type"": ""GLOBAL""}}",bd1a393,"['leaf1.cfg', 'leaf2.cfg', 'leaf3.cfg', 'leaf4.cfg', 'p1.cfg', 'p2.cfg', 'p3.cfg', 'p4.cfg', 'pe1.cfg', 'pe2.cfg']"
L2VPN_MISMATCH_COUNT,l2vpn_mismatch_count:566d4b6821,L2VPN_Consistency,L3,PW-ID 불일치 또는 단방향 L2VPN 회선은 총 몇 개입니까? [답변 형식: 숫자],OK,number,0,,"{""snapshot"": ""LabA_Research_Institute_DC_10nodes"", ""metric"": ""l2vpn_mismatch_count"", ""scope"": {""type"": ""GLOBAL""}}",bd1a393,"['leaf1.cfg', 'leaf2.cfg', 'leaf3.cfg', 'leaf4.cfg', 'p1.cfg', 'p2.cfg', 'p3.cfg', 'p4.cfg', 'pe1.cfg', 'pe2.cfg']"
IBGP_MISSING_PAIRS_65000,ibgp_missing_pairs:be0094711b,BGP_Consistency,L3,AS 65000의 iBGP Full-Mesh에서 누락된 장비쌍 목록을 알려주세요. [답변 형식: 리스트],OK,set,[],,"{""snapshot"": ""LabA_Research_Institute_DC_10nodes"", ""metric"": ""ibgp_missing_pairs"", ""scope"": {""type"": ""AS"", ""asn"": ""65000""}}",bd1a393,"['leaf1.cfg', 'leaf2.cfg', 'leaf3.cfg', 'leaf4.cfg', 'p1.cfg', 'p2.cfg', 'p3.cfg', 'p4.cfg', 'pe1.cfg', 'pe2.cfg']"
IBGP_MISSING_PAIRS_COUNT_65000,ibgp_missing_pairs_count:be0094711b,BGP_Consistency,L3,AS 65000의 iBGP Full-Mesh에서 누락된 링크는 총 몇 개입니까? [답변 형식: 숫자],OK,number,0,,"{""snapshot"": ""LabA_Research_Institute_DC_10nodes"", ""metric"": ""ibgp_missing_pairs_count"", ""scope"": {""type"": ""AS"", ""asn"": ""65000""}}",bd1a393,"['leaf1.cfg', 'leaf2.cfg', 'leaf3.cfg', 'leaf4.cfg', 'p1.cfg', 'p2.cfg', 'p3.cfg', 'p4.cfg', 'pe1.cfg', 'pe2.cfg']"
IBGP_UNDER_PEERED_DEVICES_65000,ibgp_under_peered_devices:be0094711b,BGP_Consistency,L3,AS 65000에서 iBGP 피어 수가 부족한 장비 목록을 알려주세요. [답변 형식: 리스트],OK,set,[],,"{""snapshot"": ""LabA_Research_Institute_DC_10nodes"", ""metric"": ""ibgp_under_peered_devices"", ""scope"": {""type"": ""AS"", ""asn"": ""65000""}}",bd1a393,"['leaf1.cfg', 'leaf2.cfg', 'leaf3.cfg', 'leaf4.cfg', 'p1.cfg', 'p2.cfg', 'p3.cfg', 'p4.cfg', 'pe1.cfg', 'pe2.cfg']"
IBGP_UNDER_PEERED_COUNT_65000,ibgp_under_peered_count:be0094711b,BGP_Consistency,L3,AS 65000에서 iBGP 피어 수가 부족한 장비는 총 몇 대입니까? [답변 형식: 숫자],OK,number,0,,"{""snapshot"": ""LabA_Research_Institute_DC_10nodes"", ""metric"": ""ibgp_under_peered_count"", ""scope"": {""type"": ""AS"", ""asn"": ""65000""}}",bd1a393,"['leaf1.cfg', 'leaf2.cfg', 'leaf3.cfg', 'leaf4.cfg', 'p1.cfg', 'p2.cfg', 'p3.cfg', 'p4.cfg', 'pe1.cfg', 'pe2.cfg']"
VRF_WITHOUT_RT_PAIRS,vrf_without_rt_pairs:566d4b6821,VRF_Consistency,L3,route-target이 없는 VRF(장비/VRF) 목록을 알려주세요. [답변 형식: 리스트],OK,set,[],,"{""snapshot"": ""LabA_Research_Institute_DC_10nodes"", ""metric"": ""vrf_without_rt_pairs"", ""scope"": {""type"": ""GLOBAL""}}",bd1a393,"['leaf1.cfg', 'leaf2.cfg', 'leaf3.cfg', 'leaf4.cfg', 'p1.cfg', 'p2.cfg', 'p3.cfg', 'p4.cfg', 'pe1.cfg', 'pe2.cfg']"
VRF_WITHOUT_RT_COUNT,vrf_without_rt_count:566d4b6821,VRF_Consistency,L3,route-target이 없는 VRF(장비/VRF)는 총 몇 개입니까? [답변 형식: 숫자],OK,number,0,,"{""snapshot"": ""LabA_Research_Institute_DC_10nodes"", ""metric"": ""vrf_without_rt_count"", ""scope"": {""type"": ""GLOBAL""}}",bd1a393,"['leaf1.cfg', 'leaf2.cfg', 'leaf3.cfg', 'leaf4.cfg', 'p1.cfg', 'p2.cfg', 'p3.cfg', 'p4.cfg', 'pe1.cfg', 'pe2.cfg']"
VRF_RT_LIST_PER_DEVICE_p4,vrf_rt_list_per_device:8eb660897d,VRF_Consistency,L3,p4 장비에 설정된 route-target(중복 제거) 전체 목록을 알려주세요. [답변 형식: 리스트],OK,set,[],,"{""snapshot"": ""LabA_Research_Institute_DC_10nodes"", ""metric"": ""vrf_rt_list_per_device"", ""scope"": {""type"": ""DEVICE"", ""host"": ""p4""}}",bd1a393,['p4.cfg']
VRF_RT_LIST_PER_DEVICE_leaf1,vrf_rt_list_per_device:f3e677391b,VRF_Consistency,L3,leaf1 장비에 설정된 route-target(중복 제거) 전체 목록을 알려주세요. [답변 형식: 리스트],OK,set,[],,"{""snapshot"": ""LabA_Research_Institute_DC_10nodes"", ""metric"": ""vrf_rt_list_per_device"", ""scope"": {""type"": ""DEVICE"", ""host"": ""leaf1""}}",bd1a393,['leaf1.cfg']
VRF_RT_LIST_PER_DEVICE_pe2,vrf_rt_list_per_device:3603999311,VRF_Consistency,L3,pe2 장비에 설정된 route-target(중복 제거) 전체 목록을 알려주세요. [답변 형식: 리스트],OK,set,"[""65000:1"", ""65000:2"", ""65000:3""]",,"{""snapshot"": ""LabA_Research_Institute_DC_10nodes"", ""metric"": ""vrf_rt_list_per_device"", ""scope"": {""type"": ""DEVICE"", ""host"": ""pe2""}}",bd1a393,['pe2.cfg']
VRF_RT_LIST_PER_DEVICE_p3,vrf_rt_list_per_device:40d255b5d8,VRF_Consistency,L3,p3 장비에 설정된 route-target(중복 제거) 전체 목록을 알려주세요. [답변 형식: 리스트],OK,set,[],,"{""snapshot"": ""LabA_Research_Institute_DC_10nodes"", ""metric"": ""vrf_rt_list_per_device"", ""scope"": {""type"": ""DEVICE"", ""host"": ""p3""}}",bd1a393,['p3.cfg']
VRF_RT_LIST_PER_DEVICE_leaf3,vrf_rt_list_per_device:6a7c231d8b,VRF_Consistency,L3,leaf3 장비에 설정된 route-target(중복 제거) 전체 목록을 알려주세요. [답변 형식: 리스트],OK,set,[],,"{""snapshot"": ""LabA_Research_Institute_DC_10nodes"", ""metric"": ""vrf_rt_list_per_device"", ""scope"": {""type"": ""DEVICE"", ""host"": ""leaf3""}}",bd1a393,['leaf3.cfg']
VRF_RT_LIST_PER_DEVICE_leaf2,vrf_rt_list_per_device:6e35c43dba,VRF_Consistency,L3,leaf2 장비에 설정된 route-target(중복 제거) 전체 목록을 알려주세요. [답변 형식: 리스트],OK,set,[],,"{""snapshot"": ""LabA_Research_Institute_DC_10nodes"", ""metric"": ""vrf_rt_list_per_device"", ""scope"": {""type"": ""DEVICE"", ""host"": ""leaf2""}}",bd1a393,['leaf2.cfg']
VRF_RT_LIST_PER_DEVICE_pe1,vrf_rt_list_per_device:4f36bb8808,VRF_Consistency,L3,pe1 장비에 설정된 route-target(중복 제거) 전체 목록을 알려주세요. [답변 형식: 리스트],OK,set,"[""65000:1"", ""65000:2"", ""65000:3""]",,"{""snapshot"": ""LabA_Research_Institute_DC_10nodes"", ""metric"": ""vrf_rt_list_per_device"", ""scope"": {""type"": ""DEVICE"", ""host"": ""pe1""}}",bd1a393,['pe1.cfg']
VRF_RT_LIST_PER_DEVICE_p1,vrf_rt_list_per_device:980d4425bd,VRF_Consistency,L3,p1 장비에 설정된 route-target(중복 제거) 전체 목록을 알려주세요. [답변 형식: 리스트],OK,set,[],,"{""snapshot"": ""LabA_Research_Institute_DC_10nodes"", ""metric"": ""vrf_rt_list_per_device"", ""scope"": {""type"": ""DEVICE"", ""host"": ""p1""}}",bd1a393,['p1.cfg']
VRF_RT_LIST_PER_DEVICE_leaf4,vrf_rt_list_per_device:45a2dbebe1,VRF_Consistency,L3,leaf4 장비에 설정된 route-target(중복 제거) 전체 목록을 알려주세요. [답변 형식: 리스트],OK,set,[],,"{""snapshot"": ""LabA_Research_Institute_DC_10nodes"", ""metric"": ""vrf_rt_list_per_device"", ""scope"": {""type"": ""DEVICE"", ""host"": ""leaf4""}}",bd1a393,['leaf4.cfg']
VRF_RT_LIST_PER_DEVICE_p2,vrf_rt_list_per_device:f84ad4329a,VRF_Consistency,L3,p2 장비에 설정된 route-target(중복 제거) 전체 목록을 알려주세요. [답변 형식: 리스트],OK,set,[],,"{""snapshot"": ""LabA_Research_Institute_DC_10nodes"", ""metric"": ""vrf_rt_list_per_device"", ""scope"": {""type"": ""DEVICE"", ""host"": ""p2""}}",bd1a393,['p2.cfg']
COMPARE_BGP_NEIGHBOR_COUNT_leaf2_leaf3,compare_bgp_neighbor_count:28c137d622,Comparison_Analysis,L3,"leaf2와 leaf3의 BGP 피어 수를 비교하세요. [답변 형식: JSON {{""host1_count"": <int>, ""host2_count"": <int>, ""difference"": <int>}}]",OK,map_str_int,"{""difference"": 0, ""host1_count"": 0, ""host2_count"": 0}",,"{""snapshot"": ""LabA_Research_Institute_DC_10nodes"", ""metric"": ""compare_bgp_neighbor_count"", ""scope"": {""type"": ""DEVICE_PAIR"", ""host1"": ""leaf2"", ""host2"": ""leaf3""}}",bd1a393,"['leaf1.cfg', 'leaf2.cfg', 'leaf3.cfg', 'leaf4.cfg', 'p1.cfg', 'p2.cfg', 'p3.cfg', 'p4.cfg', 'pe1.cfg', 'pe2.cfg']"
COMPARE_BGP_NEIGHBOR_COUNT_leaf1_p2,compare_bgp_neighbor_count:2b225b5240,Comparison_Analysis,L3,"leaf1과 p2의 BGP 피어 수를 비교하세요. [답변 형식: JSON {{""host1_count"": <int>, ""host2_count"": <int>, ""difference"": <int>}}]",OK,map_str_int,"{""difference"": 0, ""host1_count"": 0, ""host2_count"": 0}",,"{""snapshot"": ""LabA_Research_Institute_DC_10nodes"", ""metric"": ""compare_bgp_neighbor_count"", ""scope"": {""type"": ""DEVICE_PAIR"", ""host1"": ""leaf1"", ""host2"": ""p2""}}",bd1a393,"['leaf1.cfg', 'leaf2.cfg', 'leaf3.cfg', 'leaf4.cfg', 'p1.cfg', 'p2.cfg', 'p3.cfg', 'p4.cfg', 'pe1.cfg', 'pe2.cfg']"
COMPARE_BGP_NEIGHBOR_COUNT_leaf2_p4,compare_bgp_neighbor_count:28eeb8bf7f,Comparison_Analysis,L3,"leaf2와 p4의 BGP 피어 수를 비교하세요. [답변 형식: JSON {{""host1_count"": <int>, ""host2_count"": <int>, ""difference"": <int>}}]",OK,map_str_int,"{""difference"": 0, ""host1_count"": 0, ""host2_count"": 0}",,"{""snapshot"": ""LabA_Research_Institute_DC_10nodes"", ""metric"": ""compare_bgp_neighbor_count"", ""scope"": {""type"": ""DEVICE_PAIR"", ""host1"": ""leaf2"", ""host2"": ""p4""}}",bd1a393,"['leaf1.cfg', 'leaf2.cfg', 'leaf3.cfg', 'leaf4.cfg', 'p1.cfg', 'p2.cfg', 'p3.cfg', 'p4.cfg', 'pe1.cfg', 'pe2.cfg']"
COMPARE_BGP_NEIGHBOR_COUNT_p1_pe2,compare_bgp_neighbor_count:76c159d61f,Comparison_Analysis,L3,"p1과 pe2의 BGP 피어 수를 비교하세요. [답변 형식: JSON {{""host1_count"": <int>, ""host2_count"": <int>, ""difference"": <int>}}]",OK,map_str_int,"{""difference"": 1, ""host1_count"": 0, ""host2_count"": 1}",,"{""snapshot"": ""LabA_Research_Institute_DC_10nodes"", ""metric"": ""compare_bgp_neighbor_count"", ""scope"": {""type"": ""DEVICE_PAIR"", ""host1"": ""p1"", ""host2"": ""pe2""}}",bd1a393,"['leaf1.cfg', 'leaf2.cfg', 'leaf3.cfg', 'leaf4.cfg', 'p1.cfg', 'p2.cfg', 'p3.cfg', 'p4.cfg', 'pe1.cfg', 'pe2.cfg']"
COMPARE_BGP_NEIGHBOR_COUNT_leaf1_pe2,compare_bgp_neighbor_count:a18abbe30e,Comparison_Analysis,L3,"leaf1과 pe2의 BGP 피어 수를 비교하세요. [답변 형식: JSON {{""host1_count"": <int>, ""host2_count"": <int>, ""difference"": <int>}}]",OK,map_str_int,"{""difference"": 1, ""host1_count"": 0, ""host2_count"": 1}",,"{""snapshot"": ""LabA_Research_Institute_DC_10nodes"", ""metric"": ""compare_bgp_neighbor_count"", ""scope"": {""type"": ""DEVICE_PAIR"", ""host1"": ""leaf1"", ""host2"": ""pe2""}}",bd1a393,"['leaf1.cfg', 'leaf2.cfg', 'leaf3.cfg', 'leaf4.cfg', 'p1.cfg', 'p2.cfg', 'p3.cfg', 'p4.cfg', 'pe1.cfg', 'pe2.cfg']"
COMPARE_BGP_NEIGHBOR_COUNT_leaf2_p3,compare_bgp_neighbor_count:1d01e43d2e,Comparison_Analysis,L3,"leaf2와 p3의 BGP 피어 수를 비교하세요. [답변 형식: JSON {{""host1_count"": <int>, ""host2_count"": <int>, ""difference"": <int>}}]",OK,map_str_int,"{""difference"": 0, ""host1_count"": 0, ""host2_count"": 0}",,"{""snapshot"": ""LabA_Research_Institute_DC_10nodes"", ""metric"": ""compare_bgp_neighbor_count"", ""scope"": {""type"": ""DEVICE_PAIR"", ""host1"": ""leaf2"", ""host2"": ""p3""}}",bd1a393,"['leaf1.cfg', 'leaf2.cfg', 'leaf3.cfg', 'leaf4.cfg', 'p1.cfg', 'p2.cfg', 'p3.cfg', 'p4.cfg', 'pe1.cfg', 'pe2.cfg']"
COMPARE_BGP_NEIGHBOR_COUNT_leaf4_p3,compare_bgp_neighbor_count:4cd8882567,Comparison_Analysis,L3,"leaf4와 p3의 BGP 피어 수를 비교하세요. [답변 형식: JSON {{""host1_count"": <int>, ""host2_count"": <int>, ""difference"": <int>}}]",OK,map_str_int,"{""difference"": 0, ""host1_count"": 0, ""host2_count"": 0}",,"{""snapshot"": ""LabA_Research_Institute_DC_10nodes"", ""metric"": ""compare_bgp_neighbor_count"", ""scope"": {""type"": ""DEVICE_PAIR"", ""host1"": ""leaf4"", ""host2"": ""p3""}}",bd1a393,"['leaf1.cfg', 'leaf2.cfg', 'leaf3.cfg', 'leaf4.cfg', 'p1.cfg', 'p2.cfg', 'p3.cfg', 'p4.cfg', 'pe1.cfg', 'pe2.cfg']"
COMPARE_BGP_NEIGHBOR_COUNT_p4_pe1,compare_bgp_neighbor_count:c59874a09d,Comparison_Analysis,L3,"p4와 pe1의 BGP 피어 수를 비교하세요. [답변 형식: JSON {{""host1_count"": <int>, ""host2_count"": <int>, ""difference"": <int>}}]",OK,map_str_int,"{""difference"": 1, ""host1_count"": 0, ""host2_count"": 1}",,"{""snapshot"": ""LabA_Research_Institute_DC_10nodes"", ""metric"": ""compare_bgp_neighbor_count"", ""scope"": {""type"": ""DEVICE_PAIR"", ""host1"": ""p4"", ""host2"": ""pe1""}}",bd1a393,"['leaf1.cfg', 'leaf2.cfg', 'leaf3.cfg', 'leaf4.cfg', 'p1.cfg', 'p2.cfg', 'p3.cfg', 'p4.cfg', 'pe1.cfg', 'pe2.cfg']"
COMPARE_BGP_NEIGHBOR_COUNT_leaf2_pe1,compare_bgp_neighbor_count:821b943816,Comparison_Analysis,L3,"leaf2와 pe1의 BGP 피어 수를 비교하세요. [답변 형식: JSON {{""host1_count"": <int>, ""host2_count"": <int>, ""difference"": <int>}}]",OK,map_str_int,"{""difference"": 1, ""host1_count"": 0, ""host2_count"": 1}",,"{""snapshot"": ""LabA_Research_Institute_DC_10nodes"", ""metric"": ""compare_bgp_neighbor_count"", ""scope"": {""type"": ""DEVICE_PAIR"", ""host1"": ""leaf2"", ""host2"": ""pe1""}}",bd1a393,"['leaf1.cfg', 'leaf2.cfg', 'leaf3.cfg', 'leaf4.cfg', 'p1.cfg', 'p2.cfg', 'p3.cfg', 'p4.cfg', 'pe1.cfg', 'pe2.cfg']"
COMPARE_BGP_NEIGHBOR_COUNT_p1_p4,compare_bgp_neighbor_count:826a016c3b,Comparison_Analysis,L3,"p1과 p4의 BGP 피어 수를 비교하세요. [답변 형식: JSON {{""host1_count"": <int>, ""host2_count"": <int>, ""difference"": <int>}}]",OK,map_str_int,"{""difference"": 0, ""host1_count"": 0, ""host2_count"": 0}",,"{""snapshot"": ""LabA_Research_Institute_DC_10nodes"", ""metric"": ""compare_bgp_neighbor_count"", ""scope"": {""type"": ""DEVICE_PAIR"", ""host1"": ""p1"", ""host2"": ""p4""}}",bd1a393,"['leaf1.cfg', 'leaf2.cfg', 'leaf3.cfg', 'leaf4.cfg', 'p1.cfg', 'p2.cfg', 'p3.cfg', 'p4.cfg', 'pe1.cfg', 'pe2.cfg']"
COMPARE_BGP_NEIGHBOR_COUNT_leaf3_pe1,compare_bgp_neighbor_count:970e8592a3,Comparison_Analysis,L3,"leaf3과 pe1의 BGP 피어 수를 비교하세요. [답변 형식: JSON {{""host1_count"": <int>, ""host2_count"": <int>, ""difference"": <int>}}]",OK,map_str_int,"{""difference"": 1, ""host1_count"": 0, ""host2_count"": 1}",,"{""snapshot"": ""LabA_Research_Institute_DC_10nodes"", ""metric"": ""compare_bgp_neighbor_count"", ""scope"": {""type"": ""DEVICE_PAIR"", ""host1"": ""leaf3"", ""host2"": ""pe1""}}",bd1a393,"['leaf1.cfg', 'leaf2.cfg', 'leaf3.cfg', 'leaf4.cfg', 'p1.cfg', 'p2.cfg', 'p3.cfg', 'p4.cfg', 'pe1.cfg', 'pe2.cfg']"
COMPARE_BGP_NEIGHBOR_COUNT_leaf4_pe2,compare_bgp_neighbor_count:c826851edb,Comparison_Analysis,L3,"leaf4와 pe2의 BGP 피어 수를 비교하세요. [답변 형식: JSON {{""host1_count"": <int>, ""host2_count"": <int>, ""difference"": <int>}}]",OK,map_str_int,"{""difference"": 1, ""host1_count"": 0, ""host2_count"": 1}",,"{""snapshot"": ""LabA_Research_Institute_DC_10nodes"", ""metric"": ""compare_bgp_neighbor_count"", ""scope"": {""type"": ""DEVICE_PAIR"", ""host1"": ""leaf4"", ""host2"": ""pe2""}}",bd1a393,"['leaf1.cfg', 'leaf2.cfg', 'leaf3.cfg', 'leaf4.cfg', 'p1.cfg', 'p2.cfg', 'p3.cfg', 'p4.cfg', 'pe1.cfg', 'pe2.cfg']"
COMPARE_BGP_NEIGHBOR_COUNT_leaf1_p4,compare_bgp_neighbor_count:fe2b242ee1,Comparison_Analysis,L3,"leaf1과 p4의 BGP 피어 수를 비교하세요. [답변 형식: JSON {{""host1_count"": <int>, ""host2_count"": <int>, ""difference"": <int>}}]",OK,map_str_int,"{""difference"": 0, ""host1_count"": 0, ""host2_count"": 0}",,"{""snapshot"": ""LabA_Research_Institute_DC_10nodes"", ""metric"": ""compare_bgp_neighbor_count"", ""scope"": {""type"": ""DEVICE_PAIR"", ""host1"": ""leaf1"", ""host2"": ""p4""}}",bd1a393,"['leaf1.cfg', 'leaf2.cfg', 'leaf3.cfg', 'leaf4.cfg', 'p1.cfg', 'p2.cfg', 'p3.cfg', 'p4.cfg', 'pe1.cfg', 'pe2.cfg']"
COMPARE_BGP_NEIGHBOR_COUNT_p3_p4,compare_bgp_neighbor_count:44508e5cd8,Comparison_Analysis,L3,"p3과 p4의 BGP 피어 수를 비교하세요. [답변 형식: JSON {{""host1_count"": <int>, ""host2_count"": <int>, ""difference"": <int>}}]",OK,map_str_int,"{""difference"": 0, ""host1_count"": 0, ""host2_count"": 0}",,"{""snapshot"": ""LabA_Research_Institute_DC_10nodes"", ""metric"": ""compare_bgp_neighbor_count"", ""scope"": {""type"": ""DEVICE_PAIR"", ""host1"": ""p3"", ""host2"": ""p4""}}",bd1a393,"['leaf1.cfg', 'leaf2.cfg', 'leaf3.cfg', 'leaf4.cfg', 'p1.cfg', 'p2.cfg', 'p3.cfg', 'p4.cfg', 'pe1.cfg', 'pe2.cfg']"
COMPARE_BGP_NEIGHBOR_COUNT_leaf2_p1,compare_bgp_neighbor_count:56dfdb710f,Comparison_Analysis,L3,"leaf2와 p1의 BGP 피어 수를 비교하세요. [답변 형식: JSON {{""host1_count"": <int>, ""host2_count"": <int>, ""difference"": <int>}}]",OK,map_str_int,"{""difference"": 0, ""host1_count"": 0, ""host2_count"": 0}",,"{""snapshot"": ""LabA_Research_Institute_DC_10nodes"", ""metric"": ""compare_bgp_neighbor_count"", ""scope"": {""type"": ""DEVICE_PAIR"", ""host1"": ""leaf2"", ""host2"": ""p1""}}",bd1a393,"['leaf1.cfg', 'leaf2.cfg', 'leaf3.cfg', 'leaf4.cfg', 'p1.cfg', 'p2.cfg', 'p3.cfg', 'p4.cfg', 'pe1.cfg', 'pe2.cfg']"
COMPARE_BGP_NEIGHBOR_COUNT_p2_p4,compare_bgp_neighbor_count:d586fc2eb4,Comparison_Analysis,L3,"p2와 p4의 BGP 피어 수를 비교하세요. [답변 형식: JSON {{""host1_count"": <int>, ""host2_count"": <int>, ""difference"": <int>}}]",OK,map_str_int,"{""difference"": 0, ""host1_count"": 0, ""host2_count"": 0}",,"{""snapshot"": ""LabA_Research_Institute_DC_10nodes"", ""metric"": ""compare_bgp_neighbor_count"", ""scope"": {""type"": ""DEVICE_PAIR"", ""host1"": ""p2"", ""host2"": ""p4""}}",bd1a393,"['leaf1.cfg', 'leaf2.cfg', 'leaf3.cfg', 'leaf4.cfg', 'p1.cfg', 'p2.cfg', 'p3.cfg', 'p4.cfg', 'pe1.cfg', 'pe2.cfg']"
COMPARE_BGP_NEIGHBOR_COUNT_leaf3_leaf4,compare_bgp_neighbor_count:9f8bdd12ab,Comparison_Analysis,L3,"leaf3과 leaf4의 BGP 피어 수를 비교하세요. [답변 형식: JSON {{""host1_count"": <int>, ""host2_count"": <int>, ""difference"": <int>}}]",OK,map_str_int,"{""difference"": 0, ""host1_count"": 0, ""host2_count"": 0}",,"{""snapshot"": ""LabA_Research_Institute_DC_10nodes"", ""metric"": ""compare_bgp_neighbor_count"", ""scope"": {""type"": ""DEVICE_PAIR"", ""host1"": ""leaf3"", ""host2"": ""leaf4""}}",bd1a393,"['leaf1.cfg', 'leaf2.cfg', 'leaf3.cfg', 'leaf4.cfg', 'p1.cfg', 'p2.cfg', 'p3.cfg', 'p4.cfg', 'pe1.cfg', 'pe2.cfg']"
COMPARE_BGP_NEIGHBOR_COUNT_leaf1_leaf2,compare_bgp_neighbor_count:cb3903f0e8,Comparison_Analysis,L3,"leaf1과 leaf2의 BGP 피어 수를 비교하세요. [답변 형식: JSON {{""host1_count"": <int>, ""host2_count"": <int>, ""difference"": <int>}}]",OK,map_str_int,"{""difference"": 0, ""host1_count"": 0, ""host2_count"": 0}",,"{""snapshot"": ""LabA_Research_Institute_DC_10nodes"", ""metric"": ""compare_bgp_neighbor_count"", ""scope"": {""type"": ""DEVICE_PAIR"", ""host1"": ""leaf1"", ""host2"": ""leaf2""}}",bd1a393,"['leaf1.cfg', 'leaf2.cfg', 'leaf3.cfg', 'leaf4.cfg', 'p1.cfg', 'p2.cfg', 'p3.cfg', 'p4.cfg', 'pe1.cfg', 'pe2.cfg']"
COMPARE_BGP_NEIGHBOR_COUNT_leaf1_p3,compare_bgp_neighbor_count:6cc42973c6,Comparison_Analysis,L3,"leaf1과 p3의 BGP 피어 수를 비교하세요. [답변 형식: JSON {{""host1_count"": <int>, ""host2_count"": <int>, ""difference"": <int>}}]",OK,map_str_int,"{""difference"": 0, ""host1_count"": 0, ""host2_count"": 0}",,"{""snapshot"": ""LabA_Research_Institute_DC_10nodes"", ""metric"": ""compare_bgp_neighbor_count"", ""scope"": {""type"": ""DEVICE_PAIR"", ""host1"": ""leaf1"", ""host2"": ""p3""}}",bd1a393,"['leaf1.cfg', 'leaf2.cfg', 'leaf3.cfg', 'leaf4.cfg', 'p1.cfg', 'p2.cfg', 'p3.cfg', 'p4.cfg', 'pe1.cfg', 'pe2.cfg']"
COMPARE_BGP_NEIGHBOR_COUNT_leaf2_pe2,compare_bgp_neighbor_count:7c0f6931b9,Comparison_Analysis,L3,"leaf2와 pe2의 BGP 피어 수를 비교하세요. [답변 형식: JSON {{""host1_count"": <int>, ""host2_count"": <int>, ""difference"": <int>}}]",OK,map_str_int,"{""difference"": 1, ""host1_count"": 0, ""host2_count"": 1}",,"{""snapshot"": ""LabA_Research_Institute_DC_10nodes"", ""metric"": ""compare_bgp_neighbor_count"", ""scope"": {""type"": ""DEVICE_PAIR"", ""host1"": ""leaf2"", ""host2"": ""pe2""}}",bd1a393,"['leaf1.cfg', 'leaf2.cfg', 'leaf3.cfg', 'leaf4.cfg', 'p1.cfg', 'p2.cfg', 'p3.cfg', 'p4.cfg', 'pe1.cfg', 'pe2.cfg']"
COMPARE_INTERFACE_COUNT_leaf1_p1,compare_interface_count:f9566ecf5b,Comparison_Analysis,L3,"leaf1과 p1의 인터페이스 수를 비교하세요. [답변 형식: JSON {{""host1_count"": <int>, ""host2_count"": <int>, ""difference"": <int>}}]",OK,map_str_int,"{""difference"": 1, ""host1_count"": 4, ""host2_count"": 5}",,"{""snapshot"": ""LabA_Research_Institute_DC_10nodes"", ""metric"": ""compare_interface_count"", ""scope"": {""type"": ""DEVICE_PAIR"", ""host1"": ""leaf1"", ""host2"": ""p1""}}",bd1a393,"['leaf1.cfg', 'leaf2.cfg', 'leaf3.cfg', 'leaf4.cfg', 'p1.cfg', 'p2.cfg', 'p3.cfg', 'p4.cfg', 'pe1.cfg', 'pe2.cfg']"
COMPARE_INTERFACE_COUNT_leaf1_leaf4,compare_interface_count:04cd16d96f,Comparison_Analysis,L3,"leaf1과 leaf4의 인터페이스 수를 비교하세요. [답변 형식: JSON {{""host1_count"": <int>, ""host2_count"": <int>, ""difference"": <int>}}]",OK,map_str_int,"{""difference"": 0, ""host1_count"": 4, ""host2_count"": 4}",,"{""snapshot"": ""LabA_Research_Institute_DC_10nodes"", ""metric"": ""compare_interface_count"", ""scope"": {""type"": ""DEVICE_PAIR"", ""host1"": ""leaf1"", ""host2"": ""leaf4""}}",bd1a393,"['leaf1.cfg', 'leaf2.cfg', 'leaf3.cfg', 'leaf4.cfg', 'p1.cfg', 'p2.cfg', 'p3.cfg', 'p4.cfg', 'pe1.cfg', 'pe2.cfg']"
COMPARE_INTERFACE_COUNT_leaf4_pe1,compare_interface_count:081c3a7829,Comparison_Analysis,L3,"leaf4와 pe1의 인터페이스 수를 비교하세요. [답변 형식: JSON {{""host1_count"": <int>, ""host2_count"": <int>, ""difference"": <int>}}]",OK,map_str_int,"{""difference"": 1, ""host1_count"": 4, ""host2_count"": 5}",,"{""snapshot"": ""LabA_Research_Institute_DC_10nodes"", ""metric"": ""compare_interface_count"", ""scope"": {""type"": ""DEVICE_PAIR"", ""host1"": ""leaf4"", ""host2"": ""pe1""}}",bd1a393,"['leaf1.cfg', 'leaf2.cfg', 'leaf3.cfg', 'leaf4.cfg', 'p1.cfg', 'p2.cfg', 'p3.cfg', 'p4.cfg', 'pe1.cfg', 'pe2.cfg']"
COMPARE_INTERFACE_COUNT_leaf2_p3,compare_interface_count:1d01e43d2e,Comparison_Analysis,L3,"leaf2와 p3의 인터페이스 수를 비교하세요. [답변 형식: JSON {{""host1_count"": <int>, ""host2_count"": <int>, ""difference"": <int>}}]",OK,map_str_int,"{""difference"": 1, ""host1_count"": 4, ""host2_count"": 5}",,"{""snapshot"": ""LabA_Research_Institute_DC_10nodes"", ""metric"": ""compare_interface_count"", ""scope"": {""type"": ""DEVICE_PAIR"", ""host1"": ""leaf2"", ""host2"": ""p3""}}",bd1a393,"['leaf1.cfg', 'leaf2.cfg', 'leaf3.cfg', 'leaf4.cfg', 'p1.cfg', 'p2.cfg', 'p3.cfg', 'p4.cfg', 'pe1.cfg', 'pe2.cfg']"
COMPARE_INTERFACE_COUNT_leaf1_pe2,compare_interface_count:a18abbe30e,Comparison_Analysis,L3,"leaf1과 pe2의 인터페이스 수를 비교하세요. [답변 형식: JSON {{""host1_count"": <int>, ""host2_count"": <int>, ""difference"": <int>}}]",OK,map_str_int,"{""difference"": 1, ""host1_count"": 4, ""host2_count"": 5}",,"{""snapshot"": ""LabA_Research_Institute_DC_10nodes"", ""metric"": ""compare_interface_count"", ""scope"": {""type"": ""DEVICE_PAIR"", ""host1"": ""leaf1"", ""host2"": ""pe2""}}",bd1a393,"['leaf1.cfg', 'leaf2.cfg', 'leaf3.cfg', 'leaf4.cfg', 'p1.cfg', 'p2.cfg', 'p3.cfg', 'p4.cfg', 'pe1.cfg', 'pe2.cfg']"
COMPARE_INTERFACE_COUNT_p2_pe2,compare_interface_count:39d47dfd6f,Comparison_Analysis,L3,"p2와 pe2의 인터페이스 수를 비교하세요. [답변 형식: JSON {{""host1_count"": <int>, ""host2_count"": <int>, ""difference"": <int>}}]",OK,map_str_int,"{""difference"": 0, ""host1_count"": 5, ""host2_count"": 5}",,"{""snapshot"": ""LabA_Research_Institute_DC_10nodes"", ""metric"": ""compare_interface_count"", ""scope"": {""type"": ""DEVICE_PAIR"", ""host1"": ""p2"", ""host2"": ""pe2""}}",bd1a393,"['leaf1.cfg', 'leaf2.cfg', 'leaf3.cfg', 'leaf4.cfg', 'p1.cfg', 'p2.cfg', 'p3.cfg', 'p4.cfg', 'pe1.cfg', 'pe2.cfg']"
COMPARE_INTERFACE_COUNT_leaf3_pe1,compare_interface_count:970e8592a3,Comparison_Analysis,L3,"leaf3과 pe1의 인터페이스 수를 비교하세요. [답변 형식: JSON {{""host1_count"": <int>, ""host2_count"": <int>, ""difference"": <int>}}]",OK,map_str_int,"{""difference"": 1, ""host1_count"": 4, ""host2_count"": 5}",,"{""snapshot"": ""LabA_Research_Institute_DC_10nodes"", ""metric"": ""compare_interface_count"", ""scope"": {""type"": ""DEVICE_PAIR"", ""host1"": ""leaf3"", ""host2"": ""pe1""}}",bd1a393,"['leaf1.cfg', 'leaf2.cfg', 'leaf3.cfg', 'leaf4.cfg', 'p1.cfg', 'p2.cfg', 'p3.cfg', 'p4.cfg', 'pe1.cfg', 'pe2.cfg']"
COMPARE_INTERFACE_COUNT_leaf4_p4,compare_interface_count:4ac77fb50e,Comparison_Analysis,L3,"leaf4와 p4의 인터페이스 수를 비교하세요. [답변 형식: JSON {{""host1_count"": <int>, ""host2_count"": <int>, ""difference"": <int>}}]",OK,map_str_int,"{""difference"": 1, ""host1_count"": 4, ""host2_count"": 5}",,"{""snapshot"": ""LabA_Research_Institute_DC_10nodes"", ""metric"": ""compare_interface_count"", ""scope"": {""type"": ""DEVICE_PAIR"", ""host1"": ""leaf4"", ""host2"": ""p4""}}",bd1a393,"['leaf1.cfg', 'leaf2.cfg', 'leaf3.cfg', 'leaf4.cfg', 'p1.cfg', 'p2.cfg', 'p3.cfg', 'p4.cfg', 'pe1.cfg', 'pe2.cfg']"
COMPARE_INTERFACE_COUNT_p2_p4,compare_interface_count:d586fc2eb4,Comparison_Analysis,L3,"p2와 p4의 인터페이스 수를 비교하세요. [답변 형식: JSON {{""host1_count"": <int>, ""host2_count"": <int>, ""difference"": <int>}}]",OK,map_str_int,"{""difference"": 0, ""host1_count"": 5, ""host2_count"": 5}",,"{""snapshot"": ""LabA_Research_Institute_DC_10nodes"", ""metric"": ""compare_interface_count"", ""scope"": {""type"": ""DEVICE_PAIR"", ""host1"": ""p2"", ""host2"": ""p4""}}",bd1a393,"['leaf1.cfg', 'leaf2.cfg', 'leaf3.cfg', 'leaf4.cfg', 'p1.cfg', 'p2.cfg', 'p3.cfg', 'p4.cfg', 'pe1.cfg', 'pe2.cfg']"
COMPARE_INTERFACE_COUNT_p1_p4,compare_interface_count:826a016c3b,Comparison_Analysis,L3,"p1과 p4의 인터페이스 수를 비교하세요. [답변 형식: JSON {{""host1_count"": <int>, ""host2_count"": <int>, ""difference"": <int>}}]",OK,map_str_int,"{""difference"": 0, ""host1_count"": 5, ""host2_count"": 5}",,"{""snapshot"": ""LabA_Research_Institute_DC_10nodes"", ""metric"": ""compare_interface_count"", ""scope"": {""type"": ""DEVICE_PAIR"", ""host1"": ""p1"", ""host2"": ""p4""}}",bd1a393,"['leaf1.cfg', 'leaf2.cfg', 'leaf3.cfg', 'leaf4.cfg', 'p1.cfg', 'p2.cfg', 'p3.cfg', 'p4.cfg', 'pe1.cfg', 'pe2.cfg']"
COMPARE_INTERFACE_COUNT_leaf2_leaf4,compare_interface_count:fc99a28422,Comparison_Analysis,L3,"leaf2와 leaf4의 인터페이스 수를 비교하세요. [답변 형식: JSON {{""host1_count"": <int>, ""host2_count"": <int>, ""difference"": <int>}}]",OK,map_str_int,"{""difference"": 0, ""host1_count"": 4, ""host2_count"": 4}",,"{""snapshot"": ""LabA_Research_Institute_DC_10nodes"", ""metric"": ""compare_interface_count"", ""scope"": {""type"": ""DEVICE_PAIR"", ""host1"": ""leaf2"", ""host2"": ""leaf4""}}",bd1a393,"['leaf1.cfg', 'leaf2.cfg', 'leaf3.cfg', 'leaf4.cfg', 'p1.cfg', 'p2.cfg', 'p3.cfg', 'p4.cfg', 'pe1.cfg', 'pe2.cfg']"
COMPARE_INTERFACE_COUNT_leaf3_leaf4,compare_interface_count:9f8bdd12ab,Comparison_Analysis,L3,"leaf3과 leaf4의 인터페이스 수를 비교하세요. [답변 형식: JSON {{""host1_count"": <int>, ""host2_count"": <int>, ""difference"": <int>}}]",OK,map_str_int,"{""difference"": 0, ""host1_count"": 4, ""host2_count"": 4}",,"{""snapshot"": ""LabA_Research_Institute_DC_10nodes"", ""metric"": ""compare_interface_count"", ""scope"": {""type"": ""DEVICE_PAIR"", ""host1"": ""leaf3"", ""host2"": ""leaf4""}}",bd1a393,"['leaf1.cfg', 'leaf2.cfg', 'leaf3.cfg', 'leaf4.cfg', 'p1.cfg', 'p2.cfg', 'p3.cfg', 'p4.cfg', 'pe1.cfg', 'pe2.cfg']"
COMPARE_INTERFACE_COUNT_p3_pe2,compare_interface_count:e05f069c1c,Comparison_Analysis,L3,"p3과 pe2의 인터페이스 수를 비교하세요. [답변 형식: JSON {{""host1_count"": <int>, ""host2_count"": <int>, ""difference"": <int>}}]",OK,map_str_int,"{""difference"": 0, ""host1_count"": 5, ""host2_count"": 5}",,"{""snapshot"": ""LabA_Research_Institute_DC_10nodes"", ""metric"": ""compare_interface_count"", ""scope"": {""type"": ""DEVICE_PAIR"", ""host1"": ""p3"", ""host2"": ""pe2""}}",bd1a393,"['leaf1.cfg', 'leaf2.cfg', 'leaf3.cfg', 'leaf4.cfg', 'p1.cfg', 'p2.cfg', 'p3.cfg', 'p4.cfg', 'pe1.cfg', 'pe2.cfg']"
COMPARE_INTERFACE_COUNT_leaf1_leaf2,compare_interface_count:cb3903f0e8,Comparison_Analysis,L3,"leaf1과 leaf2의 인터페이스 수를 비교하세요. [답변 형식: JSON {{""host1_count"": <int>, ""host2_count"": <int>, ""difference"": <int>}}]",OK,map_str_int,"{""difference"": 0, ""host1_count"": 4, ""host2_count"": 4}",,"{""snapshot"": ""LabA_Research_Institute_DC_10nodes"", ""metric"": ""compare_interface_count"", ""scope"": {""type"": ""DEVICE_PAIR"", ""host1"": ""leaf1"", ""host2"": ""leaf2""}}",bd1a393,"['leaf1.cfg', 'leaf2.cfg', 'leaf3.cfg', 'leaf4.cfg', 'p1.cfg', 'p2.cfg', 'p3.cfg', 'p4.cfg', 'pe1.cfg', 'pe2.cfg']"
COMPARE_INTERFACE_COUNT_leaf3_p4,compare_interface_count:321fcf456e,Comparison_Analysis,L3,"leaf3과 p4의 인터페이스 수를 비교하세요. [답변 형식: JSON {{""host1_count"": <int>, ""host2_count"": <int>, ""difference"": <int>}}]",OK,map_str_int,"{""difference"": 1, ""host1_count"": 4, ""host2_count"": 5}",,"{""snapshot"": ""LabA_Research_Institute_DC_10nodes"", ""metric"": ""compare_interface_count"", ""scope"": {""type"": ""DEVICE_PAIR"", ""host1"": ""leaf3"", ""host2"": ""p4""}}",bd1a393,"['leaf1.cfg', 'leaf2.cfg', 'leaf3.cfg', 'leaf4.cfg', 'p1.cfg', 'p2.cfg', 'p3.cfg', 'p4.cfg', 'pe1.cfg', 'pe2.cfg']"
COMPARE_INTERFACE_COUNT_p4_pe1,compare_interface_count:c59874a09d,Comparison_Analysis,L3,"p4와 pe1의 인터페이스 수를 비교하세요. [답변 형식: JSON {{""host1_count"": <int>, ""host2_count"": <int>, ""difference"": <int>}}]",OK,map_str_int,"{""difference"": 0, ""host1_count"": 5, ""host2_count"": 5}",,"{""snapshot"": ""LabA_Research_Institute_DC_10nodes"", ""metric"": ""compare_interface_count"", ""scope"": {""type"": ""DEVICE_PAIR"", ""host1"": ""p4"", ""host2"": ""pe1""}}",bd1a393,"['leaf1.cfg', 'leaf2.cfg', 'leaf3.cfg', 'leaf4.cfg', 'p1.cfg', 'p2.cfg', 'p3.cfg', 'p4.cfg', 'pe1.cfg', 'pe2.cfg']"
COMPARE_INTERFACE_COUNT_p1_p3,compare_interface_count:06533eb8e1,Comparison_Analysis,L3,"p1과 p3의 인터페이스 수를 비교하세요. [답변 형식: JSON {{""host1_count"": <int>, ""host2_count"": <int>, ""difference"": <int>}}]",OK,map_str_int,"{""difference"": 0, ""host1_count"": 5, ""host2_count"": 5}",,"{""snapshot"": ""LabA_Research_Institute_DC_10nodes"", ""metric"": ""compare_interface_count"", ""scope"": {""type"": ""DEVICE_PAIR"", ""host1"": ""p1"", ""host2"": ""p3""}}",bd1a393,"['leaf1.cfg', 'leaf2.cfg', 'leaf3.cfg', 'leaf4.cfg', 'p1.cfg', 'p2.cfg', 'p3.cfg', 'p4.cfg', 'pe1.cfg', 'pe2.cfg']"
COMPARE_INTERFACE_COUNT_p1_p2,compare_interface_count:782d224a0e,Comparison_Analysis,L3,"p1과 p2의 인터페이스 수를 비교하세요. [답변 형식: JSON {{""host1_count"": <int>, ""host2_count"": <int>, ""difference"": <int>}}]",OK,map_str_int,"{""difference"": 0, ""host1_count"": 5, ""host2_count"": 5}",,"{""snapshot"": ""LabA_Research_Institute_DC_10nodes"", ""metric"": ""compare_interface_count"", ""scope"": {""type"": ""DEVICE_PAIR"", ""host1"": ""p1"", ""host2"": ""p2""}}",bd1a393,"['leaf1.cfg', 'leaf2.cfg', 'leaf3.cfg', 'leaf4.cfg', 'p1.cfg', 'p2.cfg', 'p3.cfg', 'p4.cfg', 'pe1.cfg', 'pe2.cfg']"
COMPARE_INTERFACE_COUNT_leaf1_p3,compare_interface_count:6cc42973c6,Comparison_Analysis,L3,"leaf1과 p3의 인터페이스 수를 비교하세요. [답변 형식: JSON {{""host1_count"": <int>, ""host2_count"": <int>, ""difference"": <int>}}]",OK,map_str_int,"{""difference"": 1, ""host1_count"": 4, ""host2_count"": 5}",,"{""snapshot"": ""LabA_Research_Institute_DC_10nodes"", ""metric"": ""compare_interface_count"", ""scope"": {""type"": ""DEVICE_PAIR"", ""host1"": ""leaf1"", ""host2"": ""p3""}}",bd1a393,"['leaf1.cfg', 'leaf2.cfg', 'leaf3.cfg', 'leaf4.cfg', 'p1.cfg', 'p2.cfg', 'p3.cfg', 'p4.cfg', 'pe1.cfg', 'pe2.cfg']"
COMPARE_INTERFACE_COUNT_leaf2_pe2,compare_interface_count:7c0f6931b9,Comparison_Analysis,L3,"leaf2와 pe2의 인터페이스 수를 비교하세요. [답변 형식: JSON {{""host1_count"": <int>, ""host2_count"": <int>, ""difference"": <int>}}]",OK,map_str_int,"{""difference"": 1, ""host1_count"": 4, ""host2_count"": 5}",,"{""snapshot"": ""LabA_Research_Institute_DC_10nodes"", ""metric"": ""compare_interface_count"", ""scope"": {""type"": ""DEVICE_PAIR"", ""host1"": ""leaf2"", ""host2"": ""pe2""}}",bd1a393,"['leaf1.cfg', 'leaf2.cfg', 'leaf3.cfg', 'leaf4.cfg', 'p1.cfg', 'p2.cfg', 'p3.cfg', 'p4.cfg', 'pe1.cfg', 'pe2.cfg']"
COMPARE_VRF_COUNT_leaf2_p1,compare_vrf_count:56dfdb710f,Comparison_Analysis,L3,"leaf2와 p1의 VRF 수를 비교하세요. [답변 형식: JSON {{""host1_count"": <int>, ""host2_count"": <int>, ""difference"": <int>}}]",OK,map_str_int,"{""difference"": 0, ""host1_count"": 0, ""host2_count"": 0}",,"{""snapshot"": ""LabA_Research_Institute_DC_10nodes"", ""metric"": ""compare_vrf_count"", ""scope"": {""type"": ""DEVICE_PAIR"", ""host1"": ""leaf2"", ""host2"": ""p1""}}",bd1a393,"['leaf1.cfg', 'leaf2.cfg', 'leaf3.cfg', 'leaf4.cfg', 'p1.cfg', 'p2.cfg', 'p3.cfg', 'p4.cfg', 'pe1.cfg', 'pe2.cfg']"
COMPARE_VRF_COUNT_p3_pe1,compare_vrf_count:833618587d,Comparison_Analysis,L3,"p3과 pe1의 VRF 수를 비교하세요. [답변 형식: JSON {{""host1_count"": <int>, ""host2_count"": <int>, ""difference"": <int>}}]",OK,map_str_int,"{""difference"": 3, ""host1_count"": 0, ""host2_count"": 3}",,"{""snapshot"": ""LabA_Research_Institute_DC_10nodes"", ""metric"": ""compare_vrf_count"", ""scope"": {""type"": ""DEVICE_PAIR"", ""host1"": ""p3"", ""host2"": ""pe1""}}",bd1a393,"['leaf1.cfg', 'leaf2.cfg', 'leaf3.cfg', 'leaf4.cfg', 'p1.cfg', 'p2.cfg', 'p3.cfg', 'p4.cfg', 'pe1.cfg', 'pe2.cfg']"
COMPARE_VRF_COUNT_leaf3_pe1,compare_vrf_count:970e8592a3,Comparison_Analysis,L3,"leaf3과 pe1의 VRF 수를 비교하세요. [답변 형식: JSON {{""host1_count"": <int>, ""host2_count"": <int>, ""difference"": <int>}}]",OK,map_str_int,"{""difference"": 3, ""host1_count"": 0, ""host2_count"": 3}",,"{""snapshot"": ""LabA_Research_Institute_DC_10nodes"", ""metric"": ""compare_vrf_count"", ""scope"": {""type"": ""DEVICE_PAIR"", ""host1"": ""leaf3"", ""host2"": ""pe1""}}",bd1a393,"['leaf1.cfg', 'leaf2.cfg', 'leaf3.cfg', 'leaf4.cfg', 'p1.cfg', 'p2.cfg', 'p3.cfg', 'p4.cfg', 'pe1.cfg', 'pe2.cfg']"
COMPARE_VRF_COUNT_leaf4_p2,compare_vrf_count:7def706fba,Comparison_Analysis,L3,"leaf4와 p2의 VRF 수를 비교하세요. [답변 형식: JSON {{""host1_count"": <int>, ""host2_count"": <int>, ""difference"": <int>}}]",OK,map_str_int,"{""difference"": 0, ""host1_count"": 0, ""host2_count"": 0}",,"{""snapshot"": ""LabA_Research_Institute_DC_10nodes"", ""metric"": ""compare_vrf_count"", ""scope"": {""type"": ""DEVICE_PAIR"", ""host1"": ""leaf4"", ""host2"": ""p2""}}",bd1a393,"['leaf1.cfg', 'leaf2.cfg', 'leaf3.cfg', 'leaf4.cfg', 'p1.cfg', 'p2.cfg', 'p3.cfg', 'p4.cfg', 'pe1.cfg', 'pe2.cfg']"
COMPARE_VRF_COUNT_p1_p3,compare_vrf_count:06533eb8e1,Comparison_Analysis,L3,"p1과 p3의 VRF 수를 비교하세요. [답변 형식: JSON {{""host1_count"": <int>, ""host2_count"": <int>, ""difference"": <int>}}]",OK,map_str_int,"{""difference"": 0, ""host1_count"": 0, ""host2_count"": 0}",,"{""snapshot"": ""LabA_Research_Institute_DC_10nodes"", ""metric"": ""compare_vrf_count"", ""scope"": {""type"": ""DEVICE_PAIR"", ""host1"": ""p1"", ""host2"": ""p3""}}",bd1a393,"['leaf1.cfg', 'leaf2.cfg', 'leaf3.cfg', 'leaf4.cfg', 'p1.cfg', 'p2.cfg', 'p3.cfg', 'p4.cfg', 'pe1.cfg', 'pe2.cfg']"
COMPARE_VRF_COUNT_leaf1_p4,compare_vrf_count:fe2b242ee1,Comparison_Analysis,L3,"leaf1과 p4의 VRF 수를 비교하세요. [답변 형식: JSON {{""host1_count"": <int>, ""host2_count"": <int>, ""difference"": <int>}}]",OK,map_str_int,"{""difference"": 0, ""host1_count"": 0, ""host2_count"": 0}",,"{""snapshot"": ""LabA_Research_Institute_DC_10nodes"", ""metric"": ""compare_vrf_count"", ""scope"": {""type"": ""DEVICE_PAIR"", ""host1"": ""leaf1"", ""host2"": ""p4""}}",bd1a393,"['leaf1.cfg', 'leaf2.cfg', 'leaf3.cfg', 'leaf4.cfg', 'p1.cfg', 'p2.cfg', 'p3.cfg', 'p4.cfg', 'pe1.cfg', 'pe2.cfg']"
COMPARE_VRF_COUNT_leaf2_leaf3,compare_vrf_count:28c137d622,Comparison_Analysis,L3,"leaf2와 leaf3의 VRF 수를 비교하세요. [답변 형식: JSON {{""host1_count"": <int>, ""host2_count"": <int>, ""difference"": <int>}}]",OK,map_str_int,"{""difference"": 0, ""host1_count"": 0, ""host2_count"": 0}",,"{""snapshot"": ""LabA_Research_Institute_DC_10nodes"", ""metric"": ""compare_vrf_count"", ""scope"": {""type"": ""DEVICE_PAIR"", ""host1"": ""leaf2"", ""host2"": ""leaf3""}}",bd1a393,"['leaf1.cfg', 'leaf2.cfg', 'leaf3.cfg', 'leaf4.cfg', 'p1.cfg', 'p2.cfg', 'p3.cfg', 'p4.cfg', 'pe1.cfg', 'pe2.cfg']"
COMPARE_VRF_COUNT_leaf4_p3,compare_vrf_count:4cd8882567,Comparison_Analysis,L3,"leaf4와 p3의 VRF 수를 비교하세요. [답변 형식: JSON {{""host1_count"": <int>, ""host2_count"": <int>, ""difference"": <int>}}]",OK,map_str_int,"{""difference"": 0, ""host1_count"": 0, ""host2_count"": 0}",,"{""snapshot"": ""LabA_Research_Institute_DC_10nodes"", ""metric"": ""compare_vrf_count"", ""scope"": {""type"": ""DEVICE_PAIR"", ""host1"": ""leaf4"", ""host2"": ""p3""}}",bd1a393,"['leaf1.cfg', 'leaf2.cfg', 'leaf3.cfg', 'leaf4.cfg', 'p1.cfg', 'p2.cfg', 'p3.cfg', 'p4.cfg', 'pe1.cfg', 'pe2.cfg']"
COMPARE_VRF_COUNT_p1_p2,compare_vrf_count:782d224a0e,Comparison_Analysis,L3,"p1과 p2의 VRF 수를 비교하세요. [답변 형식: JSON {{""host1_count"": <int>, ""host2_count"": <int>, ""difference"": <int>}}]",OK,map_str_int,"{""difference"": 0, ""host1_count"": 0, ""host2_count"": 0}",,"{""snapshot"": ""LabA_Research_Institute_DC_10nodes"", ""metric"": ""compare_vrf_count"", ""scope"": {""type"": ""DEVICE_PAIR"", ""host1"": ""p1"", ""host2"": ""p2""}}",bd1a393,"['leaf1.cfg', 'leaf2.cfg', 'leaf3.cfg', 'leaf4.cfg', 'p1.cfg', 'p2.cfg', 'p3.cfg', 'p4.cfg', 'pe1.cfg', 'pe2.cfg']"
COMPARE_VRF_COUNT_leaf4_pe2,compare_vrf_count:c826851edb,Comparison_Analysis,L3,"leaf4와 pe2의 VRF 수를 비교하세요. [답변 형식: JSON {{""host1_count"": <int>, ""host2_count"": <int>, ""difference"": <int>}}]",OK,map_str_int,"{""difference"": 3, ""host1_count"": 0, ""host2_count"": 3}",,"{""snapshot"": ""LabA_Research_Institute_DC_10nodes"", ""metric"": ""compare_vrf_count"", ""scope"": {""type"": ""DEVICE_PAIR"", ""host1"": ""leaf4"", ""host2"": ""pe2""}}",bd1a393,"['leaf1.cfg', 'leaf2.cfg', 'leaf3.cfg', 'leaf4.cfg', 'p1.cfg', 'p2.cfg', 'p3.cfg', 'p4.cfg', 'pe1.cfg', 'pe2.cfg']"
COMPARE_VRF_COUNT_leaf1_leaf3,compare_vrf_count:cc7398c0ae,Comparison_Analysis,L3,"leaf1과 leaf3의 VRF 수를 비교하세요. [답변 형식: JSON {{""host1_count"": <int>, ""host2_count"": <int>, ""difference"": <int>}}]",OK,map_str_int,"{""difference"": 0, ""host1_count"": 0, ""host2_count"": 0}",,"{""snapshot"": ""LabA_Research_Institute_DC_10nodes"", ""metric"": ""compare_vrf_count"", ""scope"": {""type"": ""DEVICE_PAIR"", ""host1"": ""leaf1"", ""host2"": ""leaf3""}}",bd1a393,"['leaf1.cfg', 'leaf2.cfg', 'leaf3.cfg', 'leaf4.cfg', 'p1.cfg', 'p2.cfg', 'p3.cfg', 'p4.cfg', 'pe1.cfg', 'pe2.cfg']"
COMPARE_VRF_COUNT_leaf2_p3,compare_vrf_count:1d01e43d2e,Comparison_Analysis,L3,"leaf2와 p3의 VRF 수를 비교하세요. [답변 형식: JSON {{""host1_count"": <int>, ""host2_count"": <int>, ""difference"": <int>}}]",OK,map_str_int,"{""difference"": 0, ""host1_count"": 0, ""host2_count"": 0}",,"{""snapshot"": ""LabA_Research_Institute_DC_10nodes"", ""metric"": ""compare_vrf_count"", ""scope"": {""type"": ""DEVICE_PAIR"", ""host1"": ""leaf2"", ""host2"": ""p3""}}",bd1a393,"['leaf1.cfg', 'leaf2.cfg', 'leaf3.cfg', 'leaf4.cfg', 'p1.cfg', 'p2.cfg', 'p3.cfg', 'p4.cfg', 'pe1.cfg', 'pe2.cfg']"
COMPARE_VRF_COUNT_leaf3_pe2,compare_vrf_count:a85fe8ed11,Comparison_Analysis,L3,"leaf3과 pe2의 VRF 수를 비교하세요. [답변 형식: JSON {{""host1_count"": <int>, ""host2_count"": <int>, ""difference"": <int>}}]",OK,map_str_int,"{""difference"": 3, ""host1_count"": 0, ""host2_count"": 3}",,"{""snapshot"": ""LabA_Research_Institute_DC_10nodes"", ""metric"": ""compare_vrf_count"", ""scope"": {""type"": ""DEVICE_PAIR"", ""host1"": ""leaf3"", ""host2"": ""pe2""}}",bd1a393,"['leaf1.cfg', 'leaf2.cfg', 'leaf3.cfg', 'leaf4.cfg', 'p1.cfg', 'p2.cfg', 'p3.cfg', 'p4.cfg', 'pe1.cfg', 'pe2.cfg']"
COMPARE_VRF_COUNT_p4_pe1,compare_vrf_count:c59874a09d,Comparison_Analysis,L3,"p4와 pe1의 VRF 수를 비교하세요. [답변 형식: JSON {{""host1_count"": <int>, ""host2_count"": <int>, ""difference"": <int>}}]",OK,map_str_int,"{""difference"": 3, ""host1_count"": 0, ""host2_count"": 3}",,"{""snapshot"": ""LabA_Research_Institute_DC_10nodes"", ""metric"": ""compare_vrf_count"", ""scope"": {""type"": ""DEVICE_PAIR"", ""host1"": ""p4"", ""host2"": ""pe1""}}",bd1a393,"['leaf1.cfg', 'leaf2.cfg', 'leaf3.cfg', 'leaf4.cfg', 'p1.cfg', 'p2.cfg', 'p3.cfg', 'p4.cfg', 'pe1.cfg', 'pe2.cfg']"
COMPARE_VRF_COUNT_leaf3_p4,compare_vrf_count:321fcf456e,Comparison_Analysis,L3,"leaf3과 p4의 VRF 수를 비교하세요. [답변 형식: JSON {{""host1_count"": <int>, ""host2_count"": <int>, ""difference"": <int>}}]",OK,map_str_int,"{""difference"": 0, ""host1_count"": 0, ""host2_count"": 0}",,"{""snapshot"": ""LabA_Research_Institute_DC_10nodes"", ""metric"": ""compare_vrf_count"", ""scope"": {""type"": ""DEVICE_PAIR"", ""host1"": ""leaf3"", ""host2"": ""p4""}}",bd1a393,"['leaf1.cfg', 'leaf2.cfg', 'leaf3.cfg', 'leaf4.cfg', 'p1.cfg', 'p2.cfg', 'p3.cfg', 'p4.cfg', 'pe1.cfg', 'pe2.cfg']"
COMPARE_VRF_COUNT_p3_pe2,compare_vrf_count:e05f069c1c,Comparison_Analysis,L3,"p3과 pe2의 VRF 수를 비교하세요. [답변 형식: JSON {{""host1_count"": <int>, ""host2_count"": <int>, ""difference"": <int>}}]",OK,map_str_int,"{""difference"": 3, ""host1_count"": 0, ""host2_count"": 3}",,"{""snapshot"": ""LabA_Research_Institute_DC_10nodes"", ""metric"": ""compare_vrf_count"", ""scope"": {""type"": ""DEVICE_PAIR"", ""host1"": ""p3"", ""host2"": ""pe2""}}",bd1a393,"['leaf1.cfg', 'leaf2.cfg', 'leaf3.cfg', 'leaf4.cfg', 'p1.cfg', 'p2.cfg', 'p3.cfg', 'p4.cfg', 'pe1.cfg', 'pe2.cfg']"
COMPARE_VRF_COUNT_p2_p3,compare_vrf_count:b2a7c14989,Comparison_Analysis,L3,"p2와 p3의 VRF 수를 비교하세요. [답변 형식: JSON {{""host1_count"": <int>, ""host2_count"": <int>, ""difference"": <int>}}]",OK,map_str_int,"{""difference"": 0, ""host1_count"": 0, ""host2_count"": 0}",,"{""snapshot"": ""LabA_Research_Institute_DC_10nodes"", ""metric"": ""compare_vrf_count"", ""scope"": {""type"": ""DEVICE_PAIR"", ""host1"": ""p2"", ""host2"": ""p3""}}",bd1a393,"['leaf1.cfg', 'leaf2.cfg', 'leaf3.cfg', 'leaf4.cfg', 'p1.cfg', 'p2.cfg', 'p3.cfg', 'p4.cfg', 'pe1.cfg', 'pe2.cfg']"
COMPARE_VRF_COUNT_p3_p4,compare_vrf_count:44508e5cd8,Comparison_Analysis,L3,"p3과 p4의 VRF 수를 비교하세요. [답변 형식: JSON {{""host1_count"": <int>, ""host2_count"": <int>, ""difference"": <int>}}]",OK,map_str_int,"{""difference"": 0, ""host1_count"": 0, ""host2_count"": 0}",,"{""snapshot"": ""LabA_Research_Institute_DC_10nodes"", ""metric"": ""compare_vrf_count"", ""scope"": {""type"": ""DEVICE_PAIR"", ""host1"": ""p3"", ""host2"": ""p4""}}",bd1a393,"['leaf1.cfg', 'leaf2.cfg', 'leaf3.cfg', 'leaf4.cfg', 'p1.cfg', 'p2.cfg', 'p3.cfg', 'p4.cfg', 'pe1.cfg', 'pe2.cfg']"
COMPARE_VRF_COUNT_leaf2_leaf4,compare_vrf_count:fc99a28422,Comparison_Analysis,L3,"leaf2와 leaf4의 VRF 수를 비교하세요. [답변 형식: JSON {{""host1_count"": <int>, ""host2_count"": <int>, ""difference"": <int>}}]",OK,map_str_int,"{""difference"": 0, ""host1_count"": 0, ""host2_count"": 0}",,"{""snapshot"": ""LabA_Research_Institute_DC_10nodes"", ""metric"": ""compare_vrf_count"", ""scope"": {""type"": ""DEVICE_PAIR"", ""host1"": ""leaf2"", ""host2"": ""leaf4""}}",bd1a393,"['leaf1.cfg', 'leaf2.cfg', 'leaf3.cfg', 'leaf4.cfg', 'p1.cfg', 'p2.cfg', 'p3.cfg', 'p4.cfg', 'pe1.cfg', 'pe2.cfg']"
COMPARE_VRF_COUNT_leaf2_pe1,compare_vrf_count:821b943816,Comparison_Analysis,L3,"leaf2와 pe1의 VRF 수를 비교하세요. [답변 형식: JSON {{""host1_count"": <int>, ""host2_count"": <int>, ""difference"": <int>}}]",OK,map_str_int,"{""difference"": 3, ""host1_count"": 0, ""host2_count"": 3}",,"{""snapshot"": ""LabA_Research_Institute_DC_10nodes"", ""metric"": ""compare_vrf_count"", ""scope"": {""type"": ""DEVICE_PAIR"", ""host1"": ""leaf2"", ""host2"": ""pe1""}}",bd1a393,"['leaf1.cfg', 'leaf2.cfg', 'leaf3.cfg', 'leaf4.cfg', 'p1.cfg', 'p2.cfg', 'p3.cfg', 'p4.cfg', 'pe1.cfg', 'pe2.cfg']"
COMPARE_BGP_AS_leaf2_p3,compare_bgp_as:1d01e43d2e,Comparison_Analysis,L3,"leaf2와 p3의 BGP Local AS 번호를 각각 알려주세요. [답변 형식: 'leaf2: AS X, p3: AS Y']",OK,text,"""leaf2: AS N/A, p3: AS N/A""",,"{""snapshot"": ""LabA_Research_Institute_DC_10nodes"", ""metric"": ""compare_bgp_as"", ""scope"": {""type"": ""DEVICE_PAIR"", ""host1"": ""leaf2"", ""host2"": ""p3""}}",bd1a393,"['leaf1.cfg', 'leaf2.cfg', 'leaf3.cfg', 'leaf4.cfg', 'p1.cfg', 'p2.cfg', 'p3.cfg', 'p4.cfg', 'pe1.cfg', 'pe2.cfg']"
COMPARE_BGP_AS_leaf3_p4,compare_bgp_as:321fcf456e,Comparison_Analysis,L3,"leaf3과 p4의 BGP Local AS 번호를 각각 알려주세요. [답변 형식: 'leaf3: AS X, p4: AS Y']",OK,text,"""leaf3: AS N/A, p4: AS N/A""",,"{""snapshot"": ""LabA_Research_Institute_DC_10nodes"", ""metric"": ""compare_bgp_as"", ""scope"": {""type"": ""DEVICE_PAIR"", ""host1"": ""leaf3"", ""host2"": ""p4""}}",bd1a393,"['leaf1.cfg', 'leaf2.cfg', 'leaf3.cfg', 'leaf4.cfg', 'p1.cfg', 'p2.cfg', 'p3.cfg', 'p4.cfg', 'pe1.cfg', 'pe2.cfg']"
COMPARE_BGP_AS_leaf3_pe1,compare_bgp_as:970e8592a3,Comparison_Analysis,L3,"leaf3과 pe1의 BGP Local AS 번호를 각각 알려주세요. [답변 형식: 'leaf3: AS X, pe1: AS Y']",OK,text,"""leaf3: AS N/A, pe1: AS 65000""",,"{""snapshot"": ""LabA_Research_Institute_DC_10nodes"", ""metric"": ""compare_bgp_as"", ""scope"": {""type"": ""DEVICE_PAIR"", ""host1"": ""leaf3"", ""host2"": ""pe1""}}",bd1a393,"['leaf1.cfg', 'leaf2.cfg', 'leaf3.cfg', 'leaf4.cfg', 'p1.cfg', 'p2.cfg', 'p3.cfg', 'p4.cfg', 'pe1.cfg', 'pe2.cfg']"
COMPARE_BGP_AS_leaf1_p1,compare_bgp_as:f9566ecf5b,Comparison_Analysis,L3,"leaf1과 p1의 BGP Local AS 번호를 각각 알려주세요. [답변 형식: 'leaf1: AS X, p1: AS Y']",OK,text,"""leaf1: AS N/A, p1: AS N/A""",,"{""snapshot"": ""LabA_Research_Institute_DC_10nodes"", ""metric"": ""compare_bgp_as"", ""scope"": {""type"": ""DEVICE_PAIR"", ""host1"": ""leaf1"", ""host2"": ""p1""}}",bd1a393,"['leaf1.cfg', 'leaf2.cfg', 'leaf3.cfg', 'leaf4.cfg', 'p1.cfg', 'p2.cfg', 'p3.cfg', 'p4.cfg', 'pe1.cfg', 'pe2.cfg']"
COMPARE_BGP_AS_p1_pe2,compare_bgp_as:76c159d61f,Comparison_Analysis,L3,"p1과 pe2의 BGP Local AS 번호를 각각 알려주세요. [답변 형식: 'p1: AS X, pe2: AS Y']",OK,text,"""p1: AS N/A, pe2: AS 65000""",,"{""snapshot"": ""LabA_Research_Institute_DC_10nodes"", ""metric"": ""compare_bgp_as"", ""scope"": {""type"": ""DEVICE_PAIR"", ""host1"": ""p1"", ""host2"": ""pe2""}}",bd1a393,"['leaf1.cfg', 'leaf2.cfg', 'leaf3.cfg', 'leaf4.cfg', 'p1.cfg', 'p2.cfg', 'p3.cfg', 'p4.cfg', 'pe1.cfg', 'pe2.cfg']"
COMPARE_BGP_AS_pe1_pe2,compare_bgp_as:dd0f765e5f,Comparison_Analysis,L3,"pe1과 pe2의 BGP Local AS 번호를 각각 알려주세요. [답변 형식: 'pe1: AS X, pe2: AS Y']",OK,text,"""pe1: AS 65000, pe2: AS 65000""",,"{""snapshot"": ""LabA_Research_Institute_DC_10nodes"", ""metric"": ""compare_bgp_as"", ""scope"": {""type"": ""DEVICE_PAIR"", ""host1"": ""pe1"", ""host2"": ""pe2""}}",bd1a393,"['leaf1.cfg', 'leaf2.cfg', 'leaf3.cfg', 'leaf4.cfg', 'p1.cfg', 'p2.cfg', 'p3.cfg', 'p4.cfg', 'pe1.cfg', 'pe2.cfg']"
COMPARE_BGP_AS_leaf3_leaf4,compare_bgp_as:9f8bdd12ab,Comparison_Analysis,L3,"leaf3과 leaf4의 BGP Local AS 번호를 각각 알려주세요. [답변 형식: 'leaf3: AS X, leaf4: AS Y']",OK,text,"""leaf3: AS N/A, leaf4: AS N/A""",,"{""snapshot"": ""LabA_Research_Institute_DC_10nodes"", ""metric"": ""compare_bgp_as"", ""scope"": {""type"": ""DEVICE_PAIR"", ""host1"": ""leaf3"", ""host2"": ""leaf4""}}",bd1a393,"['leaf1.cfg', 'leaf2.cfg', 'leaf3.cfg', 'leaf4.cfg', 'p1.cfg', 'p2.cfg', 'p3.cfg', 'p4.cfg', 'pe1.cfg', 'pe2.cfg']"
COMPARE_BGP_AS_leaf2_pe2,compare_bgp_as:7c0f6931b9,Comparison_Analysis,L3,"leaf2와 pe2의 BGP Local AS 번호를 각각 알려주세요. [답변 형식: 'leaf2: AS X, pe2: AS Y']",OK,text,"""leaf2: AS N/A, pe2: AS 65000""",,"{""snapshot"": ""LabA_Research_Institute_DC_10nodes"", ""metric"": ""compare_bgp_as"", ""scope"": {""type"": ""DEVICE_PAIR"", ""host1"": ""leaf2"", ""host2"": ""pe2""}}",bd1a393,"['leaf1.cfg', 'leaf2.cfg', 'leaf3.cfg', 'leaf4.cfg', 'p1.cfg', 'p2.cfg', 'p3.cfg', 'p4.cfg', 'pe1.cfg', 'pe2.cfg']"
COMPARE_BGP_AS_leaf3_p2,compare_bgp_as:a181f1f382,Comparison_Analysis,L3,"leaf3과 p2의 BGP Local AS 번호를 각각 알려주세요. [답변 형식: 'leaf3: AS X, p2: AS Y']",OK,text,"""leaf3: AS N/A, p2: AS N/A""",,"{""snapshot"": ""LabA_Research_Institute_DC_10nodes"", ""metric"": ""compare_bgp_as"", ""scope"": {""type"": ""DEVICE_PAIR"", ""host1"": ""leaf3"", ""host2"": ""p2""}}",bd1a393,"['leaf1.cfg', 'leaf2.cfg', 'leaf3.cfg', 'leaf4.cfg', 'p1.cfg', 'p2.cfg', 'p3.cfg', 'p4.cfg', 'pe1.cfg', 'pe2.cfg']"
COMPARE_BGP_AS_leaf3_p1,compare_bgp_as:e553dc0425,Comparison_Analysis,L3,"leaf3과 p1의 BGP Local AS 번호를 각각 알려주세요. [답변 형식: 'leaf3: AS X, p1: AS Y']",OK,text,"""leaf3: AS N/A, p1: AS N/A""",,"{""snapshot"": ""LabA_Research_Institute_DC_10nodes"", ""metric"": ""compare_bgp_as"", ""scope"": {""type"": ""DEVICE_PAIR"", ""host1"": ""leaf3"", ""host2"": ""p1""}}",bd1a393,"['leaf1.cfg', 'leaf2.cfg', 'leaf3.cfg', 'leaf4.cfg', 'p1.cfg', 'p2.cfg', 'p3.cfg', 'p4.cfg', 'pe1.cfg', 'pe2.cfg']"
COMPARE_BGP_AS_leaf4_p2,compare_bgp_as:7def706fba,Comparison_Analysis,L3,"leaf4와 p2의 BGP Local AS 번호를 각각 알려주세요. [답변 형식: 'leaf4: AS X, p2: AS Y']",OK,text,"""leaf4: AS N/A, p2: AS N/A""",,"{""snapshot"": ""LabA_Research_Institute_DC_10nodes"", ""metric"": ""compare_bgp_as"", ""scope"": {""type"": ""DEVICE_PAIR"", ""host1"": ""leaf4"", ""host2"": ""p2""}}",bd1a393,"['leaf1.cfg', 'leaf2.cfg', 'leaf3.cfg', 'leaf4.cfg', 'p1.cfg', 'p2.cfg', 'p3.cfg', 'p4.cfg', 'pe1.cfg', 'pe2.cfg']"
COMPARE_BGP_AS_p4_pe1,compare_bgp_as:c59874a09d,Comparison_Analysis,L3,"p4와 pe1의 BGP Local AS 번호를 각각 알려주세요. [답변 형식: 'p4: AS X, pe1: AS Y']",OK,text,"""p4: AS N/A, pe1: AS 65000""",,"{""snapshot"": ""LabA_Research_Institute_DC_10nodes"", ""metric"": ""compare_bgp_as"", ""scope"": {""type"": ""DEVICE_PAIR"", ""host1"": ""p4"", ""host2"": ""pe1""}}",bd1a393,"['leaf1.cfg', 'leaf2.cfg', 'leaf3.cfg', 'leaf4.cfg', 'p1.cfg', 'p2.cfg', 'p3.cfg', 'p4.cfg', 'pe1.cfg', 'pe2.cfg']"
COMPARE_BGP_AS_leaf1_pe2,compare_bgp_as:a18abbe30e,Comparison_Analysis,L3,"leaf1과 pe2의 BGP Local AS 번호를 각각 알려주세요. [답변 형식: 'leaf1: AS X, pe2: AS Y']",OK,text,"""leaf1: AS N/A, pe2: AS 65000""",,"{""snapshot"": ""LabA_Research_Institute_DC_10nodes"", ""metric"": ""compare_bgp_as"", ""scope"": {""type"": ""DEVICE_PAIR"", ""host1"": ""leaf1"", ""host2"": ""pe2""}}",bd1a393,"['leaf1.cfg', 'leaf2.cfg', 'leaf3.cfg', 'leaf4.cfg', 'p1.cfg', 'p2.cfg', 'p3.cfg', 'p4.cfg', 'pe1.cfg', 'pe2.cfg']"
COMPARE_BGP_AS_p4_pe2,compare_bgp_as:674f140068,Comparison_Analysis,L3,"p4와 pe2의 BGP Local AS 번호를 각각 알려주세요. [답변 형식: 'p4: AS X, pe2: AS Y']",OK,text,"""p4: AS N/A, pe2: AS 65000""",,"{""snapshot"": ""LabA_Research_Institute_DC_10nodes"", ""metric"": ""compare_bgp_as"", ""scope"": {""type"": ""DEVICE_PAIR"", ""host1"": ""p4"", ""host2"": ""pe2""}}",bd1a393,"['leaf1.cfg', 'leaf2.cfg', 'leaf3.cfg', 'leaf4.cfg', 'p1.cfg', 'p2.cfg', 'p3.cfg', 'p4.cfg', 'pe1.cfg', 'pe2.cfg']"
COMPARE_BGP_AS_p1_p4,compare_bgp_as:826a016c3b,Comparison_Analysis,L3,"p1과 p4의 BGP Local AS 번호를 각각 알려주세요. [답변 형식: 'p1: AS X, p4: AS Y']",OK,text,"""p1: AS N/A, p4: AS N/A""",,"{""snapshot"": ""LabA_Research_Institute_DC_10nodes"", ""metric"": ""compare_bgp_as"", ""scope"": {""type"": ""DEVICE_PAIR"", ""host1"": ""p1"", ""host2"": ""p4""}}",bd1a393,"['leaf1.cfg', 'leaf2.cfg', 'leaf3.cfg', 'leaf4.cfg', 'p1.cfg', 'p2.cfg', 'p3.cfg', 'p4.cfg', 'pe1.cfg', 'pe2.cfg']"
COMPARE_BGP_AS_leaf1_p2,compare_bgp_as:2b225b5240,Comparison_Analysis,L3,"leaf1과 p2의 BGP Local AS 번호를 각각 알려주세요. [답변 형식: 'leaf1: AS X, p2: AS Y']",OK,text,"""leaf1: AS N/A, p2: AS N/A""",,"{""snapshot"": ""LabA_Research_Institute_DC_10nodes"", ""metric"": ""compare_bgp_as"", ""scope"": {""type"": ""DEVICE_PAIR"", ""host1"": ""leaf1"", ""host2"": ""p2""}}",bd1a393,"['leaf1.cfg', 'leaf2.cfg', 'leaf3.cfg', 'leaf4.cfg', 'p1.cfg', 'p2.cfg', 'p3.cfg', 'p4.cfg', 'pe1.cfg', 'pe2.cfg']"
COMPARE_BGP_AS_p2_p4,compare_bgp_as:d586fc2eb4,Comparison_Analysis,L3,"p2와 p4의 BGP Local AS 번호를 각각 알려주세요. [답변 형식: 'p2: AS X, p4: AS Y']",OK,text,"""p2: AS N/A, p4: AS N/A""",,"{""snapshot"": ""LabA_Research_Institute_DC_10nodes"", ""metric"": ""compare_bgp_as"", ""scope"": {""type"": ""DEVICE_PAIR"", ""host1"": ""p2"", ""host2"": ""p4""}}",bd1a393,"['leaf1.cfg', 'leaf2.cfg', 'leaf3.cfg', 'leaf4.cfg', 'p1.cfg', 'p2.cfg', 'p3.cfg', 'p4.cfg', 'pe1.cfg', 'pe2.cfg']"
COMPARE_BGP_AS_leaf2_p1,compare_bgp_as:56dfdb710f,Comparison_Analysis,L3,"leaf2와 p1의 BGP Local AS 번호를 각각 알려주세요. [답변 형식: 'leaf2: AS X, p1: AS Y']",OK,text,"""leaf2: AS N/A, p1: AS N/A""",,"{""snapshot"": ""LabA_Research_Institute_DC_10nodes"", ""metric"": ""compare_bgp_as"", ""scope"": {""type"": ""DEVICE_PAIR"", ""host1"": ""leaf2"", ""host2"": ""p1""}}",bd1a393,"['leaf1.cfg', 'leaf2.cfg', 'leaf3.cfg', 'leaf4.cfg', 'p1.cfg', 'p2.cfg', 'p3.cfg', 'p4.cfg', 'pe1.cfg', 'pe2.cfg']"
COMPARE_BGP_AS_leaf1_leaf3,compare_bgp_as:cc7398c0ae,Comparison_Analysis,L3,"leaf1과 leaf3의 BGP Local AS 번호를 각각 알려주세요. [답변 형식: 'leaf1: AS X, leaf3: AS Y']",OK,text,"""leaf1: AS N/A, leaf3: AS N/A""",,"{""snapshot"": ""LabA_Research_Institute_DC_10nodes"", ""metric"": ""compare_bgp_as"", ""scope"": {""type"": ""DEVICE_PAIR"", ""host1"": ""leaf1"", ""host2"": ""leaf3""}}",bd1a393,"['leaf1.cfg', 'leaf2.cfg', 'leaf3.cfg', 'leaf4.cfg', 'p1.cfg', 'p2.cfg', 'p3.cfg', 'p4.cfg', 'pe1.cfg', 'pe2.cfg']"
COMPARE_BGP_AS_leaf1_pe1,compare_bgp_as:8e5b3c4762,Comparison_Analysis,L3,"leaf1과 pe1의 BGP Local AS 번호를 각각 알려주세요. [답변 형식: 'leaf1: AS X, pe1: AS Y']",OK,text,"""leaf1: AS N/A, pe1: AS 65000""",,"{""snapshot"": ""LabA_Research_Institute_DC_10nodes"", ""metric"": ""compare_bgp_as"", ""scope"": {""type"": ""DEVICE_PAIR"", ""host1"": ""leaf1"", ""host2"": ""pe1""}}",bd1a393,"['leaf1.cfg', 'leaf2.cfg', 'leaf3.cfg', 'leaf4.cfg', 'p1.cfg', 'p2.cfg', 'p3.cfg', 'p4.cfg', 'pe1.cfg', 'pe2.cfg']"
COMPARE_OSPF_AREAS_leaf3_p4,compare_ospf_areas:321fcf456e,Comparison_Analysis,L3,"leaf3과 p4가 참여하는 OSPF Area 목록을 각각 알려주세요. [답변 형식: 'leaf3: Area 0, 1, p4: Area 0, 2']",OK,text,"""leaf3: Area None, p4: Area 0""",,"{""snapshot"": ""LabA_Research_Institute_DC_10nodes"", ""metric"": ""compare_ospf_areas"", ""scope"": {""type"": ""DEVICE_PAIR"", ""host1"": ""leaf3"", ""host2"": ""p4""}}",bd1a393,"['leaf1.cfg', 'leaf2.cfg', 'leaf3.cfg', 'leaf4.cfg', 'p1.cfg', 'p2.cfg', 'p3.cfg', 'p4.cfg', 'pe1.cfg', 'pe2.cfg']"
COMPARE_OSPF_AREAS_leaf4_pe1,compare_ospf_areas:081c3a7829,Comparison_Analysis,L3,"leaf4와 pe1가 참여하는 OSPF Area 목록을 각각 알려주세요. [답변 형식: 'leaf4: Area 0, 1, pe1: Area 0, 2']",OK,text,"""leaf4: Area None, pe1: Area 0""",,"{""snapshot"": ""LabA_Research_Institute_DC_10nodes"", ""metric"": ""compare_ospf_areas"", ""scope"": {""type"": ""DEVICE_PAIR"", ""host1"": ""leaf4"", ""host2"": ""pe1""}}",bd1a393,"['leaf1.cfg', 'leaf2.cfg', 'leaf3.cfg', 'leaf4.cfg', 'p1.cfg', 'p2.cfg', 'p3.cfg', 'p4.cfg', 'pe1.cfg', 'pe2.cfg']"
COMPARE_OSPF_AREAS_leaf3_p2,compare_ospf_areas:a181f1f382,Comparison_Analysis,L3,"leaf3과 p2가 참여하는 OSPF Area 목록을 각각 알려주세요. [답변 형식: 'leaf3: Area 0, 1, p2: Area 0, 2']",OK,text,"""leaf3: Area None, p2: Area 0""",,"{""snapshot"": ""LabA_Research_Institute_DC_10nodes"", ""metric"": ""compare_ospf_areas"", ""scope"": {""type"": ""DEVICE_PAIR"", ""host1"": ""leaf3"", ""host2"": ""p2""}}",bd1a393,"['leaf1.cfg', 'leaf2.cfg', 'leaf3.cfg', 'leaf4.cfg', 'p1.cfg', 'p2.cfg', 'p3.cfg', 'p4.cfg', 'pe1.cfg', 'pe2.cfg']"
COMPARE_OSPF_AREAS_p3_pe1,compare_ospf_areas:833618587d,Comparison_Analysis,L3,"p3과 pe1가 참여하는 OSPF Area 목록을 각각 알려주세요. [답변 형식: 'p3: Area 0, 1, pe1: Area 0, 2']",OK,text,"""p3: Area 0, pe1: Area 0""",,"{""snapshot"": ""LabA_Research_Institute_DC_10nodes"", ""metric"": ""compare_ospf_areas"", ""scope"": {""type"": ""DEVICE_PAIR"", ""host1"": ""p3"", ""host2"": ""pe1""}}",bd1a393,"['leaf1.cfg', 'leaf2.cfg', 'leaf3.cfg', 'leaf4.cfg', 'p1.cfg', 'p2.cfg', 'p3.cfg', 'p4.cfg', 'pe1.cfg', 'pe2.cfg']"
COMPARE_OSPF_AREAS_leaf1_pe1,compare_ospf_areas:8e5b3c4762,Comparison_Analysis,L3,"leaf1과 pe1가 참여하는 OSPF Area 목록을 각각 알려주세요. [답변 형식: 'leaf1: Area 0, 1, pe1: Area 0, 2']",OK,text,"""leaf1: Area None, pe1: Area 0""",,"{""snapshot"": ""LabA_Research_Institute_DC_10nodes"", ""metric"": ""compare_ospf_areas"", ""scope"": {""type"": ""DEVICE_PAIR"", ""host1"": ""leaf1"", ""host2"": ""pe1""}}",bd1a393,"['leaf1.cfg', 'leaf2.cfg', 'leaf3.cfg', 'leaf4.cfg', 'p1.cfg', 'p2.cfg', 'p3.cfg', 'p4.cfg', 'pe1.cfg', 'pe2.cfg']"
COMPARE_OSPF_AREAS_leaf1_pe2,compare_ospf_areas:a18abbe30e,Comparison_Analysis,L3,"leaf1과 pe2가 참여하는 OSPF Area 목록을 각각 알려주세요. [답변 형식: 'leaf1: Area 0, 1, pe2: Area 0, 2']",OK,text,"""leaf1: Area None, pe2: Area 0""",,"{""snapshot"": ""LabA_Research_Institute_DC_10nodes"", ""metric"": ""compare_ospf_areas"", ""scope"": {""type"": ""DEVICE_PAIR"", ""host1"": ""leaf1"", ""host2"": ""pe2""}}",bd1a393,"['leaf1.cfg', 'leaf2.cfg', 'leaf3.cfg', 'leaf4.cfg', 'p1.cfg', 'p2.cfg', 'p3.cfg', 'p4.cfg', 'pe1.cfg', 'pe2.cfg']"
COMPARE_OSPF_AREAS_leaf4_p1,compare_ospf_areas:b383c3df51,Comparison_Analysis,L3,"leaf4와 p1가 참여하는 OSPF Area 목록을 각각 알려주세요. [답변 형식: 'leaf4: Area 0, 1, p1: Area 0, 2']",OK,text,"""leaf4: Area None, p1: Area 0""",,"{""snapshot"": ""LabA_Research_Institute_DC_10nodes"", ""metric"": ""compare_ospf_areas"", ""scope"": {""type"": ""DEVICE_PAIR"", ""host1"": ""leaf4"", ""host2"": ""p1""}}",bd1a393,"['leaf1.cfg', 'leaf2.cfg', 'leaf3.cfg', 'leaf4.cfg', 'p1.cfg', 'p2.cfg', 'p3.cfg', 'p4.cfg', 'pe1.cfg', 'pe2.cfg']"
COMPARE_OSPF_AREAS_leaf3_p1,compare_ospf_areas:e553dc0425,Comparison_Analysis,L3,"leaf3과 p1가 참여하는 OSPF Area 목록을 각각 알려주세요. [답변 형식: 'leaf3: Area 0, 1, p1: Area 0, 2']",OK,text,"""leaf3: Area None, p1: Area 0""",,"{""snapshot"": ""LabA_Research_Institute_DC_10nodes"", ""metric"": ""compare_ospf_areas"", ""scope"": {""type"": ""DEVICE_PAIR"", ""host1"": ""leaf3"", ""host2"": ""p1""}}",bd1a393,"['leaf1.cfg', 'leaf2.cfg', 'leaf3.cfg', 'leaf4.cfg', 'p1.cfg', 'p2.cfg', 'p3.cfg', 'p4.cfg', 'pe1.cfg', 'pe2.cfg']"
COMPARE_OSPF_AREAS_leaf4_p2,compare_ospf_areas:7def706fba,Comparison_Analysis,L3,"leaf4와 p2가 참여하는 OSPF Area 목록을 각각 알려주세요. [답변 형식: 'leaf4: Area 0, 1, p2: Area 0, 2']",OK,text,"""leaf4: Area None, p2: Area 0""",,"{""snapshot"": ""LabA_Research_Institute_DC_10nodes"", ""metric"": ""compare_ospf_areas"", ""scope"": {""type"": ""DEVICE_PAIR"", ""host1"": ""leaf4"", ""host2"": ""p2""}}",bd1a393,"['leaf1.cfg', 'leaf2.cfg', 'leaf3.cfg', 'leaf4.cfg', 'p1.cfg', 'p2.cfg', 'p3.cfg', 'p4.cfg', 'pe1.cfg', 'pe2.cfg']"
COMPARE_OSPF_AREAS_leaf4_p3,compare_ospf_areas:4cd8882567,Comparison_Analysis,L3,"leaf4와 p3가 참여하는 OSPF Area 목록을 각각 알려주세요. [답변 형식: 'leaf4: Area 0, 1, p3: Area 0, 2']",OK,text,"""leaf4: Area None, p3: Area 0""",,"{""snapshot"": ""LabA_Research_Institute_DC_10nodes"", ""metric"": ""compare_ospf_areas"", ""scope"": {""type"": ""DEVICE_PAIR"", ""host1"": ""leaf4"", ""host2"": ""p3""}}",bd1a393,"['leaf1.cfg', 'leaf2.cfg', 'leaf3.cfg', 'leaf4.cfg', 'p1.cfg', 'p2.cfg', 'p3.cfg', 'p4.cfg', 'pe1.cfg', 'pe2.cfg']"
COMPARE_OSPF_AREAS_leaf2_p2,compare_ospf_areas:1d488720df,Comparison_Analysis,L3,"leaf2와 p2가 참여하는 OSPF Area 목록을 각각 알려주세요. [답변 형식: 'leaf2: Area 0, 1, p2: Area 0, 2']",OK,text,"""leaf2: Area None, p2: Area 0""",,"{""snapshot"": ""LabA_Research_Institute_DC_10nodes"", ""metric"": ""compare_ospf_areas"", ""scope"": {""type"": ""DEVICE_PAIR"", ""host1"": ""leaf2"", ""host2"": ""p2""}}",bd1a393,"['leaf1.cfg', 'leaf2.cfg', 'leaf3.cfg', 'leaf4.cfg', 'p1.cfg', 'p2.cfg', 'p3.cfg', 'p4.cfg', 'pe1.cfg', 'pe2.cfg']"
COMPARE_OSPF_AREAS_leaf3_pe2,compare_ospf_areas:a85fe8ed11,Comparison_Analysis,L3,"leaf3과 pe2가 참여하는 OSPF Area 목록을 각각 알려주세요. [답변 형식: 'leaf3: Area 0, 1, pe2: Area 0, 2']",OK,text,"""leaf3: Area None, pe2: Area 0""",,"{""snapshot"": ""LabA_Research_Institute_DC_10nodes"", ""metric"": ""compare_ospf_areas"", ""scope"": {""type"": ""DEVICE_PAIR"", ""host1"": ""leaf3"", ""host2"": ""pe2""}}",bd1a393,"['leaf1.cfg', 'leaf2.cfg', 'leaf3.cfg', 'leaf4.cfg', 'p1.cfg', 'p2.cfg', 'p3.cfg', 'p4.cfg', 'pe1.cfg', 'pe2.cfg']"
COMPARE_OSPF_AREAS_leaf3_p3,compare_ospf_areas:47133e71c4,Comparison_Analysis,L3,"leaf3과 p3가 참여하는 OSPF Area 목록을 각각 알려주세요. [답변 형식: 'leaf3: Area 0, 1, p3: Area 0, 2']",OK,text,"""leaf3: Area None, p3: Area 0""",,"{""snapshot"": ""LabA_Research_Institute_DC_10nodes"", ""metric"": ""compare_ospf_areas"", ""scope"": {""type"": ""DEVICE_PAIR"", ""host1"": ""leaf3"", ""host2"": ""p3""}}",bd1a393,"['leaf1.cfg', 'leaf2.cfg', 'leaf3.cfg', 'leaf4.cfg', 'p1.cfg', 'p2.cfg', 'p3.cfg', 'p4.cfg', 'pe1.cfg', 'pe2.cfg']"
COMPARE_OSPF_AREAS_p1_p4,compare_ospf_areas:826a016c3b,Comparison_Analysis,L3,"p1과 p4가 참여하는 OSPF Area 목록을 각각 알려주세요. [답변 형식: 'p1: Area 0, 1, p4: Area 0, 2']",OK,text,"""p1: Area 0, p4: Area 0""",,"{""snapshot"": ""LabA_Research_Institute_DC_10nodes"", ""metric"": ""compare_ospf_areas"", ""scope"": {""type"": ""DEVICE_PAIR"", ""host1"": ""p1"", ""host2"": ""p4""}}",bd1a393,"['leaf1.cfg', 'leaf2.cfg', 'leaf3.cfg', 'leaf4.cfg', 'p1.cfg', 'p2.cfg', 'p3.cfg', 'p4.cfg', 'pe1.cfg', 'pe2.cfg']"
COMPARE_OSPF_AREAS_pe1_pe2,compare_ospf_areas:dd0f765e5f,Comparison_Analysis,L3,"pe1과 pe2가 참여하는 OSPF Area 목록을 각각 알려주세요. [답변 형식: 'pe1: Area 0, 1, pe2: Area 0, 2']",OK,text,"""pe1: Area 0, pe2: Area 0""",,"{""snapshot"": ""LabA_Research_Institute_DC_10nodes"", ""metric"": ""compare_ospf_areas"", ""scope"": {""type"": ""DEVICE_PAIR"", ""host1"": ""pe1"", ""host2"": ""pe2""}}",bd1a393,"['leaf1.cfg', 'leaf2.cfg', 'leaf3.cfg', 'leaf4.cfg', 'p1.cfg', 'p2.cfg', 'p3.cfg', 'p4.cfg', 'pe1.cfg', 'pe2.cfg']"
COMPARE_OSPF_AREAS_p2_p4,compare_ospf_areas:d586fc2eb4,Comparison_Analysis,L3,"p2와 p4가 참여하는 OSPF Area 목록을 각각 알려주세요. [답변 형식: 'p2: Area 0, 1, p4: Area 0, 2']",OK,text,"""p2: Area 0, p4: Area 0""",,"{""snapshot"": ""LabA_Research_Institute_DC_10nodes"", ""metric"": ""compare_ospf_areas"", ""scope"": {""type"": ""DEVICE_PAIR"", ""host1"": ""p2"", ""host2"": ""p4""}}",bd1a393,"['leaf1.cfg', 'leaf2.cfg', 'leaf3.cfg', 'leaf4.cfg', 'p1.cfg', 'p2.cfg', 'p3.cfg', 'p4.cfg', 'pe1.cfg', 'pe2.cfg']"
COMPARE_OSPF_AREAS_p4_pe1,compare_ospf_areas:c59874a09d,Comparison_Analysis,L3,"p4와 pe1가 참여하는 OSPF Area 목록을 각각 알려주세요. [답변 형식: 'p4: Area 0, 1, pe1: Area 0, 2']",OK,text,"""p4: Area 0, pe1: Area 0""",,"{""snapshot"": ""LabA_Research_Institute_DC_10nodes"", ""metric"": ""compare_ospf_areas"", ""scope"": {""type"": ""DEVICE_PAIR"", ""host1"": ""p4"", ""host2"": ""pe1""}}",bd1a393,"['leaf1.cfg', 'leaf2.cfg', 'leaf3.cfg', 'leaf4.cfg', 'p1.cfg', 'p2.cfg', 'p3.cfg', 'p4.cfg', 'pe1.cfg', 'pe2.cfg']"
COMPARE_OSPF_AREAS_leaf1_p3,compare_ospf_areas:6cc42973c6,Comparison_Analysis,L3,"leaf1과 p3가 참여하는 OSPF Area 목록을 각각 알려주세요. [답변 형식: 'leaf1: Area 0, 1, p3: Area 0, 2']",OK,text,"""leaf1: Area None, p3: Area 0""",,"{""snapshot"": ""LabA_Research_Institute_DC_10nodes"", ""metric"": ""compare_ospf_areas"", ""scope"": {""type"": ""DEVICE_PAIR"", ""host1"": ""leaf1"", ""host2"": ""p3""}}",bd1a393,"['leaf1.cfg', 'leaf2.cfg', 'leaf3.cfg', 'leaf4.cfg', 'p1.cfg', 'p2.cfg', 'p3.cfg', 'p4.cfg', 'pe1.cfg', 'pe2.cfg']"
COMPARE_OSPF_AREAS_p3_p4,compare_ospf_areas:44508e5cd8,Comparison_Analysis,L3,"p3과 p4가 참여하는 OSPF Area 목록을 각각 알려주세요. [답변 형식: 'p3: Area 0, 1, p4: Area 0, 2']",OK,text,"""p3: Area 0, p4: Area 0""",,"{""snapshot"": ""LabA_Research_Institute_DC_10nodes"", ""metric"": ""compare_ospf_areas"", ""scope"": {""type"": ""DEVICE_PAIR"", ""host1"": ""p3"", ""host2"": ""p4""}}",bd1a393,"['leaf1.cfg', 'leaf2.cfg', 'leaf3.cfg', 'leaf4.cfg', 'p1.cfg', 'p2.cfg', 'p3.cfg', 'p4.cfg', 'pe1.cfg', 'pe2.cfg']"
COMPARE_OSPF_AREAS_p2_p3,compare_ospf_areas:b2a7c14989,Comparison_Analysis,L3,"p2와 p3가 참여하는 OSPF Area 목록을 각각 알려주세요. [답변 형식: 'p2: Area 0, 1, p3: Area 0, 2']",OK,text,"""p2: Area 0, p3: Area 0""",,"{""snapshot"": ""LabA_Research_Institute_DC_10nodes"", ""metric"": ""compare_ospf_areas"", ""scope"": {""type"": ""DEVICE_PAIR"", ""host1"": ""p2"", ""host2"": ""p3""}}",bd1a393,"['leaf1.cfg', 'leaf2.cfg', 'leaf3.cfg', 'leaf4.cfg', 'p1.cfg', 'p2.cfg', 'p3.cfg', 'p4.cfg', 'pe1.cfg', 'pe2.cfg']"
MAX_INTERFACE_DEVICE,max_interface_device:566d4b6821,Comparison_Analysis,L3,인터페이스 수가 가장 많은 장비와 그 개수를 알려주세요. [답변 형식: '장비명: N개'],OK,text,"""p1: 5""",,"{""snapshot"": ""LabA_Research_Institute_DC_10nodes"", ""metric"": ""max_interface_device"", ""scope"": {""type"": ""GLOBAL""}}",bd1a393,"['leaf1.cfg', 'leaf2.cfg', 'leaf3.cfg', 'leaf4.cfg', 'p1.cfg', 'p2.cfg', 'p3.cfg', 'p4.cfg', 'pe1.cfg', 'pe2.cfg']"
MAX_BGP_PEER_DEVICE,max_bgp_peer_device:566d4b6821,Comparison_Analysis,L3,BGP 피어가 가장 많은 장비와 그 개수를 알려주세요. [답변 형식: '장비명: N개'],OK,text,"""pe1: 1""",,"{""snapshot"": ""LabA_Research_Institute_DC_10nodes"", ""metric"": ""max_bgp_peer_device"", ""scope"": {""type"": ""GLOBAL""}}",bd1a393,"['leaf1.cfg', 'leaf2.cfg', 'leaf3.cfg', 'leaf4.cfg', 'p1.cfg', 'p2.cfg', 'p3.cfg', 'p4.cfg', 'pe1.cfg', 'pe2.cfg']"
ALL_DEVICES_SAME_AS,all_devices_same_as:566d4b6821,Comparison_Analysis,L3,"모든 장비의 BGP AS 번호를 나열해주세요. BGP가 미설정된 장비는 'AS None'으로 표시하세요. [답변 형식: '장비1: AS X, 장비2: AS None, ...']",OK,text,"""leaf1: AS N/A, leaf2: AS N/A, leaf3: AS N/A, leaf4: AS N/A, p1: AS N/A, p2: AS N/A, p3: AS N/A, p4: AS N/A, pe1: AS 65000, pe2: AS 65000""",,"{""snapshot"": ""LabA_Research_Institute_DC_10nodes"", ""metric"": ""all_devices_same_as"", ""scope"": {""type"": ""GLOBAL""}}",bd1a393,"['leaf1.cfg', 'leaf2.cfg', 'leaf3.cfg', 'leaf4.cfg', 'p1.cfg', 'p2.cfg', 'p3.cfg', 'p4.cfg', 'pe1.cfg', 'pe2.cfg']"
MIN_INTERFACE_DEVICE,min_interface_device:566d4b6821,Comparison_Analysis,L3,인터페이스 수가 가장 적은 장비와 그 개수를 알려주세요. [답변 형식: '장비명: N개'],OK,text,"""leaf1: 4""",,"{""snapshot"": ""LabA_Research_Institute_DC_10nodes"", ""metric"": ""min_interface_device"", ""scope"": {""type"": ""GLOBAL""}}",bd1a393,"['leaf1.cfg', 'leaf2.cfg', 'leaf3.cfg', 'leaf4.cfg', 'p1.cfg', 'p2.cfg', 'p3.cfg', 'p4.cfg', 'pe1.cfg', 'pe2.cfg']"
BGP_AS_DISTRIBUTION,bgp_as_distribution:566d4b6821,Comparison_Analysis,L3,"각 AS별 장비 수 분포를 알려주세요. [답변 형식: 'AS X: N대, AS Y: M대']",OK,text,"""AS 65000: 2 devices""",,"{""snapshot"": ""LabA_Research_Institute_DC_10nodes"", ""metric"": ""bgp_as_distribution"", ""scope"": {""type"": ""GLOBAL""}}",bd1a393,"['leaf1.cfg', 'leaf2.cfg', 'leaf3.cfg', 'leaf4.cfg', 'p1.cfg', 'p2.cfg', 'p3.cfg', 'p4.cfg', 'pe1.cfg', 'pe2.cfg']"
VRF_USAGE_STATISTICS,vrf_usage_statistics:566d4b6821,Comparison_Analysis,L3,"VRF 사용중인 장비 중에서 각 장비별 VRF 사용 수를 알려주세요. [답변 형식: '장비1: N개, 장비2: M개']",OK,text,"""leaf1: 0, leaf2: 0, leaf3: 0, leaf4: 0, p1: 0, p2: 0, p3: 0, p4: 0, pe1: 3, pe2: 3""",,"{""snapshot"": ""LabA_Research_Institute_DC_10nodes"", ""metric"": ""vrf_usage_statistics"", ""scope"": {""type"": ""GLOBAL""}}",bd1a393,"['leaf1.cfg', 'leaf2.cfg', 'leaf3.cfg', 'leaf4.cfg', 'p1.cfg', 'p2.cfg', 'p3.cfg', 'p4.cfg', 'pe1.cfg', 'pe2.cfg']"
PASSWORD_ENCRYPTION_CONFIG_leaf4,password_encryption_config:45a2dbebe1,Configuration_Check,L1,leaf4 장비의 Password Encryption 기능 설정값은 무엇입니까? [답변 형식: Enabled/Disabled],NOT_CONFIGURED,text,"""Disabled""",,"{""snapshot"": ""LabA_Research_Institute_DC_10nodes"", ""metric"": ""password_encryption_config"", ""scope"": {""type"": ""DEVICE"", ""host"": ""leaf4""}}",bd1a393,['leaf4.cfg']
PASSWORD_ENCRYPTION_CONFIG_pe1,password_encryption_config:4f36bb8808,Configuration_Check,L1,pe1 장비의 Password Encryption 기능 설정값은 무엇입니까? [답변 형식: Enabled/Disabled],NOT_CONFIGURED,text,"""Disabled""",,"{""snapshot"": ""LabA_Research_Institute_DC_10nodes"", ""metric"": ""password_encryption_config"", ""scope"": {""type"": ""DEVICE"", ""host"": ""pe1""}}",bd1a393,['pe1.cfg']
PASSWORD_ENCRYPTION_CONFIG_p3,password_encryption_config:40d255b5d8,Configuration_Check,L1,p3 장비의 Password Encryption 기능 설정값은 무엇입니까? [답변 형식: Enabled/Disabled],NOT_CONFIGURED,text,"""Disabled""",,"{""snapshot"": ""LabA_Research_Institute_DC_10nodes"", ""metric"": ""password_encryption_config"", ""scope"": {""type"": ""DEVICE"", ""host"": ""p3""}}",bd1a393,['p3.cfg']
PASSWORD_ENCRYPTION_CONFIG_p4,password_encryption_config:8eb660897d,Configuration_Check,L1,p4 장비의 Password Encryption 기능 설정값은 무엇입니까? [답변 형식: Enabled/Disabled],NOT_CONFIGURED,text,"""Disabled""",,"{""snapshot"": ""LabA_Research_Institute_DC_10nodes"", ""metric"": ""password_encryption_config"", ""scope"": {""type"": ""DEVICE"", ""host"": ""p4""}}",bd1a393,['p4.cfg']
PASSWORD_ENCRYPTION_CONFIG_leaf3,password_encryption_config:6a7c231d8b,Configuration_Check,L1,leaf3 장비의 Password Encryption 기능 설정값은 무엇입니까? [답변 형식: Enabled/Disabled],NOT_CONFIGURED,text,"""Disabled""",,"{""snapshot"": ""LabA_Research_Institute_DC_10nodes"", ""metric"": ""password_encryption_config"", ""scope"": {""type"": ""DEVICE"", ""host"": ""leaf3""}}",bd1a393,['leaf3.cfg']
PASSWORD_ENCRYPTION_CONFIG_pe2,password_encryption_config:3603999311,Configuration_Check,L1,pe2 장비의 Password Encryption 기능 설정값은 무엇입니까? [답변 형식: Enabled/Disabled],NOT_CONFIGURED,text,"""Disabled""",,"{""snapshot"": ""LabA_Research_Institute_DC_10nodes"", ""metric"": ""password_encryption_config"", ""scope"": {""type"": ""DEVICE"", ""host"": ""pe2""}}",bd1a393,['pe2.cfg']
PASSWORD_ENCRYPTION_CONFIG_leaf1,password_encryption_config:f3e677391b,Configuration_Check,L1,leaf1 장비의 Password Encryption 기능 설정값은 무엇입니까? [답변 형식: Enabled/Disabled],NOT_CONFIGURED,text,"""Disabled""",,"{""snapshot"": ""LabA_Research_Institute_DC_10nodes"", ""metric"": ""password_encryption_config"", ""scope"": {""type"": ""DEVICE"", ""host"": ""leaf1""}}",bd1a393,['leaf1.cfg']
PASSWORD_ENCRYPTION_CONFIG_p2,password_encryption_config:f84ad4329a,Configuration_Check,L1,p2 장비의 Password Encryption 기능 설정값은 무엇입니까? [답변 형식: Enabled/Disabled],NOT_CONFIGURED,text,"""Disabled""",,"{""snapshot"": ""LabA_Research_Institute_DC_10nodes"", ""metric"": ""password_encryption_config"", ""scope"": {""type"": ""DEVICE"", ""host"": ""p2""}}",bd1a393,['p2.cfg']
PASSWORD_ENCRYPTION_CONFIG_p1,password_encryption_config:980d4425bd,Configuration_Check,L1,p1 장비의 Password Encryption 기능 설정값은 무엇입니까? [답변 형식: Enabled/Disabled],NOT_CONFIGURED,text,"""Disabled""",,"{""snapshot"": ""LabA_Research_Institute_DC_10nodes"", ""metric"": ""password_encryption_config"", ""scope"": {""type"": ""DEVICE"", ""host"": ""p1""}}",bd1a393,['p1.cfg']
PASSWORD_ENCRYPTION_CONFIG_leaf2,password_encryption_config:6e35c43dba,Configuration_Check,L1,leaf2 장비의 Password Encryption 기능 설정값은 무엇입니까? [답변 형식: Enabled/Disabled],NOT_CONFIGURED,text,"""Disabled""",,"{""snapshot"": ""LabA_Research_Institute_DC_10nodes"", ""metric"": ""password_encryption_config"", ""scope"": {""type"": ""DEVICE"", ""host"": ""leaf2""}}",bd1a393,['leaf2.cfg']
ENABLE_SECRET_TYPE_leaf3,enable_secret_type:6a7c231d8b,Configuration_Check,L1,leaf3 장비의 Enable Secret 설정 상태는? [답변 형식: 5(MD5)/Scrypt/None],NOT_CONFIGURED,text,"""None""",,"{""snapshot"": ""LabA_Research_Institute_DC_10nodes"", ""metric"": ""enable_secret_type"", ""scope"": {""type"": ""DEVICE"", ""host"": ""leaf3""}}",bd1a393,['leaf3.cfg']
ENABLE_SECRET_TYPE_p2,enable_secret_type:f84ad4329a,Configuration_Check,L1,p2 장비의 Enable Secret 설정 상태는? [답변 형식: 5(MD5)/Scrypt/None],NOT_CONFIGURED,text,"""None""",,"{""snapshot"": ""LabA_Research_Institute_DC_10nodes"", ""metric"": ""enable_secret_type"", ""scope"": {""type"": ""DEVICE"", ""host"": ""p2""}}",bd1a393,['p2.cfg']
ENABLE_SECRET_TYPE_leaf2,enable_secret_type:6e35c43dba,Configuration_Check,L1,leaf2 장비의 Enable Secret 설정 상태는? [답변 형식: 5(MD5)/Scrypt/None],NOT_CONFIGURED,text,"""None""",,"{""snapshot"": ""LabA_Research_Institute_DC_10nodes"", ""metric"": ""enable_secret_type"", ""scope"": {""type"": ""DEVICE"", ""host"": ""leaf2""}}",bd1a393,['leaf2.cfg']
ENABLE_SECRET_TYPE_p3,enable_secret_type:40d255b5d8,Configuration_Check,L1,p3 장비의 Enable Secret 설정 상태는? [답변 형식: 5(MD5)/Scrypt/None],NOT_CONFIGURED,text,"""None""",,"{""snapshot"": ""LabA_Research_Institute_DC_10nodes"", ""metric"": ""enable_secret_type"", ""scope"": {""type"": ""DEVICE"", ""host"": ""p3""}}",bd1a393,['p3.cfg']
ENABLE_SECRET_TYPE_pe1,enable_secret_type:4f36bb8808,Configuration_Check,L1,pe1 장비의 Enable Secret 설정 상태는? [답변 형식: 5(MD5)/Scrypt/None],NOT_CONFIGURED,text,"""None""",,"{""snapshot"": ""LabA_Research_Institute_DC_10nodes"", ""metric"": ""enable_secret_type"", ""scope"": {""type"": ""DEVICE"", ""host"": ""pe1""}}",bd1a393,['pe1.cfg']
ENABLE_SECRET_TYPE_p1,enable_secret_type:980d4425bd,Configuration_Check,L1,p1 장비의 Enable Secret 설정 상태는? [답변 형식: 5(MD5)/Scrypt/None],NOT_CONFIGURED,text,"""None""",,"{""snapshot"": ""LabA_Research_Institute_DC_10nodes"", ""metric"": ""enable_secret_type"", ""scope"": {""type"": ""DEVICE"", ""host"": ""p1""}}",bd1a393,['p1.cfg']
ENABLE_SECRET_TYPE_p4,enable_secret_type:8eb660897d,Configuration_Check,L1,p4 장비의 Enable Secret 설정 상태는? [답변 형식: 5(MD5)/Scrypt/None],NOT_CONFIGURED,text,"""None""",,"{""snapshot"": ""LabA_Research_Institute_DC_10nodes"", ""metric"": ""enable_secret_type"", ""scope"": {""type"": ""DEVICE"", ""host"": ""p4""}}",bd1a393,['p4.cfg']
ENABLE_SECRET_TYPE_leaf4,enable_secret_type:45a2dbebe1,Configuration_Check,L1,leaf4 장비의 Enable Secret 설정 상태는? [답변 형식: 5(MD5)/Scrypt/None],NOT_CONFIGURED,text,"""None""",,"{""snapshot"": ""LabA_Research_Institute_DC_10nodes"", ""metric"": ""enable_secret_type"", ""scope"": {""type"": ""DEVICE"", ""host"": ""leaf4""}}",bd1a393,['leaf4.cfg']
ENABLE_SECRET_TYPE_pe2,enable_secret_type:3603999311,Configuration_Check,L1,pe2 장비의 Enable Secret 설정 상태는? [답변 형식: 5(MD5)/Scrypt/None],NOT_CONFIGURED,text,"""None""",,"{""snapshot"": ""LabA_Research_Institute_DC_10nodes"", ""metric"": ""enable_secret_type"", ""scope"": {""type"": ""DEVICE"", ""host"": ""pe2""}}",bd1a393,['pe2.cfg']
ENABLE_SECRET_TYPE_leaf1,enable_secret_type:f3e677391b,Configuration_Check,L1,leaf1 장비의 Enable Secret 설정 상태는? [답변 형식: 5(MD5)/Scrypt/None],NOT_CONFIGURED,text,"""None""",,"{""snapshot"": ""LabA_Research_Institute_DC_10nodes"", ""metric"": ""enable_secret_type"", ""scope"": {""type"": ""DEVICE"", ""host"": ""leaf1""}}",bd1a393,['leaf1.cfg']
CONSOLE_PASSWORD_VAL_leaf3,console_password_val:6a7c231d8b,Configuration_Check,L1,leaf3 장비의 Console Password는 무엇으로 설정되어 있습니까? [답변 형식: 암호값 또는 None],NOT_CONFIGURED,text,"""None""",,"{""snapshot"": ""LabA_Research_Institute_DC_10nodes"", ""metric"": ""console_password_val"", ""scope"": {""type"": ""DEVICE"", ""host"": ""leaf3""}}",bd1a393,['leaf3.cfg']
CONSOLE_PASSWORD_VAL_leaf4,console_password_val:45a2dbebe1,Configuration_Check,L1,leaf4 장비의 Console Password는 무엇으로 설정되어 있습니까? [답변 형식: 암호값 또는 None],NOT_CONFIGURED,text,"""None""",,"{""snapshot"": ""LabA_Research_Institute_DC_10nodes"", ""metric"": ""console_password_val"", ""scope"": {""type"": ""DEVICE"", ""host"": ""leaf4""}}",bd1a393,['leaf4.cfg']
CONSOLE_PASSWORD_VAL_p2,console_password_val:f84ad4329a,Configuration_Check,L1,p2 장비의 Console Password는 무엇으로 설정되어 있습니까? [답변 형식: 암호값 또는 None],NOT_CONFIGURED,text,"""None""",,"{""snapshot"": ""LabA_Research_Institute_DC_10nodes"", ""metric"": ""console_password_val"", ""scope"": {""type"": ""DEVICE"", ""host"": ""p2""}}",bd1a393,['p2.cfg']
CONSOLE_PASSWORD_VAL_p1,console_password_val:980d4425bd,Configuration_Check,L1,p1 장비의 Console Password는 무엇으로 설정되어 있습니까? [답변 형식: 암호값 또는 None],NOT_CONFIGURED,text,"""None""",,"{""snapshot"": ""LabA_Research_Institute_DC_10nodes"", ""metric"": ""console_password_val"", ""scope"": {""type"": ""DEVICE"", ""host"": ""p1""}}",bd1a393,['p1.cfg']
CONSOLE_PASSWORD_VAL_leaf1,console_password_val:f3e677391b,Configuration_Check,L1,leaf1 장비의 Console Password는 무엇으로 설정되어 있습니까? [답변 형식: 암호값 또는 None],NOT_CONFIGURED,text,"""None""",,"{""snapshot"": ""LabA_Research_Institute_DC_10nodes"", ""metric"": ""console_password_val"", ""scope"": {""type"": ""DEVICE"", ""host"": ""leaf1""}}",bd1a393,['leaf1.cfg']
CONSOLE_PASSWORD_VAL_pe1,console_password_val:4f36bb8808,Configuration_Check,L1,pe1 장비의 Console Password는 무엇으로 설정되어 있습니까? [답변 형식: 암호값 또는 None],NOT_CONFIGURED,text,"""None""",,"{""snapshot"": ""LabA_Research_Institute_DC_10nodes"", ""metric"": ""console_password_val"", ""scope"": {""type"": ""DEVICE"", ""host"": ""pe1""}}",bd1a393,['pe1.cfg']
CONSOLE_PASSWORD_VAL_leaf2,console_password_val:6e35c43dba,Configuration_Check,L1,leaf2 장비의 Console Password는 무엇으로 설정되어 있습니까? [답변 형식: 암호값 또는 None],NOT_CONFIGURED,text,"""None""",,"{""snapshot"": ""LabA_Research_Institute_DC_10nodes"", ""metric"": ""console_password_val"", ""scope"": {""type"": ""DEVICE"", ""host"": ""leaf2""}}",bd1a393,['leaf2.cfg']
CONSOLE_PASSWORD_VAL_pe2,console_password_val:3603999311,Configuration_Check,L1,pe2 장비의 Console Password는 무엇으로 설정되어 있습니까? [답변 형식: 암호값 또는 None],NOT_CONFIGURED,text,"""None""",,"{""snapshot"": ""LabA_Research_Institute_DC_10nodes"", ""metric"": ""console_password_val"", ""scope"": {""type"": ""DEVICE"", ""host"": ""pe2""}}",bd1a393,['pe2.cfg']
CONSOLE_PASSWORD_VAL_p4,console_password_val:8eb660897d,Configuration_Check,L1,p4 장비의 Console Password는 무엇으로 설정되어 있습니까? [답변 형식: 암호값 또는 None],NOT_CONFIGURED,text,"""None""",,"{""snapshot"": ""LabA_Research_Institute_DC_10nodes"", ""metric"": ""console_password_val"", ""scope"": {""type"": ""DEVICE"", ""host"": ""p4""}}",bd1a393,['p4.cfg']
CONSOLE_PASSWORD_VAL_p3,console_password_val:40d255b5d8,Configuration_Check,L1,p3 장비의 Console Password는 무엇으로 설정되어 있습니까? [답변 형식: 암호값 또는 None],NOT_CONFIGURED,text,"""None""",,"{""snapshot"": ""LabA_Research_Institute_DC_10nodes"", ""metric"": ""console_password_val"", ""scope"": {""type"": ""DEVICE"", ""host"": ""p3""}}",bd1a393,['p3.cfg']
EXEC_TIMEOUT_VAL_pe2,exec_timeout_val:3603999311,Configuration_Check,L1,pe2 장비의 VTY/Console Exec Timeout 설정값은? [답변 형식: '분 초' 또는 None],NOT_CONFIGURED,text,"""None""",,"{""snapshot"": ""LabA_Research_Institute_DC_10nodes"", ""metric"": ""exec_timeout_val"", ""scope"": {""type"": ""DEVICE"", ""host"": ""pe2""}}",bd1a393,['pe2.cfg']
EXEC_TIMEOUT_VAL_leaf4,exec_timeout_val:45a2dbebe1,Configuration_Check,L1,leaf4 장비의 VTY/Console Exec Timeout 설정값은? [답변 형식: '분 초' 또는 None],NOT_CONFIGURED,text,"""None""",,"{""snapshot"": ""LabA_Research_Institute_DC_10nodes"", ""metric"": ""exec_timeout_val"", ""scope"": {""type"": ""DEVICE"", ""host"": ""leaf4""}}",bd1a393,['leaf4.cfg']
EXEC_TIMEOUT_VAL_p2,exec_timeout_val:f84ad4329a,Configuration_Check,L1,p2 장비의 VTY/Console Exec Timeout 설정값은? [답변 형식: '분 초' 또는 None],NOT_CONFIGURED,text,"""None""",,"{""snapshot"": ""LabA_Research_Institute_DC_10nodes"", ""metric"": ""exec_timeout_val"", ""scope"": {""type"": ""DEVICE"", ""host"": ""p2""}}",bd1a393,['p2.cfg']
EXEC_TIMEOUT_VAL_p3,exec_timeout_val:40d255b5d8,Configuration_Check,L1,p3 장비의 VTY/Console Exec Timeout 설정값은? [답변 형식: '분 초' 또는 None],NOT_CONFIGURED,text,"""None""",,"{""snapshot"": ""LabA_Research_Institute_DC_10nodes"", ""metric"": ""exec_timeout_val"", ""scope"": {""type"": ""DEVICE"", ""host"": ""p3""}}",bd1a393,['p3.cfg']
EXEC_TIMEOUT_VAL_leaf2,exec_timeout_val:6e35c43dba,Configuration_Check,L1,leaf2 장비의 VTY/Console Exec Timeout 설정값은? [답변 형식: '분 초' 또는 None],NOT_CONFIGURED,text,"""None""",,"{""snapshot"": ""LabA_Research_Institute_DC_10nodes"", ""metric"": ""exec_timeout_val"", ""scope"": {""type"": ""DEVICE"", ""host"": ""leaf2""}}",bd1a393,['leaf2.cfg']
EXEC_TIMEOUT_VAL_p1,exec_timeout_val:980d4425bd,Configuration_Check,L1,p1 장비의 VTY/Console Exec Timeout 설정값은? [답변 형식: '분 초' 또는 None],NOT_CONFIGURED,text,"""None""",,"{""snapshot"": ""LabA_Research_Institute_DC_10nodes"", ""metric"": ""exec_timeout_val"", ""scope"": {""type"": ""DEVICE"", ""host"": ""p1""}}",bd1a393,['p1.cfg']
EXEC_TIMEOUT_VAL_leaf1,exec_timeout_val:f3e677391b,Configuration_Check,L1,leaf1 장비의 VTY/Console Exec Timeout 설정값은? [답변 형식: '분 초' 또는 None],NOT_CONFIGURED,text,"""None""",,"{""snapshot"": ""LabA_Research_Institute_DC_10nodes"", ""metric"": ""exec_timeout_val"", ""scope"": {""type"": ""DEVICE"", ""host"": ""leaf1""}}",bd1a393,['leaf1.cfg']
EXEC_TIMEOUT_VAL_p4,exec_timeout_val:8eb660897d,Configuration_Check,L1,p4 장비의 VTY/Console Exec Timeout 설정값은? [답변 형식: '분 초' 또는 None],NOT_CONFIGURED,text,"""None""",,"{""snapshot"": ""LabA_Research_Institute_DC_10nodes"", ""metric"": ""exec_timeout_val"", ""scope"": {""type"": ""DEVICE"", ""host"": ""p4""}}",bd1a393,['p4.cfg']
EXEC_TIMEOUT_VAL_pe1,exec_timeout_val:4f36bb8808,Configuration_Check,L1,pe1 장비의 VTY/Console Exec Timeout 설정값은? [답변 형식: '분 초' 또는 None],NOT_CONFIGURED,text,"""None""",,"{""snapshot"": ""LabA_Research_Institute_DC_10nodes"", ""metric"": ""exec_timeout_val"", ""scope"": {""type"": ""DEVICE"", ""host"": ""pe1""}}",bd1a393,['pe1.cfg']
EXEC_TIMEOUT_VAL_leaf3,exec_timeout_val:6a7c231d8b,Configuration_Check,L1,leaf3 장비의 VTY/Console Exec Timeout 설정값은? [답변 형식: '분 초' 또는 None],NOT_CONFIGURED,text,"""None""",,"{""snapshot"": ""LabA_Research_Institute_DC_10nodes"", ""metric"": ""exec_timeout_val"", ""scope"": {""type"": ""DEVICE"", ""host"": ""leaf3""}}",bd1a393,['leaf3.cfg']
BANNER_MOTD_CONTENT_leaf1,banner_motd_content:f3e677391b,Configuration_Check,L1,leaf1 장비의 MOTD(Message of the Day) 배너 내용은? [답변 형식: 내용 또는 None],NOT_CONFIGURED,text,"""None""",,"{""snapshot"": ""LabA_Research_Institute_DC_10nodes"", ""metric"": ""banner_motd_content"", ""scope"": {""type"": ""DEVICE"", ""host"": ""leaf1""}}",bd1a393,['leaf1.cfg']
BANNER_MOTD_CONTENT_leaf2,banner_motd_content:6e35c43dba,Configuration_Check,L1,leaf2 장비의 MOTD(Message of the Day) 배너 내용은? [답변 형식: 내용 또는 None],NOT_CONFIGURED,text,"""None""",,"{""snapshot"": ""LabA_Research_Institute_DC_10nodes"", ""metric"": ""banner_motd_content"", ""scope"": {""type"": ""DEVICE"", ""host"": ""leaf2""}}",bd1a393,['leaf2.cfg']
BANNER_MOTD_CONTENT_leaf3,banner_motd_content:6a7c231d8b,Configuration_Check,L1,leaf3 장비의 MOTD(Message of the Day) 배너 내용은? [답변 형식: 내용 또는 None],NOT_CONFIGURED,text,"""None""",,"{""snapshot"": ""LabA_Research_Institute_DC_10nodes"", ""metric"": ""banner_motd_content"", ""scope"": {""type"": ""DEVICE"", ""host"": ""leaf3""}}",bd1a393,['leaf3.cfg']
BANNER_MOTD_CONTENT_pe2,banner_motd_content:3603999311,Configuration_Check,L1,pe2 장비의 MOTD(Message of the Day) 배너 내용은? [답변 형식: 내용 또는 None],NOT_CONFIGURED,text,"""None""",,"{""snapshot"": ""LabA_Research_Institute_DC_10nodes"", ""metric"": ""banner_motd_content"", ""scope"": {""type"": ""DEVICE"", ""host"": ""pe2""}}",bd1a393,['pe2.cfg']
BANNER_MOTD_CONTENT_p1,banner_motd_content:980d4425bd,Configuration_Check,L1,p1 장비의 MOTD(Message of the Day) 배너 내용은? [답변 형식: 내용 또는 None],NOT_CONFIGURED,text,"""None""",,"{""snapshot"": ""LabA_Research_Institute_DC_10nodes"", ""metric"": ""banner_motd_content"", ""scope"": {""type"": ""DEVICE"", ""host"": ""p1""}}",bd1a393,['p1.cfg']
BANNER_MOTD_CONTENT_leaf4,banner_motd_content:45a2dbebe1,Configuration_Check,L1,leaf4 장비의 MOTD(Message of the Day) 배너 내용은? [답변 형식: 내용 또는 None],NOT_CONFIGURED,text,"""None""",,"{""snapshot"": ""LabA_Research_Institute_DC_10nodes"", ""metric"": ""banner_motd_content"", ""scope"": {""type"": ""DEVICE"", ""host"": ""leaf4""}}",bd1a393,['leaf4.cfg']
BANNER_MOTD_CONTENT_p3,banner_motd_content:40d255b5d8,Configuration_Check,L1,p3 장비의 MOTD(Message of the Day) 배너 내용은? [답변 형식: 내용 또는 None],NOT_CONFIGURED,text,"""None""",,"{""snapshot"": ""LabA_Research_Institute_DC_10nodes"", ""metric"": ""banner_motd_content"", ""scope"": {""type"": ""DEVICE"", ""host"": ""p3""}}",bd1a393,['p3.cfg']
BANNER_MOTD_CONTENT_p2,banner_motd_content:f84ad4329a,Configuration_Check,L1,p2 장비의 MOTD(Message of the Day) 배너 내용은? [답변 형식: 내용 또는 None],NOT_CONFIGURED,text,"""None""",,"{""snapshot"": ""LabA_Research_Institute_DC_10nodes"", ""metric"": ""banner_motd_content"", ""scope"": {""type"": ""DEVICE"", ""host"": ""p2""}}",bd1a393,['p2.cfg']
BANNER_MOTD_CONTENT_pe1,banner_motd_content:4f36bb8808,Configuration_Check,L1,pe1 장비의 MOTD(Message of the Day) 배너 내용은? [답변 형식: 내용 또는 None],NOT_CONFIGURED,text,"""None""",,"{""snapshot"": ""LabA_Research_Institute_DC_10nodes"", ""metric"": ""banner_motd_content"", ""scope"": {""type"": ""DEVICE"", ""host"": ""pe1""}}",bd1a393,['pe1.cfg']
BANNER_MOTD_CONTENT_p4,banner_motd_content:8eb660897d,Configuration_Check,L1,p4 장비의 MOTD(Message of the Day) 배너 내용은? [답변 형식: 내용 또는 None],NOT_CONFIGURED,text,"""None""",,"{""snapshot"": ""LabA_Research_Institute_DC_10nodes"", ""metric"": ""banner_motd_content"", ""scope"": {""type"": ""DEVICE"", ""host"": ""p4""}}",bd1a393,['p4.cfg']
BANNER_LOGIN_CONTENT_p2,banner_login_content:f84ad4329a,Configuration_Check,L1,p2 장비의 Login 배너 내용은? [답변 형식: 내용 또는 None],NOT_CONFIGURED,text,"""None""",,"{""snapshot"": ""LabA_Research_Institute_DC_10nodes"", ""metric"": ""banner_login_content"", ""scope"": {""type"": ""DEVICE"", ""host"": ""p2""}}",bd1a393,['p2.cfg']
BANNER_LOGIN_CONTENT_leaf1,banner_login_content:f3e677391b,Configuration_Check,L1,leaf1 장비의 Login 배너 내용은? [답변 형식: 내용 또는 None],NOT_CONFIGURED,text,"""None""",,"{""snapshot"": ""LabA_Research_Institute_DC_10nodes"", ""metric"": ""banner_login_content"", ""scope"": {""type"": ""DEVICE"", ""host"": ""leaf1""}}",bd1a393,['leaf1.cfg']
BANNER_LOGIN_CONTENT_p1,banner_login_content:980d4425bd,Configuration_Check,L1,p1 장비의 Login 배너 내용은? [답변 형식: 내용 또는 None],NOT_CONFIGURED,text,"""None""",,"{""snapshot"": ""LabA_Research_Institute_DC_10nodes"", ""metric"": ""banner_login_content"", ""scope"": {""type"": ""DEVICE"", ""host"": ""p1""}}",bd1a393,['p1.cfg']
BANNER_LOGIN_CONTENT_leaf4,banner_login_content:45a2dbebe1,Configuration_Check,L1,leaf4 장비의 Login 배너 내용은? [답변 형식: 내용 또는 None],NOT_CONFIGURED,text,"""None""",,"{""snapshot"": ""LabA_Research_Institute_DC_10nodes"", ""metric"": ""banner_login_content"", ""scope"": {""type"": ""DEVICE"", ""host"": ""leaf4""}}",bd1a393,['leaf4.cfg']
BANNER_LOGIN_CONTENT_p3,banner_login_content:40d255b5d8,Configuration_Check,L1,p3 장비의 Login 배너 내용은? [답변 형식: 내용 또는 None],NOT_CONFIGURED,text,"""None""",,"{""snapshot"": ""LabA_Research_Institute_DC_10nodes"", ""metric"": ""banner_login_content"", ""scope"": {""type"": ""DEVICE"", ""host"": ""p3""}}",bd1a393,['p3.cfg']
BANNER_LOGIN_CONTENT_leaf2,banner_login_content:6e35c43dba,Configuration_Check,L1,leaf2 장비의 Login 배너 내용은? [답변 형식: 내용 또는 None],NOT_CONFIGURED,text,"""None""",,"{""snapshot"": ""LabA_Research_Institute_DC_10nodes"", ""metric"": ""banner_login_content"", ""scope"": {""type"": ""DEVICE"", ""host"": ""leaf2""}}",bd1a393,['leaf2.cfg']
BANNER_LOGIN_CONTENT_pe2,banner_login_content:3603999311,Configuration_Check,L1,pe2 장비의 Login 배너 내용은? [답변 형식: 내용 또는 None],NOT_CONFIGURED,text,"""None""",,"{""snapshot"": ""LabA_Research_Institute_DC_10nodes"", ""metric"": ""banner_login_content"", ""scope"": {""type"": ""DEVICE"", ""host"": ""pe2""}}",bd1a393,['pe2.cfg']
BANNER_LOGIN_CONTENT_pe1,banner_login_content:4f36bb8808,Configuration_Check,L1,pe1 장비의 Login 배너 내용은? [답변 형식: 내용 또는 None],NOT_CONFIGURED,text,"""None""",,"{""snapshot"": ""LabA_Research_Institute_DC_10nodes"", ""metric"": ""banner_login_content"", ""scope"": {""type"": ""DEVICE"", ""host"": ""pe1""}}",bd1a393,['pe1.cfg']
BANNER_LOGIN_CONTENT_p4,banner_login_content:8eb660897d,Configuration_Check,L1,p4 장비의 Login 배너 내용은? [답변 형식: 내용 또는 None],NOT_CONFIGURED,text,"""None""",,"{""snapshot"": ""LabA_Research_Institute_DC_10nodes"", ""metric"": ""banner_login_content"", ""scope"": {""type"": ""DEVICE"", ""host"": ""p4""}}",bd1a393,['p4.cfg']
BANNER_LOGIN_CONTENT_leaf3,banner_login_content:6a7c231d8b,Configuration_Check,L1,leaf3 장비의 Login 배너 내용은? [답변 형식: 내용 또는 None],NOT_CONFIGURED,text,"""None""",,"{""snapshot"": ""LabA_Research_Institute_DC_10nodes"", ""metric"": ""banner_login_content"", ""scope"": {""type"": ""DEVICE"", ""host"": ""leaf3""}}",bd1a393,['leaf3.cfg']
HTTP_SERVER_CONFIG_leaf1,http_server_config:f3e677391b,Configuration_Check,L1,leaf1 장비의 HTTP Server 활성화 상태는? [답변 형식: Enabled/Disabled],NOT_CONFIGURED,text,"""Disabled""",,"{""snapshot"": ""LabA_Research_Institute_DC_10nodes"", ""metric"": ""http_server_config"", ""scope"": {""type"": ""DEVICE"", ""host"": ""leaf1""}}",bd1a393,['leaf1.cfg']
HTTP_SERVER_CONFIG_leaf4,http_server_config:45a2dbebe1,Configuration_Check,L1,leaf4 장비의 HTTP Server 활성화 상태는? [답변 형식: Enabled/Disabled],NOT_CONFIGURED,text,"""Disabled""",,"{""snapshot"": ""LabA_Research_Institute_DC_10nodes"", ""metric"": ""http_server_config"", ""scope"": {""type"": ""DEVICE"", ""host"": ""leaf4""}}",bd1a393,['leaf4.cfg']
HTTP_SERVER_CONFIG_pe2,http_server_config:3603999311,Configuration_Check,L1,pe2 장비의 HTTP Server 활성화 상태는? [답변 형식: Enabled/Disabled],NOT_CONFIGURED,text,"""Disabled""",,"{""snapshot"": ""LabA_Research_Institute_DC_10nodes"", ""metric"": ""http_server_config"", ""scope"": {""type"": ""DEVICE"", ""host"": ""pe2""}}",bd1a393,['pe2.cfg']
HTTP_SERVER_CONFIG_p3,http_server_config:40d255b5d8,Configuration_Check,L1,p3 장비의 HTTP Server 활성화 상태는? [답변 형식: Enabled/Disabled],NOT_CONFIGURED,text,"""Disabled""",,"{""snapshot"": ""LabA_Research_Institute_DC_10nodes"", ""metric"": ""http_server_config"", ""scope"": {""type"": ""DEVICE"", ""host"": ""p3""}}",bd1a393,['p3.cfg']
HTTP_SERVER_CONFIG_pe1,http_server_config:4f36bb8808,Configuration_Check,L1,pe1 장비의 HTTP Server 활성화 상태는? [답변 형식: Enabled/Disabled],NOT_CONFIGURED,text,"""Disabled""",,"{""snapshot"": ""LabA_Research_Institute_DC_10nodes"", ""metric"": ""http_server_config"", ""scope"": {""type"": ""DEVICE"", ""host"": ""pe1""}}",bd1a393,['pe1.cfg']
HTTP_SERVER_CONFIG_leaf3,http_server_config:6a7c231d8b,Configuration_Check,L1,leaf3 장비의 HTTP Server 활성화 상태는? [답변 형식: Enabled/Disabled],NOT_CONFIGURED,text,"""Disabled""",,"{""snapshot"": ""LabA_Research_Institute_DC_10nodes"", ""metric"": ""http_server_config"", ""scope"": {""type"": ""DEVICE"", ""host"": ""leaf3""}}",bd1a393,['leaf3.cfg']
HTTP_SERVER_CONFIG_p2,http_server_config:f84ad4329a,Configuration_Check,L1,p2 장비의 HTTP Server 활성화 상태는? [답변 형식: Enabled/Disabled],NOT_CONFIGURED,text,"""Disabled""",,"{""snapshot"": ""LabA_Research_Institute_DC_10nodes"", ""metric"": ""http_server_config"", ""scope"": {""type"": ""DEVICE"", ""host"": ""p2""}}",bd1a393,['p2.cfg']
HTTP_SERVER_CONFIG_leaf2,http_server_config:6e35c43dba,Configuration_Check,L1,leaf2 장비의 HTTP Server 활성화 상태는? [답변 형식: Enabled/Disabled],NOT_CONFIGURED,text,"""Disabled""",,"{""snapshot"": ""LabA_Research_Institute_DC_10nodes"", ""metric"": ""http_server_config"", ""scope"": {""type"": ""DEVICE"", ""host"": ""leaf2""}}",bd1a393,['leaf2.cfg']
HTTP_SERVER_CONFIG_p4,http_server_config:8eb660897d,Configuration_Check,L1,p4 장비의 HTTP Server 활성화 상태는? [답변 형식: Enabled/Disabled],NOT_CONFIGURED,text,"""Disabled""",,"{""snapshot"": ""LabA_Research_Institute_DC_10nodes"", ""metric"": ""http_server_config"", ""scope"": {""type"": ""DEVICE"", ""host"": ""p4""}}",bd1a393,['p4.cfg']
HTTP_SERVER_CONFIG_p1,http_server_config:980d4425bd,Configuration_Check,L1,p1 장비의 HTTP Server 활성화 상태는? [답변 형식: Enabled/Disabled],NOT_CONFIGURED,text,"""Disabled""",,"{""snapshot"": ""LabA_Research_Institute_DC_10nodes"", ""metric"": ""http_server_config"", ""scope"": {""type"": ""DEVICE"", ""host"": ""p1""}}",bd1a393,['p1.cfg']
CDP_CONFIG_p1,cdp_config:980d4425bd,Configuration_Check,L1,p1 장비의 CDP(Cisco Discovery Protocol) 활성화 상태는? [답변 형식: Enabled/Disabled],OK,text,"""Enabled""",,"{""snapshot"": ""LabA_Research_Institute_DC_10nodes"", ""metric"": ""cdp_config"", ""scope"": {""type"": ""DEVICE"", ""host"": ""p1""}}",bd1a393,['p1.cfg']
CDP_CONFIG_leaf1,cdp_config:f3e677391b,Configuration_Check,L1,leaf1 장비의 CDP(Cisco Discovery Protocol) 활성화 상태는? [답변 형식: Enabled/Disabled],OK,text,"""Enabled""",,"{""snapshot"": ""LabA_Research_Institute_DC_10nodes"", ""metric"": ""cdp_config"", ""scope"": {""type"": ""DEVICE"", ""host"": ""leaf1""}}",bd1a393,['leaf1.cfg']
CDP_CONFIG_p4,cdp_config:8eb660897d,Configuration_Check,L1,p4 장비의 CDP(Cisco Discovery Protocol) 활성화 상태는? [답변 형식: Enabled/Disabled],OK,text,"""Enabled""",,"{""snapshot"": ""LabA_Research_Institute_DC_10nodes"", ""metric"": ""cdp_config"", ""scope"": {""type"": ""DEVICE"", ""host"": ""p4""}}",bd1a393,['p4.cfg']
CDP_CONFIG_p2,cdp_config:f84ad4329a,Configuration_Check,L1,p2 장비의 CDP(Cisco Discovery Protocol) 활성화 상태는? [답변 형식: Enabled/Disabled],OK,text,"""Enabled""",,"{""snapshot"": ""LabA_Research_Institute_DC_10nodes"", ""metric"": ""cdp_config"", ""scope"": {""type"": ""DEVICE"", ""host"": ""p2""}}",bd1a393,['p2.cfg']
CDP_CONFIG_leaf4,cdp_config:45a2dbebe1,Configuration_Check,L1,leaf4 장비의 CDP(Cisco Discovery Protocol) 활성화 상태는? [답변 형식: Enabled/Disabled],OK,text,"""Enabled""",,"{""snapshot"": ""LabA_Research_Institute_DC_10nodes"", ""metric"": ""cdp_config"", ""scope"": {""type"": ""DEVICE"", ""host"": ""leaf4""}}",bd1a393,['leaf4.cfg']
CDP_CONFIG_p3,cdp_config:40d255b5d8,Configuration_Check,L1,p3 장비의 CDP(Cisco Discovery Protocol) 활성화 상태는? [답변 형식: Enabled/Disabled],OK,text,"""Enabled""",,"{""snapshot"": ""LabA_Research_Institute_DC_10nodes"", ""metric"": ""cdp_config"", ""scope"": {""type"": ""DEVICE"", ""host"": ""p3""}}",bd1a393,['p3.cfg']
CDP_CONFIG_pe2,cdp_config:3603999311,Configuration_Check,L1,pe2 장비의 CDP(Cisco Discovery Protocol) 활성화 상태는? [답변 형식: Enabled/Disabled],OK,text,"""Enabled""",,"{""snapshot"": ""LabA_Research_Institute_DC_10nodes"", ""metric"": ""cdp_config"", ""scope"": {""type"": ""DEVICE"", ""host"": ""pe2""}}",bd1a393,['pe2.cfg']
CDP_CONFIG_leaf3,cdp_config:6a7c231d8b,Configuration_Check,L1,leaf3 장비의 CDP(Cisco Discovery Protocol) 활성화 상태는? [답변 형식: Enabled/Disabled],OK,text,"""Enabled""",,"{""snapshot"": ""LabA_Research_Institute_DC_10nodes"", ""metric"": ""cdp_config"", ""scope"": {""type"": ""DEVICE"", ""host"": ""leaf3""}}",bd1a393,['leaf3.cfg']
CDP_CONFIG_leaf2,cdp_config:6e35c43dba,Configuration_Check,L1,leaf2 장비의 CDP(Cisco Discovery Protocol) 활성화 상태는? [답변 형식: Enabled/Disabled],OK,text,"""Enabled""",,"{""snapshot"": ""LabA_Research_Institute_DC_10nodes"", ""metric"": ""cdp_config"", ""scope"": {""type"": ""DEVICE"", ""host"": ""leaf2""}}",bd1a393,['leaf2.cfg']
CDP_CONFIG_pe1,cdp_config:4f36bb8808,Configuration_Check,L1,pe1 장비의 CDP(Cisco Discovery Protocol) 활성화 상태는? [답변 형식: Enabled/Disabled],OK,text,"""Enabled""",,"{""snapshot"": ""LabA_Research_Institute_DC_10nodes"", ""metric"": ""cdp_config"", ""scope"": {""type"": ""DEVICE"", ""host"": ""pe1""}}",bd1a393,['pe1.cfg']
IP_SOURCE_ROUTE_CONFIG_pe2,ip_source_route_config:3603999311,Configuration_Check,L1,pe2 장비의 IP Source Route 기능 활성화 상태는? [답변 형식: Enabled/Disabled],OK,text,"""Enabled""",,"{""snapshot"": ""LabA_Research_Institute_DC_10nodes"", ""metric"": ""ip_source_route_config"", ""scope"": {""type"": ""DEVICE"", ""host"": ""pe2""}}",bd1a393,['pe2.cfg']
IP_SOURCE_ROUTE_CONFIG_p4,ip_source_route_config:8eb660897d,Configuration_Check,L1,p4 장비의 IP Source Route 기능 활성화 상태는? [답변 형식: Enabled/Disabled],OK,text,"""Enabled""",,"{""snapshot"": ""LabA_Research_Institute_DC_10nodes"", ""metric"": ""ip_source_route_config"", ""scope"": {""type"": ""DEVICE"", ""host"": ""p4""}}",bd1a393,['p4.cfg']
IP_SOURCE_ROUTE_CONFIG_leaf1,ip_source_route_config:f3e677391b,Configuration_Check,L1,leaf1 장비의 IP Source Route 기능 활성화 상태는? [답변 형식: Enabled/Disabled],OK,text,"""Enabled""",,"{""snapshot"": ""LabA_Research_Institute_DC_10nodes"", ""metric"": ""ip_source_route_config"", ""scope"": {""type"": ""DEVICE"", ""host"": ""leaf1""}}",bd1a393,['leaf1.cfg']
IP_SOURCE_ROUTE_CONFIG_p2,ip_source_route_config:f84ad4329a,Configuration_Check,L1,p2 장비의 IP Source Route 기능 활성화 상태는? [답변 형식: Enabled/Disabled],OK,text,"""Enabled""",,"{""snapshot"": ""LabA_Research_Institute_DC_10nodes"", ""metric"": ""ip_source_route_config"", ""scope"": {""type"": ""DEVICE"", ""host"": ""p2""}}",bd1a393,['p2.cfg']
IP_SOURCE_ROUTE_CONFIG_leaf4,ip_source_route_config:45a2dbebe1,Configuration_Check,L1,leaf4 장비의 IP Source Route 기능 활성화 상태는? [답변 형식: Enabled/Disabled],OK,text,"""Enabled""",,"{""snapshot"": ""LabA_Research_Institute_DC_10nodes"", ""metric"": ""ip_source_route_config"", ""scope"": {""type"": ""DEVICE"", ""host"": ""leaf4""}}",bd1a393,['leaf4.cfg']
IP_SOURCE_ROUTE_CONFIG_p1,ip_source_route_config:980d4425bd,Configuration_Check,L1,p1 장비의 IP Source Route 기능 활성화 상태는? [답변 형식: Enabled/Disabled],OK,text,"""Enabled""",,"{""snapshot"": ""LabA_Research_Institute_DC_10nodes"", ""metric"": ""ip_source_route_config"", ""scope"": {""type"": ""DEVICE"", ""host"": ""p1""}}",bd1a393,['p1.cfg']
IP_SOURCE_ROUTE_CONFIG_leaf3,ip_source_route_config:6a7c231d8b,Configuration_Check,L1,leaf3 장비의 IP Source Route 기능 활성화 상태는? [답변 형식: Enabled/Disabled],OK,text,"""Enabled""",,"{""snapshot"": ""LabA_Research_Institute_DC_10nodes"", ""metric"": ""ip_source_route_config"", ""scope"": {""type"": ""DEVICE"", ""host"": ""leaf3""}}",bd1a393,['leaf3.cfg']
IP_SOURCE_ROUTE_CONFIG_pe1,ip_source_route_config:4f36bb8808,Configuration_Check,L1,pe1 장비의 IP Source Route 기능 활성화 상태는? [답변 형식: Enabled/Disabled],OK,text,"""Enabled""",,"{""snapshot"": ""LabA_Research_Institute_DC_10nodes"", ""metric"": ""ip_source_route_config"", ""scope"": {""type"": ""DEVICE"", ""host"": ""pe1""}}",bd1a393,['pe1.cfg']
IP_SOURCE_ROUTE_CONFIG_p3,ip_source_route_config:40d255b5d8,Configuration_Check,L1,p3 장비의 IP Source Route 기능 활성화 상태는? [답변 형식: Enabled/Disabled],OK,text,"""Enabled""",,"{""snapshot"": ""LabA_Research_Institute_DC_10nodes"", ""metric"": ""ip_source_route_config"", ""scope"": {""type"": ""DEVICE"", ""host"": ""p3""}}",bd1a393,['p3.cfg']
IP_SOURCE_ROUTE_CONFIG_leaf2,ip_source_route_config:6e35c43dba,Configuration_Check,L1,leaf2 장비의 IP Source Route 기능 활성화 상태는? [답변 형식: Enabled/Disabled],OK,text,"""Enabled""",,"{""snapshot"": ""LabA_Research_Institute_DC_10nodes"", ""metric"": ""ip_source_route_config"", ""scope"": {""type"": ""DEVICE"", ""host"": ""leaf2""}}",bd1a393,['leaf2.cfg']
LOOPBACK_INTERFACES_LIST_leaf3,loopback_interfaces_list:6a7c231d8b,Configuration_Check,L1,leaf3 장비에 설정된 Loopback 인터페이스 목록은? [답변 형식: 인터페이스명 리스트],NOT_CONFIGURED,set,[],,"{""snapshot"": ""LabA_Research_Institute_DC_10nodes"", ""metric"": ""loopback_interfaces_list"", ""scope"": {""type"": ""DEVICE"", ""host"": ""leaf3""}}",bd1a393,['leaf3.cfg']
LOOPBACK_INTERFACES_LIST_leaf2,loopback_interfaces_list:6e35c43dba,Configuration_Check,L1,leaf2 장비에 설정된 Loopback 인터페이스 목록은? [답변 형식: 인터페이스명 리스트],NOT_CONFIGURED,set,[],,"{""snapshot"": ""LabA_Research_Institute_DC_10nodes"", ""metric"": ""loopback_interfaces_list"", ""scope"": {""type"": ""DEVICE"", ""host"": ""leaf2""}}",bd1a393,['leaf2.cfg']
LOOPBACK_INTERFACES_LIST_p4,loopback_interfaces_list:8eb660897d,Configuration_Check,L1,p4 장비에 설정된 Loopback 인터페이스 목록은? [답변 형식: 인터페이스명 리스트],OK,set,"[""Loopback0""]",,"{""snapshot"": ""LabA_Research_Institute_DC_10nodes"", ""metric"": ""loopback_interfaces_list"", ""scope"": {""type"": ""DEVICE"", ""host"": ""p4""}}",bd1a393,['p4.cfg']
LOOPBACK_INTERFACES_LIST_p2,loopback_interfaces_list:f84ad4329a,Configuration_Check,L1,p2 장비에 설정된 Loopback 인터페이스 목록은? [답변 형식: 인터페이스명 리스트],OK,set,"[""Loopback0""]",,"{""snapshot"": ""LabA_Research_Institute_DC_10nodes"", ""metric"": ""loopback_interfaces_list"", ""scope"": {""type"": ""DEVICE"", ""host"": ""p2""}}",bd1a393,['p2.cfg']
LOOPBACK_INTERFACES_LIST_leaf4,loopback_interfaces_list:45a2dbebe1,Configuration_Check,L1,leaf4 장비에 설정된 Loopback 인터페이스 목록은? [답변 형식: 인터페이스명 리스트],NOT_CONFIGURED,set,[],,"{""snapshot"": ""LabA_Research_Institute_DC_10nodes"", ""metric"": ""loopback_interfaces_list"", ""scope"": {""type"": ""DEVICE"", ""host"": ""leaf4""}}",bd1a393,['leaf4.cfg']
LOOPBACK_INTERFACES_LIST_p1,loopback_interfaces_list:980d4425bd,Configuration_Check,L1,p1 장비에 설정된 Loopback 인터페이스 목록은? [답변 형식: 인터페이스명 리스트],OK,set,"[""Loopback0""]",,"{""snapshot"": ""LabA_Research_Institute_DC_10nodes"", ""metric"": ""loopback_interfaces_list"", ""scope"": {""type"": ""DEVICE"", ""host"": ""p1""}}",bd1a393,['p1.cfg']
LOOPBACK_INTERFACES_LIST_pe1,loopback_interfaces_list:4f36bb8808,Configuration_Check,L1,pe1 장비에 설정된 Loopback 인터페이스 목록은? [답변 형식: 인터페이스명 리스트],OK,set,"[""Loopback0""]",,"{""snapshot"": ""LabA_Research_Institute_DC_10nodes"", ""metric"": ""loopback_interfaces_list"", ""scope"": {""type"": ""DEVICE"", ""host"": ""pe1""}}",bd1a393,['pe1.cfg']
LOOPBACK_INTERFACES_LIST_leaf1,loopback_interfaces_list:f3e677391b,Configuration_Check,L1,leaf1 장비에 설정된 Loopback 인터페이스 목록은? [답변 형식: 인터페이스명 리스트],NOT_CONFIGURED,set,[],,"{""snapshot"": ""LabA_Research_Institute_DC_10nodes"", ""metric"": ""loopback_interfaces_list"", ""scope"": {""type"": ""DEVICE"", ""host"": ""leaf1""}}",bd1a393,['leaf1.cfg']
LOOPBACK_INTERFACES_LIST_pe2,loopback_interfaces_list:3603999311,Configuration_Check,L1,pe2 장비에 설정된 Loopback 인터페이스 목록은? [답변 형식: 인터페이스명 리스트],OK,set,"[""Loopback0""]",,"{""snapshot"": ""LabA_Research_Institute_DC_10nodes"", ""metric"": ""loopback_interfaces_list"", ""scope"": {""type"": ""DEVICE"", ""host"": ""pe2""}}",bd1a393,['pe2.cfg']
LOOPBACK_INTERFACES_LIST_p3,loopback_interfaces_list:40d255b5d8,Configuration_Check,L1,p3 장비에 설정된 Loopback 인터페이스 목록은? [답변 형식: 인터페이스명 리스트],OK,set,"[""Loopback0""]",,"{""snapshot"": ""LabA_Research_Institute_DC_10nodes"", ""metric"": ""loopback_interfaces_list"", ""scope"": {""type"": ""DEVICE"", ""host"": ""p3""}}",bd1a393,['p3.cfg']
DNS_SERVERS_LIST_leaf3,dns_servers_list:6a7c231d8b,Configuration_Check,L1,leaf3 장비에 설정된 DNS 서버(Name Server) 목록은? [답변 형식: IP 리스트],NOT_CONFIGURED,set,[],,"{""snapshot"": ""LabA_Research_Institute_DC_10nodes"", ""metric"": ""dns_servers_list"", ""scope"": {""type"": ""DEVICE"", ""host"": ""leaf3""}}",bd1a393,['leaf3.cfg']
DNS_SERVERS_LIST_leaf1,dns_servers_list:f3e677391b,Configuration_Check,L1,leaf1 장비에 설정된 DNS 서버(Name Server) 목록은? [답변 형식: IP 리스트],NOT_CONFIGURED,set,[],,"{""snapshot"": ""LabA_Research_Institute_DC_10nodes"", ""metric"": ""dns_servers_list"", ""scope"": {""type"": ""DEVICE"", ""host"": ""leaf1""}}",bd1a393,['leaf1.cfg']
DNS_SERVERS_LIST_leaf4,dns_servers_list:45a2dbebe1,Configuration_Check,L1,leaf4 장비에 설정된 DNS 서버(Name Server) 목록은? [답변 형식: IP 리스트],NOT_CONFIGURED,set,[],,"{""snapshot"": ""LabA_Research_Institute_DC_10nodes"", ""metric"": ""dns_servers_list"", ""scope"": {""type"": ""DEVICE"", ""host"": ""leaf4""}}",bd1a393,['leaf4.cfg']
DNS_SERVERS_LIST_leaf2,dns_servers_list:6e35c43dba,Configuration_Check,L1,leaf2 장비에 설정된 DNS 서버(Name Server) 목록은? [답변 형식: IP 리스트],NOT_CONFIGURED,set,[],,"{""snapshot"": ""LabA_Research_Institute_DC_10nodes"", ""metric"": ""dns_servers_list"", ""scope"": {""type"": ""DEVICE"", ""host"": ""leaf2""}}",bd1a393,['leaf2.cfg']
DNS_SERVERS_LIST_p4,dns_servers_list:8eb660897d,Configuration_Check,L1,p4 장비에 설정된 DNS 서버(Name Server) 목록은? [답변 형식: IP 리스트],NOT_CONFIGURED,set,[],,"{""snapshot"": ""LabA_Research_Institute_DC_10nodes"", ""metric"": ""dns_servers_list"", ""scope"": {""type"": ""DEVICE"", ""host"": ""p4""}}",bd1a393,['p4.cfg']
DNS_SERVERS_LIST_p2,dns_servers_list:f84ad4329a,Configuration_Check,L1,p2 장비에 설정된 DNS 서버(Name Server) 목록은? [답변 형식: IP 리스트],NOT_CONFIGURED,set,[],,"{""snapshot"": ""LabA_Research_Institute_DC_10nodes"", ""metric"": ""dns_servers_list"", ""scope"": {""type"": ""DEVICE"", ""host"": ""p2""}}",bd1a393,['p2.cfg']
DNS_SERVERS_LIST_pe2,dns_servers_list:3603999311,Configuration_Check,L1,pe2 장비에 설정된 DNS 서버(Name Server) 목록은? [답변 형식: IP 리스트],NOT_CONFIGURED,set,[],,"{""snapshot"": ""LabA_Research_Institute_DC_10nodes"", ""metric"": ""dns_servers_list"", ""scope"": {""type"": ""DEVICE"", ""host"": ""pe2""}}",bd1a393,['pe2.cfg']
DNS_SERVERS_LIST_pe1,dns_servers_list:4f36bb8808,Configuration_Check,L1,pe1 장비에 설정된 DNS 서버(Name Server) 목록은? [답변 형식: IP 리스트],NOT_CONFIGURED,set,[],,"{""snapshot"": ""LabA_Research_Institute_DC_10nodes"", ""metric"": ""dns_servers_list"", ""scope"": {""type"": ""DEVICE"", ""host"": ""pe1""}}",bd1a393,['pe1.cfg']
DNS_SERVERS_LIST_p3,dns_servers_list:40d255b5d8,Configuration_Check,L1,p3 장비에 설정된 DNS 서버(Name Server) 목록은? [답변 형식: IP 리스트],NOT_CONFIGURED,set,[],,"{""snapshot"": ""LabA_Research_Institute_DC_10nodes"", ""metric"": ""dns_servers_list"", ""scope"": {""type"": ""DEVICE"", ""host"": ""p3""}}",bd1a393,['p3.cfg']
DNS_SERVERS_LIST_p1,dns_servers_list:980d4425bd,Configuration_Check,L1,p1 장비에 설정된 DNS 서버(Name Server) 목록은? [답변 형식: IP 리스트],NOT_CONFIGURED,set,[],,"{""snapshot"": ""LabA_Research_Institute_DC_10nodes"", ""metric"": ""dns_servers_list"", ""scope"": {""type"": ""DEVICE"", ""host"": ""p1""}}",bd1a393,['p1.cfg']
CONFIGURED_BGP_AS_NUMBERS_leaf2,configured_bgp_as_numbers:6e35c43dba,Configuration_Check,L1,leaf2 장비에 설정된 BGP AS 번호는? [답변 형식: AS번호 리스트],NOT_CONFIGURED,text,"""Not Configured""",,"{""snapshot"": ""LabA_Research_Institute_DC_10nodes"", ""metric"": ""configured_bgp_as_numbers"", ""scope"": {""type"": ""DEVICE"", ""host"": ""leaf2""}}",bd1a393,['leaf2.cfg']
CONFIGURED_BGP_AS_NUMBERS_pe1,configured_bgp_as_numbers:4f36bb8808,Configuration_Check,L1,pe1 장비에 설정된 BGP AS 번호는? [답변 형식: AS번호 리스트],OK,text,"""65000""",,"{""snapshot"": ""LabA_Research_Institute_DC_10nodes"", ""metric"": ""configured_bgp_as_numbers"", ""scope"": {""type"": ""DEVICE"", ""host"": ""pe1""}}",bd1a393,['pe1.cfg']
CONFIGURED_BGP_AS_NUMBERS_pe2,configured_bgp_as_numbers:3603999311,Configuration_Check,L1,pe2 장비에 설정된 BGP AS 번호는? [답변 형식: AS번호 리스트],OK,text,"""65000""",,"{""snapshot"": ""LabA_Research_Institute_DC_10nodes"", ""metric"": ""configured_bgp_as_numbers"", ""scope"": {""type"": ""DEVICE"", ""host"": ""pe2""}}",bd1a393,['pe2.cfg']
CONFIGURED_BGP_AS_NUMBERS_p2,configured_bgp_as_numbers:f84ad4329a,Configuration_Check,L1,p2 장비에 설정된 BGP AS 번호는? [답변 형식: AS번호 리스트],NOT_CONFIGURED,text,"""Not Configured""",,"{""snapshot"": ""LabA_Research_Institute_DC_10nodes"", ""metric"": ""configured_bgp_as_numbers"", ""scope"": {""type"": ""DEVICE"", ""host"": ""p2""}}",bd1a393,['p2.cfg']
CONFIGURED_BGP_AS_NUMBERS_leaf3,configured_bgp_as_numbers:6a7c231d8b,Configuration_Check,L1,leaf3 장비에 설정된 BGP AS 번호는? [답변 형식: AS번호 리스트],NOT_CONFIGURED,text,"""Not Configured""",,"{""snapshot"": ""LabA_Research_Institute_DC_10nodes"", ""metric"": ""configured_bgp_as_numbers"", ""scope"": {""type"": ""DEVICE"", ""host"": ""leaf3""}}",bd1a393,['leaf3.cfg']
CONFIGURED_BGP_AS_NUMBERS_leaf4,configured_bgp_as_numbers:45a2dbebe1,Configuration_Check,L1,leaf4 장비에 설정된 BGP AS 번호는? [답변 형식: AS번호 리스트],NOT_CONFIGURED,text,"""Not Configured""",,"{""snapshot"": ""LabA_Research_Institute_DC_10nodes"", ""metric"": ""configured_bgp_as_numbers"", ""scope"": {""type"": ""DEVICE"", ""host"": ""leaf4""}}",bd1a393,['leaf4.cfg']
CONFIGURED_BGP_AS_NUMBERS_leaf1,configured_bgp_as_numbers:f3e677391b,Configuration_Check,L1,leaf1 장비에 설정된 BGP AS 번호는? [답변 형식: AS번호 리스트],NOT_CONFIGURED,text,"""Not Configured""",,"{""snapshot"": ""LabA_Research_Institute_DC_10nodes"", ""metric"": ""configured_bgp_as_numbers"", ""scope"": {""type"": ""DEVICE"", ""host"": ""leaf1""}}",bd1a393,['leaf1.cfg']
CONFIGURED_BGP_AS_NUMBERS_p4,configured_bgp_as_numbers:8eb660897d,Configuration_Check,L1,p4 장비에 설정된 BGP AS 번호는? [답변 형식: AS번호 리스트],NOT_CONFIGURED,text,"""Not Configured""",,"{""snapshot"": ""LabA_Research_Institute_DC_10nodes"", ""metric"": ""configured_bgp_as_numbers"", ""scope"": {""type"": ""DEVICE"", ""host"": ""p4""}}",bd1a393,['p4.cfg']
CONFIGURED_BGP_AS_NUMBERS_p3,configured_bgp_as_numbers:40d255b5d8,Configuration_Check,L1,p3 장비에 설정된 BGP AS 번호는? [답변 형식: AS번호 리스트],NOT_CONFIGURED,text,"""Not Configured""",,"{""snapshot"": ""LabA_Research_Institute_DC_10nodes"", ""metric"": ""configured_bgp_as_numbers"", ""scope"": {""type"": ""DEVICE"", ""host"": ""p3""}}",bd1a393,['p3.cfg']
CONFIGURED_BGP_AS_NUMBERS_p1,configured_bgp_as_numbers:980d4425bd,Configuration_Check,L1,p1 장비에 설정된 BGP AS 번호는? [답변 형식: AS번호 리스트],NOT_CONFIGURED,text,"""Not Configured""",,"{""snapshot"": ""LabA_Research_Institute_DC_10nodes"", ""metric"": ""configured_bgp_as_numbers"", ""scope"": {""type"": ""DEVICE"", ""host"": ""p1""}}",bd1a393,['p1.cfg']
MPLS_LDP_CONFIG_pe1,mpls_ldp_config:4f36bb8808,Configuration_Check,L1,pe1 장비의 MPLS LDP 활성화 상태는? [답변 형식: Enabled/Disabled],OK,text,"""Enabled""",,"{""snapshot"": ""LabA_Research_Institute_DC_10nodes"", ""metric"": ""mpls_ldp_config"", ""scope"": {""type"": ""DEVICE"", ""host"": ""pe1""}}",bd1a393,['pe1.cfg']
MPLS_LDP_CONFIG_leaf2,mpls_ldp_config:6e35c43dba,Configuration_Check,L1,leaf2 장비의 MPLS LDP 활성화 상태는? [답변 형식: Enabled/Disabled],NOT_CONFIGURED,text,"""Disabled""",,"{""snapshot"": ""LabA_Research_Institute_DC_10nodes"", ""metric"": ""mpls_ldp_config"", ""scope"": {""type"": ""DEVICE"", ""host"": ""leaf2""}}",bd1a393,['leaf2.cfg']
MPLS_LDP_CONFIG_p3,mpls_ldp_config:40d255b5d8,Configuration_Check,L1,p3 장비의 MPLS LDP 활성화 상태는? [답변 형식: Enabled/Disabled],OK,text,"""Enabled""",,"{""snapshot"": ""LabA_Research_Institute_DC_10nodes"", ""metric"": ""mpls_ldp_config"", ""scope"": {""type"": ""DEVICE"", ""host"": ""p3""}}",bd1a393,['p3.cfg']
MPLS_LDP_CONFIG_pe2,mpls_ldp_config:3603999311,Configuration_Check,L1,pe2 장비의 MPLS LDP 활성화 상태는? [답변 형식: Enabled/Disabled],OK,text,"""Enabled""",,"{""snapshot"": ""LabA_Research_Institute_DC_10nodes"", ""metric"": ""mpls_ldp_config"", ""scope"": {""type"": ""DEVICE"", ""host"": ""pe2""}}",bd1a393,['pe2.cfg']
MPLS_LDP_CONFIG_p2,mpls_ldp_config:f84ad4329a,Configuration_Check,L1,p2 장비의 MPLS LDP 활성화 상태는? [답변 형식: Enabled/Disabled],OK,text,"""Enabled""",,"{""snapshot"": ""LabA_Research_Institute_DC_10nodes"", ""metric"": ""mpls_ldp_config"", ""scope"": {""type"": ""DEVICE"", ""host"": ""p2""}}",bd1a393,['p2.cfg']
MPLS_LDP_CONFIG_p1,mpls_ldp_config:980d4425bd,Configuration_Check,L1,p1 장비의 MPLS LDP 활성화 상태는? [답변 형식: Enabled/Disabled],OK,text,"""Enabled""",,"{""snapshot"": ""LabA_Research_Institute_DC_10nodes"", ""metric"": ""mpls_ldp_config"", ""scope"": {""type"": ""DEVICE"", ""host"": ""p1""}}",bd1a393,['p1.cfg']
MPLS_LDP_CONFIG_leaf4,mpls_ldp_config:45a2dbebe1,Configuration_Check,L1,leaf4 장비의 MPLS LDP 활성화 상태는? [답변 형식: Enabled/Disabled],NOT_CONFIGURED,text,"""Disabled""",,"{""snapshot"": ""LabA_Research_Institute_DC_10nodes"", ""metric"": ""mpls_ldp_config"", ""scope"": {""type"": ""DEVICE"", ""host"": ""leaf4""}}",bd1a393,['leaf4.cfg']
MPLS_LDP_CONFIG_leaf1,mpls_ldp_config:f3e677391b,Configuration_Check,L1,leaf1 장비의 MPLS LDP 활성화 상태는? [답변 형식: Enabled/Disabled],NOT_CONFIGURED,text,"""Disabled""",,"{""snapshot"": ""LabA_Research_Institute_DC_10nodes"", ""metric"": ""mpls_ldp_config"", ""scope"": {""type"": ""DEVICE"", ""host"": ""leaf1""}}",bd1a393,['leaf1.cfg']
MPLS_LDP_CONFIG_leaf3,mpls_ldp_config:6a7c231d8b,Configuration_Check,L1,leaf3 장비의 MPLS LDP 활성화 상태는? [답변 형식: Enabled/Disabled],NOT_CONFIGURED,text,"""Disabled""",,"{""snapshot"": ""LabA_Research_Institute_DC_10nodes"", ""metric"": ""mpls_ldp_config"", ""scope"": {""type"": ""DEVICE"", ""host"": ""leaf3""}}",bd1a393,['leaf3.cfg']
MPLS_LDP_CONFIG_p4,mpls_ldp_config:8eb660897d,Configuration_Check,L1,p4 장비의 MPLS LDP 활성화 상태는? [답변 형식: Enabled/Disabled],OK,text,"""Enabled""",,"{""snapshot"": ""LabA_Research_Institute_DC_10nodes"", ""metric"": ""mpls_ldp_config"", ""scope"": {""type"": ""DEVICE"", ""host"": ""p4""}}",bd1a393,['p4.cfg']
DEFAULT_ROUTE_NEXT_HOPS_p1,default_route_next_hops:980d4425bd,Configuration_Check,L1,p1 장비에 설정된 Default Route(0.0.0.0/0)의 Next Hop 목록은? [답변 형식: IP 리스트],OK,set,"[""10.10.10.1""]",,"{""snapshot"": ""LabA_Research_Institute_DC_10nodes"", ""metric"": ""default_route_next_hops"", ""scope"": {""type"": ""DEVICE"", ""host"": ""p1""}}",bd1a393,['p1.cfg']
DEFAULT_ROUTE_NEXT_HOPS_leaf2,default_route_next_hops:6e35c43dba,Configuration_Check,L1,leaf2 장비에 설정된 Default Route(0.0.0.0/0)의 Next Hop 목록은? [답변 형식: IP 리스트],OK,set,"[""10.10.10.1"", ""172.16.2.1""]",,"{""snapshot"": ""LabA_Research_Institute_DC_10nodes"", ""metric"": ""default_route_next_hops"", ""scope"": {""type"": ""DEVICE"", ""host"": ""leaf2""}}",bd1a393,['leaf2.cfg']
DEFAULT_ROUTE_NEXT_HOPS_p3,default_route_next_hops:40d255b5d8,Configuration_Check,L1,p3 장비에 설정된 Default Route(0.0.0.0/0)의 Next Hop 목록은? [답변 형식: IP 리스트],OK,set,"[""10.10.10.1""]",,"{""snapshot"": ""LabA_Research_Institute_DC_10nodes"", ""metric"": ""default_route_next_hops"", ""scope"": {""type"": ""DEVICE"", ""host"": ""p3""}}",bd1a393,['p3.cfg']
DEFAULT_ROUTE_NEXT_HOPS_p2,default_route_next_hops:f84ad4329a,Configuration_Check,L1,p2 장비에 설정된 Default Route(0.0.0.0/0)의 Next Hop 목록은? [답변 형식: IP 리스트],OK,set,"[""10.10.10.1""]",,"{""snapshot"": ""LabA_Research_Institute_DC_10nodes"", ""metric"": ""default_route_next_hops"", ""scope"": {""type"": ""DEVICE"", ""host"": ""p2""}}",bd1a393,['p2.cfg']
DEFAULT_ROUTE_NEXT_HOPS_leaf4,default_route_next_hops:45a2dbebe1,Configuration_Check,L1,leaf4 장비에 설정된 Default Route(0.0.0.0/0)의 Next Hop 목록은? [답변 형식: IP 리스트],OK,set,"[""10.10.10.1"", ""172.16.4.1""]",,"{""snapshot"": ""LabA_Research_Institute_DC_10nodes"", ""metric"": ""default_route_next_hops"", ""scope"": {""type"": ""DEVICE"", ""host"": ""leaf4""}}",bd1a393,['leaf4.cfg']
DEFAULT_ROUTE_NEXT_HOPS_pe1,default_route_next_hops:4f36bb8808,Configuration_Check,L1,pe1 장비에 설정된 Default Route(0.0.0.0/0)의 Next Hop 목록은? [답변 형식: IP 리스트],OK,set,"[""10.10.10.1""]",,"{""snapshot"": ""LabA_Research_Institute_DC_10nodes"", ""metric"": ""default_route_next_hops"", ""scope"": {""type"": ""DEVICE"", ""host"": ""pe1""}}",bd1a393,['pe1.cfg']
DEFAULT_ROUTE_NEXT_HOPS_leaf1,default_route_next_hops:f3e677391b,Configuration_Check,L1,leaf1 장비에 설정된 Default Route(0.0.0.0/0)의 Next Hop 목록은? [답변 형식: IP 리스트],OK,set,"[""10.10.10.1"", ""172.16.1.1""]",,"{""snapshot"": ""LabA_Research_Institute_DC_10nodes"", ""metric"": ""default_route_next_hops"", ""scope"": {""type"": ""DEVICE"", ""host"": ""leaf1""}}",bd1a393,['leaf1.cfg']
DEFAULT_ROUTE_NEXT_HOPS_pe2,default_route_next_hops:3603999311,Configuration_Check,L1,pe2 장비에 설정된 Default Route(0.0.0.0/0)의 Next Hop 목록은? [답변 형식: IP 리스트],OK,set,"[""10.10.10.1""]",,"{""snapshot"": ""LabA_Research_Institute_DC_10nodes"", ""metric"": ""default_route_next_hops"", ""scope"": {""type"": ""DEVICE"", ""host"": ""pe2""}}",bd1a393,['pe2.cfg']
DEFAULT_ROUTE_NEXT_HOPS_p4,default_route_next_hops:8eb660897d,Configuration_Check,L1,p4 장비에 설정된 Default Route(0.0.0.0/0)의 Next Hop 목록은? [답변 형식: IP 리스트],OK,set,"[""10.10.10.1""]",,"{""snapshot"": ""LabA_Research_Institute_DC_10nodes"", ""metric"": ""default_route_next_hops"", ""scope"": {""type"": ""DEVICE"", ""host"": ""p4""}}",bd1a393,['p4.cfg']
DEFAULT_ROUTE_NEXT_HOPS_leaf3,default_route_next_hops:6a7c231d8b,Configuration_Check,L1,leaf3 장비에 설정된 Default Route(0.0.0.0/0)의 Next Hop 목록은? [답변 형식: IP 리스트],OK,set,"[""10.10.10.1"", ""172.16.3.1""]",,"{""snapshot"": ""LabA_Research_Institute_DC_10nodes"", ""metric"": ""default_route_next_hops"", ""scope"": {""type"": ""DEVICE"", ""host"": ""leaf3""}}",bd1a393,['leaf3.cfg']
STATIC_ROUTE_COUNT_p1,static_route_count:980d4425bd,Configuration_Check,L1,p1 장비에 설정된 정적 경로(Static Route)의 총 개수는? [답변 형식: 숫자],OK,number,1,,"{""snapshot"": ""LabA_Research_Institute_DC_10nodes"", ""metric"": ""static_route_count"", ""scope"": {""type"": ""DEVICE"", ""host"": ""p1""}}",bd1a393,['p1.cfg']
STATIC_ROUTE_COUNT_pe1,static_route_count:4f36bb8808,Configuration_Check,L1,pe1 장비에 설정된 정적 경로(Static Route)의 총 개수는? [답변 형식: 숫자],OK,number,2,,"{""snapshot"": ""LabA_Research_Institute_DC_10nodes"", ""metric"": ""static_route_count"", ""scope"": {""type"": ""DEVICE"", ""host"": ""pe1""}}",bd1a393,['pe1.cfg']
STATIC_ROUTE_COUNT_leaf2,static_route_count:6e35c43dba,Configuration_Check,L1,leaf2 장비에 설정된 정적 경로(Static Route)의 총 개수는? [답변 형식: 숫자],OK,number,2,,"{""snapshot"": ""LabA_Research_Institute_DC_10nodes"", ""metric"": ""static_route_count"", ""scope"": {""type"": ""DEVICE"", ""host"": ""leaf2""}}",bd1a393,['leaf2.cfg']
STATIC_ROUTE_COUNT_leaf1,static_route_count:f3e677391b,Configuration_Check,L1,leaf1 장비에 설정된 정적 경로(Static Route)의 총 개수는? [답변 형식: 숫자],OK,number,3,,"{""snapshot"": ""LabA_Research_Institute_DC_10nodes"", ""metric"": ""static_route_count"", ""scope"": {""type"": ""DEVICE"", ""host"": ""leaf1""}}",bd1a393,['leaf1.cfg']
STATIC_ROUTE_COUNT_p4,static_route_count:8eb660897d,Configuration_Check,L1,p4 장비에 설정된 정적 경로(Static Route)의 총 개수는? [답변 형식: 숫자],OK,number,1,,"{""snapshot"": ""LabA_Research_Institute_DC_10nodes"", ""metric"": ""static_route_count"", ""scope"": {""type"": ""DEVICE"", ""host"": ""p4""}}",bd1a393,['p4.cfg']
STATIC_ROUTE_COUNT_leaf4,static_route_count:45a2dbebe1,Configuration_Check,L1,leaf4 장비에 설정된 정적 경로(Static Route)의 총 개수는? [답변 형식: 숫자],OK,number,2,,"{""snapshot"": ""LabA_Research_Institute_DC_10nodes"", ""metric"": ""static_route_count"", ""scope"": {""type"": ""DEVICE"", ""host"": ""leaf4""}}",bd1a393,['leaf4.cfg']
STATIC_ROUTE_COUNT_leaf3,static_route_count:6a7c231d8b,Configuration_Check,L1,leaf3 장비에 설정된 정적 경로(Static Route)의 총 개수는? [답변 형식: 숫자],OK,number,2,,"{""snapshot"": ""LabA_Research_Institute_DC_10nodes"", ""metric"": ""static_route_count"", ""scope"": {""type"": ""DEVICE"", ""host"": ""leaf3""}}",bd1a393,['leaf3.cfg']
STATIC_ROUTE_COUNT_p3,static_route_count:40d255b5d8,Configuration_Check,L1,p3 장비에 설정된 정적 경로(Static Route)의 총 개수는? [답변 형식: 숫자],OK,number,1,,"{""snapshot"": ""LabA_Research_Institute_DC_10nodes"", ""metric"": ""static_route_count"", ""scope"": {""type"": ""DEVICE"", ""host"": ""p3""}}",bd1a393,['p3.cfg']
STATIC_ROUTE_COUNT_pe2,static_route_count:3603999311,Configuration_Check,L1,pe2 장비에 설정된 정적 경로(Static Route)의 총 개수는? [답변 형식: 숫자],OK,number,1,,"{""snapshot"": ""LabA_Research_Institute_DC_10nodes"", ""metric"": ""static_route_count"", ""scope"": {""type"": ""DEVICE"", ""host"": ""pe2""}}",bd1a393,['pe2.cfg']
STATIC_ROUTE_COUNT_p2,static_route_count:f84ad4329a,Configuration_Check,L1,p2 장비에 설정된 정적 경로(Static Route)의 총 개수는? [답변 형식: 숫자],OK,number,1,,"{""snapshot"": ""LabA_Research_Institute_DC_10nodes"", ""metric"": ""static_route_count"", ""scope"": {""type"": ""DEVICE"", ""host"": ""p2""}}",bd1a393,['p2.cfg']
ACL_CONFIGURED_COUNT_p3,acl_configured_count:40d255b5d8,Configuration_Check,L1,p3 장비에 정의된 ACL(Access Control List)의 개수는? [답변 형식: 숫자],NOT_CONFIGURED,number,0,,"{""snapshot"": ""LabA_Research_Institute_DC_10nodes"", ""metric"": ""acl_configured_count"", ""scope"": {""type"": ""DEVICE"", ""host"": ""p3""}}",bd1a393,['p3.cfg']
ACL_CONFIGURED_COUNT_leaf3,acl_configured_count:6a7c231d8b,Configuration_Check,L1,leaf3 장비에 정의된 ACL(Access Control List)의 개수는? [답변 형식: 숫자],NOT_CONFIGURED,number,0,,"{""snapshot"": ""LabA_Research_Institute_DC_10nodes"", ""metric"": ""acl_configured_count"", ""scope"": {""type"": ""DEVICE"", ""host"": ""leaf3""}}",bd1a393,['leaf3.cfg']
ACL_CONFIGURED_COUNT_leaf4,acl_configured_count:45a2dbebe1,Configuration_Check,L1,leaf4 장비에 정의된 ACL(Access Control List)의 개수는? [답변 형식: 숫자],NOT_CONFIGURED,number,0,,"{""snapshot"": ""LabA_Research_Institute_DC_10nodes"", ""metric"": ""acl_configured_count"", ""scope"": {""type"": ""DEVICE"", ""host"": ""leaf4""}}",bd1a393,['leaf4.cfg']
ACL_CONFIGURED_COUNT_p1,acl_configured_count:980d4425bd,Configuration_Check,L1,p1 장비에 정의된 ACL(Access Control List)의 개수는? [답변 형식: 숫자],NOT_CONFIGURED,number,0,,"{""snapshot"": ""LabA_Research_Institute_DC_10nodes"", ""metric"": ""acl_configured_count"", ""scope"": {""type"": ""DEVICE"", ""host"": ""p1""}}",bd1a393,['p1.cfg']
ACL_CONFIGURED_COUNT_pe2,acl_configured_count:3603999311,Configuration_Check,L1,pe2 장비에 정의된 ACL(Access Control List)의 개수는? [답변 형식: 숫자],NOT_CONFIGURED,number,0,,"{""snapshot"": ""LabA_Research_Institute_DC_10nodes"", ""metric"": ""acl_configured_count"", ""scope"": {""type"": ""DEVICE"", ""host"": ""pe2""}}",bd1a393,['pe2.cfg']
ACL_CONFIGURED_COUNT_p4,acl_configured_count:8eb660897d,Configuration_Check,L1,p4 장비에 정의된 ACL(Access Control List)의 개수는? [답변 형식: 숫자],NOT_CONFIGURED,number,0,,"{""snapshot"": ""LabA_Research_Institute_DC_10nodes"", ""metric"": ""acl_configured_count"", ""scope"": {""type"": ""DEVICE"", ""host"": ""p4""}}",bd1a393,['p4.cfg']
ACL_CONFIGURED_COUNT_leaf2,acl_configured_count:6e35c43dba,Configuration_Check,L1,leaf2 장비에 정의된 ACL(Access Control List)의 개수는? [답변 형식: 숫자],NOT_CONFIGURED,number,0,,"{""snapshot"": ""LabA_Research_Institute_DC_10nodes"", ""metric"": ""acl_configured_count"", ""scope"": {""type"": ""DEVICE"", ""host"": ""leaf2""}}",bd1a393,['leaf2.cfg']
ACL_CONFIGURED_COUNT_p2,acl_configured_count:f84ad4329a,Configuration_Check,L1,p2 장비에 정의된 ACL(Access Control List)의 개수는? [답변 형식: 숫자],NOT_CONFIGURED,number,0,,"{""snapshot"": ""LabA_Research_Institute_DC_10nodes"", ""metric"": ""acl_configured_count"", ""scope"": {""type"": ""DEVICE"", ""host"": ""p2""}}",bd1a393,['p2.cfg']
ACL_CONFIGURED_COUNT_leaf1,acl_configured_count:f3e677391b,Configuration_Check,L1,leaf1 장비에 정의된 ACL(Access Control List)의 개수는? [답변 형식: 숫자],NOT_CONFIGURED,number,0,,"{""snapshot"": ""LabA_Research_Institute_DC_10nodes"", ""metric"": ""acl_configured_count"", ""scope"": {""type"": ""DEVICE"", ""host"": ""leaf1""}}",bd1a393,['leaf1.cfg']
ACL_CONFIGURED_COUNT_pe1,acl_configured_count:4f36bb8808,Configuration_Check,L1,pe1 장비에 정의된 ACL(Access Control List)의 개수는? [답변 형식: 숫자],NOT_CONFIGURED,number,0,,"{""snapshot"": ""LabA_Research_Institute_DC_10nodes"", ""metric"": ""acl_configured_count"", ""scope"": {""type"": ""DEVICE"", ""host"": ""pe1""}}",bd1a393,['pe1.cfg']
ACL_APPLIED_INTERFACES_LIST_p2,acl_applied_interfaces_list:f84ad4329a,Configuration_Check,L1,p2 장비에서 ACL이 적용된 인터페이스 목록은? [답변 형식: 인터페이스명 리스트],NOT_CONFIGURED,set,[],,"{""snapshot"": ""LabA_Research_Institute_DC_10nodes"", ""metric"": ""acl_applied_interfaces_list"", ""scope"": {""type"": ""DEVICE"", ""host"": ""p2""}}",bd1a393,['p2.cfg']
ACL_APPLIED_INTERFACES_LIST_p1,acl_applied_interfaces_list:980d4425bd,Configuration_Check,L1,p1 장비에서 ACL이 적용된 인터페이스 목록은? [답변 형식: 인터페이스명 리스트],NOT_CONFIGURED,set,[],,"{""snapshot"": ""LabA_Research_Institute_DC_10nodes"", ""metric"": ""acl_applied_interfaces_list"", ""scope"": {""type"": ""DEVICE"", ""host"": ""p1""}}",bd1a393,['p1.cfg']
ACL_APPLIED_INTERFACES_LIST_p4,acl_applied_interfaces_list:8eb660897d,Configuration_Check,L1,p4 장비에서 ACL이 적용된 인터페이스 목록은? [답변 형식: 인터페이스명 리스트],NOT_CONFIGURED,set,[],,"{""snapshot"": ""LabA_Research_Institute_DC_10nodes"", ""metric"": ""acl_applied_interfaces_list"", ""scope"": {""type"": ""DEVICE"", ""host"": ""p4""}}",bd1a393,['p4.cfg']
ACL_APPLIED_INTERFACES_LIST_pe1,acl_applied_interfaces_list:4f36bb8808,Configuration_Check,L1,pe1 장비에서 ACL이 적용된 인터페이스 목록은? [답변 형식: 인터페이스명 리스트],NOT_CONFIGURED,set,[],,"{""snapshot"": ""LabA_Research_Institute_DC_10nodes"", ""metric"": ""acl_applied_interfaces_list"", ""scope"": {""type"": ""DEVICE"", ""host"": ""pe1""}}",bd1a393,['pe1.cfg']
ACL_APPLIED_INTERFACES_LIST_pe2,acl_applied_interfaces_list:3603999311,Configuration_Check,L1,pe2 장비에서 ACL이 적용된 인터페이스 목록은? [답변 형식: 인터페이스명 리스트],NOT_CONFIGURED,set,[],,"{""snapshot"": ""LabA_Research_Institute_DC_10nodes"", ""metric"": ""acl_applied_interfaces_list"", ""scope"": {""type"": ""DEVICE"", ""host"": ""pe2""}}",bd1a393,['pe2.cfg']
ACL_APPLIED_INTERFACES_LIST_p3,acl_applied_interfaces_list:40d255b5d8,Configuration_Check,L1,p3 장비에서 ACL이 적용된 인터페이스 목록은? [답변 형식: 인터페이스명 리스트],NOT_CONFIGURED,set,[],,"{""snapshot"": ""LabA_Research_Institute_DC_10nodes"", ""metric"": ""acl_applied_interfaces_list"", ""scope"": {""type"": ""DEVICE"", ""host"": ""p3""}}",bd1a393,['p3.cfg']
ACL_APPLIED_INTERFACES_LIST_leaf2,acl_applied_interfaces_list:6e35c43dba,Configuration_Check,L1,leaf2 장비에서 ACL이 적용된 인터페이스 목록은? [답변 형식: 인터페이스명 리스트],NOT_CONFIGURED,set,[],,"{""snapshot"": ""LabA_Research_Institute_DC_10nodes"", ""metric"": ""acl_applied_interfaces_list"", ""scope"": {""type"": ""DEVICE"", ""host"": ""leaf2""}}",bd1a393,['leaf2.cfg']
ACL_APPLIED_INTERFACES_LIST_leaf3,acl_applied_interfaces_list:6a7c231d8b,Configuration_Check,L1,leaf3 장비에서 ACL이 적용된 인터페이스 목록은? [답변 형식: 인터페이스명 리스트],NOT_CONFIGURED,set,[],,"{""snapshot"": ""LabA_Research_Institute_DC_10nodes"", ""metric"": ""acl_applied_interfaces_list"", ""scope"": {""type"": ""DEVICE"", ""host"": ""leaf3""}}",bd1a393,['leaf3.cfg']
ACL_APPLIED_INTERFACES_LIST_leaf1,acl_applied_interfaces_list:f3e677391b,Configuration_Check,L1,leaf1 장비에서 ACL이 적용된 인터페이스 목록은? [답변 형식: 인터페이스명 리스트],NOT_CONFIGURED,set,[],,"{""snapshot"": ""LabA_Research_Institute_DC_10nodes"", ""metric"": ""acl_applied_interfaces_list"", ""scope"": {""type"": ""DEVICE"", ""host"": ""leaf1""}}",bd1a393,['leaf1.cfg']
ACL_APPLIED_INTERFACES_LIST_leaf4,acl_applied_interfaces_list:45a2dbebe1,Configuration_Check,L1,leaf4 장비에서 ACL이 적용된 인터페이스 목록은? [답변 형식: 인터페이스명 리스트],NOT_CONFIGURED,set,[],,"{""snapshot"": ""LabA_Research_Institute_DC_10nodes"", ""metric"": ""acl_applied_interfaces_list"", ""scope"": {""type"": ""DEVICE"", ""host"": ""leaf4""}}",bd1a393,['leaf4.cfg']
PREFIX_LIST_COUNT_leaf3,prefix_list_count:6a7c231d8b,Configuration_Check,L1,leaf3 장비에 정의된 Prefix-List 개수는? [답변 형식: 숫자],NOT_CONFIGURED,number,0,,"{""snapshot"": ""LabA_Research_Institute_DC_10nodes"", ""metric"": ""prefix_list_count"", ""scope"": {""type"": ""DEVICE"", ""host"": ""leaf3""}}",bd1a393,['leaf3.cfg']
PREFIX_LIST_COUNT_p3,prefix_list_count:40d255b5d8,Configuration_Check,L1,p3 장비에 정의된 Prefix-List 개수는? [답변 형식: 숫자],NOT_CONFIGURED,number,0,,"{""snapshot"": ""LabA_Research_Institute_DC_10nodes"", ""metric"": ""prefix_list_count"", ""scope"": {""type"": ""DEVICE"", ""host"": ""p3""}}",bd1a393,['p3.cfg']
PREFIX_LIST_COUNT_leaf4,prefix_list_count:45a2dbebe1,Configuration_Check,L1,leaf4 장비에 정의된 Prefix-List 개수는? [답변 형식: 숫자],NOT_CONFIGURED,number,0,,"{""snapshot"": ""LabA_Research_Institute_DC_10nodes"", ""metric"": ""prefix_list_count"", ""scope"": {""type"": ""DEVICE"", ""host"": ""leaf4""}}",bd1a393,['leaf4.cfg']
PREFIX_LIST_COUNT_leaf1,prefix_list_count:f3e677391b,Configuration_Check,L1,leaf1 장비에 정의된 Prefix-List 개수는? [답변 형식: 숫자],NOT_CONFIGURED,number,0,,"{""snapshot"": ""LabA_Research_Institute_DC_10nodes"", ""metric"": ""prefix_list_count"", ""scope"": {""type"": ""DEVICE"", ""host"": ""leaf1""}}",bd1a393,['leaf1.cfg']
PREFIX_LIST_COUNT_pe2,prefix_list_count:3603999311,Configuration_Check,L1,pe2 장비에 정의된 Prefix-List 개수는? [답변 형식: 숫자],NOT_CONFIGURED,number,0,,"{""snapshot"": ""LabA_Research_Institute_DC_10nodes"", ""metric"": ""prefix_list_count"", ""scope"": {""type"": ""DEVICE"", ""host"": ""pe2""}}",bd1a393,['pe2.cfg']
PREFIX_LIST_COUNT_pe1,prefix_list_count:4f36bb8808,Configuration_Check,L1,pe1 장비에 정의된 Prefix-List 개수는? [답변 형식: 숫자],NOT_CONFIGURED,number,0,,"{""snapshot"": ""LabA_Research_Institute_DC_10nodes"", ""metric"": ""prefix_list_count"", ""scope"": {""type"": ""DEVICE"", ""host"": ""pe1""}}",bd1a393,['pe1.cfg']
PREFIX_LIST_COUNT_leaf2,prefix_list_count:6e35c43dba,Configuration_Check,L1,leaf2 장비에 정의된 Prefix-List 개수는? [답변 형식: 숫자],NOT_CONFIGURED,number,0,,"{""snapshot"": ""LabA_Research_Institute_DC_10nodes"", ""metric"": ""prefix_list_count"", ""scope"": {""type"": ""DEVICE"", ""host"": ""leaf2""}}",bd1a393,['leaf2.cfg']
PREFIX_LIST_COUNT_p2,prefix_list_count:f84ad4329a,Configuration_Check,L1,p2 장비에 정의된 Prefix-List 개수는? [답변 형식: 숫자],NOT_CONFIGURED,number,0,,"{""snapshot"": ""LabA_Research_Institute_DC_10nodes"", ""metric"": ""prefix_list_count"", ""scope"": {""type"": ""DEVICE"", ""host"": ""p2""}}",bd1a393,['p2.cfg']
PREFIX_LIST_COUNT_p1,prefix_list_count:980d4425bd,Configuration_Check,L1,p1 장비에 정의된 Prefix-List 개수는? [답변 형식: 숫자],NOT_CONFIGURED,number,0,,"{""snapshot"": ""LabA_Research_Institute_DC_10nodes"", ""metric"": ""prefix_list_count"", ""scope"": {""type"": ""DEVICE"", ""host"": ""p1""}}",bd1a393,['p1.cfg']
PREFIX_LIST_COUNT_p4,prefix_list_count:8eb660897d,Configuration_Check,L1,p4 장비에 정의된 Prefix-List 개수는? [답변 형식: 숫자],NOT_CONFIGURED,number,0,,"{""snapshot"": ""LabA_Research_Institute_DC_10nodes"", ""metric"": ""prefix_list_count"", ""scope"": {""type"": ""DEVICE"", ""host"": ""p4""}}",bd1a393,['p4.cfg']
ROUTE_MAP_COUNT_pe2,route_map_count:3603999311,Configuration_Check,L1,pe2 장비에 정의된 Route-Map 개수는? [답변 형식: 숫자],NOT_CONFIGURED,number,0,,"{""snapshot"": ""LabA_Research_Institute_DC_10nodes"", ""metric"": ""route_map_count"", ""scope"": {""type"": ""DEVICE"", ""host"": ""pe2""}}",bd1a393,['pe2.cfg']
ROUTE_MAP_COUNT_pe1,route_map_count:4f36bb8808,Configuration_Check,L1,pe1 장비에 정의된 Route-Map 개수는? [답변 형식: 숫자],NOT_CONFIGURED,number,0,,"{""snapshot"": ""LabA_Research_Institute_DC_10nodes"", ""metric"": ""route_map_count"", ""scope"": {""type"": ""DEVICE"", ""host"": ""pe1""}}",bd1a393,['pe1.cfg']
ROUTE_MAP_COUNT_leaf3,route_map_count:6a7c231d8b,Configuration_Check,L1,leaf3 장비에 정의된 Route-Map 개수는? [답변 형식: 숫자],NOT_CONFIGURED,number,0,,"{""snapshot"": ""LabA_Research_Institute_DC_10nodes"", ""metric"": ""route_map_count"", ""scope"": {""type"": ""DEVICE"", ""host"": ""leaf3""}}",bd1a393,['leaf3.cfg']
ROUTE_MAP_COUNT_p3,route_map_count:40d255b5d8,Configuration_Check,L1,p3 장비에 정의된 Route-Map 개수는? [답변 형식: 숫자],NOT_CONFIGURED,number,0,,"{""snapshot"": ""LabA_Research_Institute_DC_10nodes"", ""metric"": ""route_map_count"", ""scope"": {""type"": ""DEVICE"", ""host"": ""p3""}}",bd1a393,['p3.cfg']
ROUTE_MAP_COUNT_leaf4,route_map_count:45a2dbebe1,Configuration_Check,L1,leaf4 장비에 정의된 Route-Map 개수는? [답변 형식: 숫자],NOT_CONFIGURED,number,0,,"{""snapshot"": ""LabA_Research_Institute_DC_10nodes"", ""metric"": ""route_map_count"", ""scope"": {""type"": ""DEVICE"", ""host"": ""leaf4""}}",bd1a393,['leaf4.cfg']
ROUTE_MAP_COUNT_p2,route_map_count:f84ad4329a,Configuration_Check,L1,p2 장비에 정의된 Route-Map 개수는? [답변 형식: 숫자],NOT_CONFIGURED,number,0,,"{""snapshot"": ""LabA_Research_Institute_DC_10nodes"", ""metric"": ""route_map_count"", ""scope"": {""type"": ""DEVICE"", ""host"": ""p2""}}",bd1a393,['p2.cfg']
ROUTE_MAP_COUNT_p4,route_map_count:8eb660897d,Configuration_Check,L1,p4 장비에 정의된 Route-Map 개수는? [답변 형식: 숫자],NOT_CONFIGURED,number,0,,"{""snapshot"": ""LabA_Research_Institute_DC_10nodes"", ""metric"": ""route_map_count"", ""scope"": {""type"": ""DEVICE"", ""host"": ""p4""}}",bd1a393,['p4.cfg']
ROUTE_MAP_COUNT_p1,route_map_count:980d4425bd,Configuration_Check,L1,p1 장비에 정의된 Route-Map 개수는? [답변 형식: 숫자],NOT_CONFIGURED,number,0,,"{""snapshot"": ""LabA_Research_Institute_DC_10nodes"", ""metric"": ""route_map_count"", ""scope"": {""type"": ""DEVICE"", ""host"": ""p1""}}",bd1a393,['p1.cfg']
ROUTE_MAP_COUNT_leaf1,route_map_count:f3e677391b,Configuration_Check,L1,leaf1 장비에 정의된 Route-Map 개수는? [답변 형식: 숫자],NOT_CONFIGURED,number,0,,"{""snapshot"": ""LabA_Research_Institute_DC_10nodes"", ""metric"": ""route_map_count"", ""scope"": {""type"": ""DEVICE"", ""host"": ""leaf1""}}",bd1a393,['leaf1.cfg']
ROUTE_MAP_COUNT_leaf2,route_map_count:6e35c43dba,Configuration_Check,L1,leaf2 장비에 정의된 Route-Map 개수는? [답변 형식: 숫자],NOT_CONFIGURED,number,0,,"{""snapshot"": ""LabA_Research_Institute_DC_10nodes"", ""metric"": ""route_map_count"", ""scope"": {""type"": ""DEVICE"", ""host"": ""leaf2""}}",bd1a393,['leaf2.cfg']
QOS_CLASS_MAPS_LIST_p4,qos_class_maps_list:8eb660897d,Configuration_Check,L1,p4 장비에 정의된 QoS Class-Map 목록은? [답변 형식: 이름 리스트],NOT_CONFIGURED,set,[],,"{""snapshot"": ""LabA_Research_Institute_DC_10nodes"", ""metric"": ""qos_class_maps_list"", ""scope"": {""type"": ""DEVICE"", ""host"": ""p4""}}",bd1a393,['p4.cfg']
QOS_CLASS_MAPS_LIST_pe1,qos_class_maps_list:4f36bb8808,Configuration_Check,L1,pe1 장비에 정의된 QoS Class-Map 목록은? [답변 형식: 이름 리스트],NOT_CONFIGURED,set,[],,"{""snapshot"": ""LabA_Research_Institute_DC_10nodes"", ""metric"": ""qos_class_maps_list"", ""scope"": {""type"": ""DEVICE"", ""host"": ""pe1""}}",bd1a393,['pe1.cfg']
QOS_CLASS_MAPS_LIST_p3,qos_class_maps_list:40d255b5d8,Configuration_Check,L1,p3 장비에 정의된 QoS Class-Map 목록은? [답변 형식: 이름 리스트],NOT_CONFIGURED,set,[],,"{""snapshot"": ""LabA_Research_Institute_DC_10nodes"", ""metric"": ""qos_class_maps_list"", ""scope"": {""type"": ""DEVICE"", ""host"": ""p3""}}",bd1a393,['p3.cfg']
QOS_CLASS_MAPS_LIST_leaf1,qos_class_maps_list:f3e677391b,Configuration_Check,L1,leaf1 장비에 정의된 QoS Class-Map 목록은? [답변 형식: 이름 리스트],NOT_CONFIGURED,set,[],,"{""snapshot"": ""LabA_Research_Institute_DC_10nodes"", ""metric"": ""qos_class_maps_list"", ""scope"": {""type"": ""DEVICE"", ""host"": ""leaf1""}}",bd1a393,['leaf1.cfg']
QOS_CLASS_MAPS_LIST_p1,qos_class_maps_list:980d4425bd,Configuration_Check,L1,p1 장비에 정의된 QoS Class-Map 목록은? [답변 형식: 이름 리스트],NOT_CONFIGURED,set,[],,"{""snapshot"": ""LabA_Research_Institute_DC_10nodes"", ""metric"": ""qos_class_maps_list"", ""scope"": {""type"": ""DEVICE"", ""host"": ""p1""}}",bd1a393,['p1.cfg']
QOS_CLASS_MAPS_LIST_leaf3,qos_class_maps_list:6a7c231d8b,Configuration_Check,L1,leaf3 장비에 정의된 QoS Class-Map 목록은? [답변 형식: 이름 리스트],NOT_CONFIGURED,set,[],,"{""snapshot"": ""LabA_Research_Institute_DC_10nodes"", ""metric"": ""qos_class_maps_list"", ""scope"": {""type"": ""DEVICE"", ""host"": ""leaf3""}}",bd1a393,['leaf3.cfg']
QOS_CLASS_MAPS_LIST_p2,qos_class_maps_list:f84ad4329a,Configuration_Check,L1,p2 장비에 정의된 QoS Class-Map 목록은? [답변 형식: 이름 리스트],NOT_CONFIGURED,set,[],,"{""snapshot"": ""LabA_Research_Institute_DC_10nodes"", ""metric"": ""qos_class_maps_list"", ""scope"": {""type"": ""DEVICE"", ""host"": ""p2""}}",bd1a393,['p2.cfg']
QOS_CLASS_MAPS_LIST_pe2,qos_class_maps_list:3603999311,Configuration_Check,L1,pe2 장비에 정의된 QoS Class-Map 목록은? [답변 형식: 이름 리스트],NOT_CONFIGURED,set,[],,"{""snapshot"": ""LabA_Research_Institute_DC_10nodes"", ""metric"": ""qos_class_maps_list"", ""scope"": {""type"": ""DEVICE"", ""host"": ""pe2""}}",bd1a393,['pe2.cfg']
QOS_CLASS_MAPS_LIST_leaf4,qos_class_maps_list:45a2dbebe1,Configuration_Check,L1,leaf4 장비에 정의된 QoS Class-Map 목록은? [답변 형식: 이름 리스트],NOT_CONFIGURED,set,[],,"{""snapshot"": ""LabA_Research_Institute_DC_10nodes"", ""metric"": ""qos_class_maps_list"", ""scope"": {""type"": ""DEVICE"", ""host"": ""leaf4""}}",bd1a393,['leaf4.cfg']
QOS_CLASS_MAPS_LIST_leaf2,qos_class_maps_list:6e35c43dba,Configuration_Check,L1,leaf2 장비에 정의된 QoS Class-Map 목록은? [답변 형식: 이름 리스트],NOT_CONFIGURED,set,[],,"{""snapshot"": ""LabA_Research_Institute_DC_10nodes"", ""metric"": ""qos_class_maps_list"", ""scope"": {""type"": ""DEVICE"", ""host"": ""leaf2""}}",bd1a393,['leaf2.cfg']
NETFLOW_MONITORS_LIST_leaf4,netflow_monitors_list:45a2dbebe1,Configuration_Check,L1,leaf4 장비에 정의된 NetFlow Monitor 목록은? [답변 형식: 이름 리스트],NOT_CONFIGURED,set,[],,"{""snapshot"": ""LabA_Research_Institute_DC_10nodes"", ""metric"": ""netflow_monitors_list"", ""scope"": {""type"": ""DEVICE"", ""host"": ""leaf4""}}",bd1a393,['leaf4.cfg']
NETFLOW_MONITORS_LIST_leaf2,netflow_monitors_list:6e35c43dba,Configuration_Check,L1,leaf2 장비에 정의된 NetFlow Monitor 목록은? [답변 형식: 이름 리스트],NOT_CONFIGURED,set,[],,"{""snapshot"": ""LabA_Research_Institute_DC_10nodes"", ""metric"": ""netflow_monitors_list"", ""scope"": {""type"": ""DEVICE"", ""host"": ""leaf2""}}",bd1a393,['leaf2.cfg']
NETFLOW_MONITORS_LIST_p1,netflow_monitors_list:980d4425bd,Configuration_Check,L1,p1 장비에 정의된 NetFlow Monitor 목록은? [답변 형식: 이름 리스트],NOT_CONFIGURED,set,[],,"{""snapshot"": ""LabA_Research_Institute_DC_10nodes"", ""metric"": ""netflow_monitors_list"", ""scope"": {""type"": ""DEVICE"", ""host"": ""p1""}}",bd1a393,['p1.cfg']
NETFLOW_MONITORS_LIST_p4,netflow_monitors_list:8eb660897d,Configuration_Check,L1,p4 장비에 정의된 NetFlow Monitor 목록은? [답변 형식: 이름 리스트],NOT_CONFIGURED,set,[],,"{""snapshot"": ""LabA_Research_Institute_DC_10nodes"", ""metric"": ""netflow_monitors_list"", ""scope"": {""type"": ""DEVICE"", ""host"": ""p4""}}",bd1a393,['p4.cfg']
NETFLOW_MONITORS_LIST_leaf1,netflow_monitors_list:f3e677391b,Configuration_Check,L1,leaf1 장비에 정의된 NetFlow Monitor 목록은? [답변 형식: 이름 리스트],NOT_CONFIGURED,set,[],,"{""snapshot"": ""LabA_Research_Institute_DC_10nodes"", ""metric"": ""netflow_monitors_list"", ""scope"": {""type"": ""DEVICE"", ""host"": ""leaf1""}}",bd1a393,['leaf1.cfg']
NETFLOW_MONITORS_LIST_leaf3,netflow_monitors_list:6a7c231d8b,Configuration_Check,L1,leaf3 장비에 정의된 NetFlow Monitor 목록은? [답변 형식: 이름 리스트],NOT_CONFIGURED,set,[],,"{""snapshot"": ""LabA_Research_Institute_DC_10nodes"", ""metric"": ""netflow_monitors_list"", ""scope"": {""type"": ""DEVICE"", ""host"": ""leaf3""}}",bd1a393,['leaf3.cfg']
NETFLOW_MONITORS_LIST_pe2,netflow_monitors_list:3603999311,Configuration_Check,L1,pe2 장비에 정의된 NetFlow Monitor 목록은? [답변 형식: 이름 리스트],NOT_CONFIGURED,set,[],,"{""snapshot"": ""LabA_Research_Institute_DC_10nodes"", ""metric"": ""netflow_monitors_list"", ""scope"": {""type"": ""DEVICE"", ""host"": ""pe2""}}",bd1a393,['pe2.cfg']
NETFLOW_MONITORS_LIST_p3,netflow_monitors_list:40d255b5d8,Configuration_Check,L1,p3 장비에 정의된 NetFlow Monitor 목록은? [답변 형식: 이름 리스트],NOT_CONFIGURED,set,[],,"{""snapshot"": ""LabA_Research_Institute_DC_10nodes"", ""metric"": ""netflow_monitors_list"", ""scope"": {""type"": ""DEVICE"", ""host"": ""p3""}}",bd1a393,['p3.cfg']
NETFLOW_MONITORS_LIST_pe1,netflow_monitors_list:4f36bb8808,Configuration_Check,L1,pe1 장비에 정의된 NetFlow Monitor 목록은? [답변 형식: 이름 리스트],NOT_CONFIGURED,set,[],,"{""snapshot"": ""LabA_Research_Institute_DC_10nodes"", ""metric"": ""netflow_monitors_list"", ""scope"": {""type"": ""DEVICE"", ""host"": ""pe1""}}",bd1a393,['pe1.cfg']
NETFLOW_MONITORS_LIST_p2,netflow_monitors_list:f84ad4329a,Configuration_Check,L1,p2 장비에 정의된 NetFlow Monitor 목록은? [답변 형식: 이름 리스트],NOT_CONFIGURED,set,[],,"{""snapshot"": ""LabA_Research_Institute_DC_10nodes"", ""metric"": ""netflow_monitors_list"", ""scope"": {""type"": ""DEVICE"", ""host"": ""p2""}}",bd1a393,['p2.cfg']
INTERFACES_MISSING_DESCRIPTION_COUNT_pe2,interfaces_missing_description_count:3603999311,Configuration_Check,L1,pe2 장비에서 설명(Description)이 누락된 인터페이스 개수는? [답변 형식: 숫자],OK,number,5,,"{""snapshot"": ""LabA_Research_Institute_DC_10nodes"", ""metric"": ""interfaces_missing_description_count"", ""scope"": {""type"": ""DEVICE"", ""host"": ""pe2""}}",bd1a393,['pe2.cfg']
INTERFACES_MISSING_DESCRIPTION_COUNT_leaf1,interfaces_missing_description_count:f3e677391b,Configuration_Check,L1,leaf1 장비에서 설명(Description)이 누락된 인터페이스 개수는? [답변 형식: 숫자],OK,number,4,,"{""snapshot"": ""LabA_Research_Institute_DC_10nodes"", ""metric"": ""interfaces_missing_description_count"", ""scope"": {""type"": ""DEVICE"", ""host"": ""leaf1""}}",bd1a393,['leaf1.cfg']
INTERFACES_MISSING_DESCRIPTION_COUNT_p1,interfaces_missing_description_count:980d4425bd,Configuration_Check,L1,p1 장비에서 설명(Description)이 누락된 인터페이스 개수는? [답변 형식: 숫자],OK,number,5,,"{""snapshot"": ""LabA_Research_Institute_DC_10nodes"", ""metric"": ""interfaces_missing_description_count"", ""scope"": {""type"": ""DEVICE"", ""host"": ""p1""}}",bd1a393,['p1.cfg']
INTERFACES_MISSING_DESCRIPTION_COUNT_pe1,interfaces_missing_description_count:4f36bb8808,Configuration_Check,L1,pe1 장비에서 설명(Description)이 누락된 인터페이스 개수는? [답변 형식: 숫자],OK,number,5,,"{""snapshot"": ""LabA_Research_Institute_DC_10nodes"", ""metric"": ""interfaces_missing_description_count"", ""scope"": {""type"": ""DEVICE"", ""host"": ""pe1""}}",bd1a393,['pe1.cfg']
INTERFACES_MISSING_DESCRIPTION_COUNT_leaf4,interfaces_missing_description_count:45a2dbebe1,Configuration_Check,L1,leaf4 장비에서 설명(Description)이 누락된 인터페이스 개수는? [답변 형식: 숫자],OK,number,4,,"{""snapshot"": ""LabA_Research_Institute_DC_10nodes"", ""metric"": ""interfaces_missing_description_count"", ""scope"": {""type"": ""DEVICE"", ""host"": ""leaf4""}}",bd1a393,['leaf4.cfg']
INTERFACES_MISSING_DESCRIPTION_COUNT_p2,interfaces_missing_description_count:f84ad4329a,Configuration_Check,L1,p2 장비에서 설명(Description)이 누락된 인터페이스 개수는? [답변 형식: 숫자],OK,number,5,,"{""snapshot"": ""LabA_Research_Institute_DC_10nodes"", ""metric"": ""interfaces_missing_description_count"", ""scope"": {""type"": ""DEVICE"", ""host"": ""p2""}}",bd1a393,['p2.cfg']
INTERFACES_MISSING_DESCRIPTION_COUNT_leaf3,interfaces_missing_description_count:6a7c231d8b,Configuration_Check,L1,leaf3 장비에서 설명(Description)이 누락된 인터페이스 개수는? [답변 형식: 숫자],OK,number,4,,"{""snapshot"": ""LabA_Research_Institute_DC_10nodes"", ""metric"": ""interfaces_missing_description_count"", ""scope"": {""type"": ""DEVICE"", ""host"": ""leaf3""}}",bd1a393,['leaf3.cfg']
INTERFACES_MISSING_DESCRIPTION_COUNT_p3,interfaces_missing_description_count:40d255b5d8,Configuration_Check,L1,p3 장비에서 설명(Description)이 누락된 인터페이스 개수는? [답변 형식: 숫자],OK,number,5,,"{""snapshot"": ""LabA_Research_Institute_DC_10nodes"", ""metric"": ""interfaces_missing_description_count"", ""scope"": {""type"": ""DEVICE"", ""host"": ""p3""}}",bd1a393,['p3.cfg']
INTERFACES_MISSING_DESCRIPTION_COUNT_leaf2,interfaces_missing_description_count:6e35c43dba,Configuration_Check,L1,leaf2 장비에서 설명(Description)이 누락된 인터페이스 개수는? [답변 형식: 숫자],OK,number,4,,"{""snapshot"": ""LabA_Research_Institute_DC_10nodes"", ""metric"": ""interfaces_missing_description_count"", ""scope"": {""type"": ""DEVICE"", ""host"": ""leaf2""}}",bd1a393,['leaf2.cfg']
INTERFACES_MISSING_DESCRIPTION_COUNT_p4,interfaces_missing_description_count:8eb660897d,Configuration_Check,L1,p4 장비에서 설명(Description)이 누락된 인터페이스 개수는? [답변 형식: 숫자],OK,number,5,,"{""snapshot"": ""LabA_Research_Institute_DC_10nodes"", ""metric"": ""interfaces_missing_description_count"", ""scope"": {""type"": ""DEVICE"", ""host"": ""p4""}}",bd1a393,['p4.cfg']
EIGRP_AS_NUMBERS_p2,eigrp_as_numbers:f84ad4329a,Configuration_Check,L1,p2 장비에 설정된 EIGRP AS 번호 목록은? [답변 형식: AS번호 리스트],NOT_CONFIGURED,text,"""Not Configured""",,"{""snapshot"": ""LabA_Research_Institute_DC_10nodes"", ""metric"": ""eigrp_as_numbers"", ""scope"": {""type"": ""DEVICE"", ""host"": ""p2""}}",bd1a393,['p2.cfg']
EIGRP_AS_NUMBERS_leaf1,eigrp_as_numbers:f3e677391b,Configuration_Check,L1,leaf1 장비에 설정된 EIGRP AS 번호 목록은? [답변 형식: AS번호 리스트],NOT_CONFIGURED,text,"""Not Configured""",,"{""snapshot"": ""LabA_Research_Institute_DC_10nodes"", ""metric"": ""eigrp_as_numbers"", ""scope"": {""type"": ""DEVICE"", ""host"": ""leaf1""}}",bd1a393,['leaf1.cfg']
EIGRP_AS_NUMBERS_leaf2,eigrp_as_numbers:6e35c43dba,Configuration_Check,L1,leaf2 장비에 설정된 EIGRP AS 번호 목록은? [답변 형식: AS번호 리스트],NOT_CONFIGURED,text,"""Not Configured""",,"{""snapshot"": ""LabA_Research_Institute_DC_10nodes"", ""metric"": ""eigrp_as_numbers"", ""scope"": {""type"": ""DEVICE"", ""host"": ""leaf2""}}",bd1a393,['leaf2.cfg']
EIGRP_AS_NUMBERS_leaf3,eigrp_as_numbers:6a7c231d8b,Configuration_Check,L1,leaf3 장비에 설정된 EIGRP AS 번호 목록은? [답변 형식: AS번호 리스트],NOT_CONFIGURED,text,"""Not Configured""",,"{""snapshot"": ""LabA_Research_Institute_DC_10nodes"", ""metric"": ""eigrp_as_numbers"", ""scope"": {""type"": ""DEVICE"", ""host"": ""leaf3""}}",bd1a393,['leaf3.cfg']
EIGRP_AS_NUMBERS_pe2,eigrp_as_numbers:3603999311,Configuration_Check,L1,pe2 장비에 설정된 EIGRP AS 번호 목록은? [답변 형식: AS번호 리스트],NOT_CONFIGURED,text,"""Not Configured""",,"{""snapshot"": ""LabA_Research_Institute_DC_10nodes"", ""metric"": ""eigrp_as_numbers"", ""scope"": {""type"": ""DEVICE"", ""host"": ""pe2""}}",bd1a393,['pe2.cfg']
EIGRP_AS_NUMBERS_p3,eigrp_as_numbers:40d255b5d8,Configuration_Check,L1,p3 장비에 설정된 EIGRP AS 번호 목록은? [답변 형식: AS번호 리스트],NOT_CONFIGURED,text,"""Not Configured""",,"{""snapshot"": ""LabA_Research_Institute_DC_10nodes"", ""metric"": ""eigrp_as_numbers"", ""scope"": {""type"": ""DEVICE"", ""host"": ""p3""}}",bd1a393,['p3.cfg']
EIGRP_AS_NUMBERS_leaf4,eigrp_as_numbers:45a2dbebe1,Configuration_Check,L1,leaf4 장비에 설정된 EIGRP AS 번호 목록은? [답변 형식: AS번호 리스트],NOT_CONFIGURED,text,"""Not Configured""",,"{""snapshot"": ""LabA_Research_Institute_DC_10nodes"", ""metric"": ""eigrp_as_numbers"", ""scope"": {""type"": ""DEVICE"", ""host"": ""leaf4""}}",bd1a393,['leaf4.cfg']
EIGRP_AS_NUMBERS_p4,eigrp_as_numbers:8eb660897d,Configuration_Check,L1,p4 장비에 설정된 EIGRP AS 번호 목록은? [답변 형식: AS번호 리스트],NOT_CONFIGURED,text,"""Not Configured""",,"{""snapshot"": ""LabA_Research_Institute_DC_10nodes"", ""metric"": ""eigrp_as_numbers"", ""scope"": {""type"": ""DEVICE"", ""host"": ""p4""}}",bd1a393,['p4.cfg']
EIGRP_AS_NUMBERS_p1,eigrp_as_numbers:980d4425bd,Configuration_Check,L1,p1 장비에 설정된 EIGRP AS 번호 목록은? [답변 형식: AS번호 리스트],NOT_CONFIGURED,text,"""Not Configured""",,"{""snapshot"": ""LabA_Research_Institute_DC_10nodes"", ""metric"": ""eigrp_as_numbers"", ""scope"": {""type"": ""DEVICE"", ""host"": ""p1""}}",bd1a393,['p1.cfg']
EIGRP_AS_NUMBERS_pe1,eigrp_as_numbers:4f36bb8808,Configuration_Check,L1,pe1 장비에 설정된 EIGRP AS 번호 목록은? [답변 형식: AS번호 리스트],NOT_CONFIGURED,text,"""Not Configured""",,"{""snapshot"": ""LabA_Research_Institute_DC_10nodes"", ""metric"": ""eigrp_as_numbers"", ""scope"": {""type"": ""DEVICE"", ""host"": ""pe1""}}",bd1a393,['pe1.cfg']
RIP_PROCESSES_leaf3,rip_processes:6a7c231d8b,Configuration_Check,L1,leaf3 장비의 RIP 프로토콜 활성화 상태는? [답변 형식: Enabled/Disabled],NOT_CONFIGURED,text,"""Disabled""",,"{""snapshot"": ""LabA_Research_Institute_DC_10nodes"", ""metric"": ""rip_processes"", ""scope"": {""type"": ""DEVICE"", ""host"": ""leaf3""}}",bd1a393,['leaf3.cfg']
RIP_PROCESSES_leaf1,rip_processes:f3e677391b,Configuration_Check,L1,leaf1 장비의 RIP 프로토콜 활성화 상태는? [답변 형식: Enabled/Disabled],NOT_CONFIGURED,text,"""Disabled""",,"{""snapshot"": ""LabA_Research_Institute_DC_10nodes"", ""metric"": ""rip_processes"", ""scope"": {""type"": ""DEVICE"", ""host"": ""leaf1""}}",bd1a393,['leaf1.cfg']
RIP_PROCESSES_p3,rip_processes:40d255b5d8,Configuration_Check,L1,p3 장비의 RIP 프로토콜 활성화 상태는? [답변 형식: Enabled/Disabled],NOT_CONFIGURED,text,"""Disabled""",,"{""snapshot"": ""LabA_Research_Institute_DC_10nodes"", ""metric"": ""rip_processes"", ""scope"": {""type"": ""DEVICE"", ""host"": ""p3""}}",bd1a393,['p3.cfg']
RIP_PROCESSES_p2,rip_processes:f84ad4329a,Configuration_Check,L1,p2 장비의 RIP 프로토콜 활성화 상태는? [답변 형식: Enabled/Disabled],NOT_CONFIGURED,text,"""Disabled""",,"{""snapshot"": ""LabA_Research_Institute_DC_10nodes"", ""metric"": ""rip_processes"", ""scope"": {""type"": ""DEVICE"", ""host"": ""p2""}}",bd1a393,['p2.cfg']
RIP_PROCESSES_pe1,rip_processes:4f36bb8808,Configuration_Check,L1,pe1 장비의 RIP 프로토콜 활성화 상태는? [답변 형식: Enabled/Disabled],NOT_CONFIGURED,text,"""Disabled""",,"{""snapshot"": ""LabA_Research_Institute_DC_10nodes"", ""metric"": ""rip_processes"", ""scope"": {""type"": ""DEVICE"", ""host"": ""pe1""}}",bd1a393,['pe1.cfg']
RIP_PROCESSES_leaf4,rip_processes:45a2dbebe1,Configuration_Check,L1,leaf4 장비의 RIP 프로토콜 활성화 상태는? [답변 형식: Enabled/Disabled],NOT_CONFIGURED,text,"""Disabled""",,"{""snapshot"": ""LabA_Research_Institute_DC_10nodes"", ""metric"": ""rip_processes"", ""scope"": {""type"": ""DEVICE"", ""host"": ""leaf4""}}",bd1a393,['leaf4.cfg']
RIP_PROCESSES_pe2,rip_processes:3603999311,Configuration_Check,L1,pe2 장비의 RIP 프로토콜 활성화 상태는? [답변 형식: Enabled/Disabled],NOT_CONFIGURED,text,"""Disabled""",,"{""snapshot"": ""LabA_Research_Institute_DC_10nodes"", ""metric"": ""rip_processes"", ""scope"": {""type"": ""DEVICE"", ""host"": ""pe2""}}",bd1a393,['pe2.cfg']
RIP_PROCESSES_p4,rip_processes:8eb660897d,Configuration_Check,L1,p4 장비의 RIP 프로토콜 활성화 상태는? [답변 형식: Enabled/Disabled],NOT_CONFIGURED,text,"""Disabled""",,"{""snapshot"": ""LabA_Research_Institute_DC_10nodes"", ""metric"": ""rip_processes"", ""scope"": {""type"": ""DEVICE"", ""host"": ""p4""}}",bd1a393,['p4.cfg']
RIP_PROCESSES_p1,rip_processes:980d4425bd,Configuration_Check,L1,p1 장비의 RIP 프로토콜 활성화 상태는? [답변 형식: Enabled/Disabled],NOT_CONFIGURED,text,"""Disabled""",,"{""snapshot"": ""LabA_Research_Institute_DC_10nodes"", ""metric"": ""rip_processes"", ""scope"": {""type"": ""DEVICE"", ""host"": ""p1""}}",bd1a393,['p1.cfg']
RIP_PROCESSES_leaf2,rip_processes:6e35c43dba,Configuration_Check,L1,leaf2 장비의 RIP 프로토콜 활성화 상태는? [답변 형식: Enabled/Disabled],NOT_CONFIGURED,text,"""Disabled""",,"{""snapshot"": ""LabA_Research_Institute_DC_10nodes"", ""metric"": ""rip_processes"", ""scope"": {""type"": ""DEVICE"", ""host"": ""leaf2""}}",bd1a393,['leaf2.cfg']
HSRP_GROUPS_LIST_leaf1,hsrp_groups_list:f3e677391b,Configuration_Check,L1,leaf1 장비에 설정된 HSRP/VRRP 그룹 ID 목록은? [답변 형식: ID 리스트],NOT_CONFIGURED,set,[],,"{""snapshot"": ""LabA_Research_Institute_DC_10nodes"", ""metric"": ""hsrp_groups_list"", ""scope"": {""type"": ""DEVICE"", ""host"": ""leaf1""}}",bd1a393,['leaf1.cfg']
HSRP_GROUPS_LIST_p3,hsrp_groups_list:40d255b5d8,Configuration_Check,L1,p3 장비에 설정된 HSRP/VRRP 그룹 ID 목록은? [답변 형식: ID 리스트],NOT_CONFIGURED,set,[],,"{""snapshot"": ""LabA_Research_Institute_DC_10nodes"", ""metric"": ""hsrp_groups_list"", ""scope"": {""type"": ""DEVICE"", ""host"": ""p3""}}",bd1a393,['p3.cfg']
HSRP_GROUPS_LIST_pe1,hsrp_groups_list:4f36bb8808,Configuration_Check,L1,pe1 장비에 설정된 HSRP/VRRP 그룹 ID 목록은? [답변 형식: ID 리스트],NOT_CONFIGURED,set,[],,"{""snapshot"": ""LabA_Research_Institute_DC_10nodes"", ""metric"": ""hsrp_groups_list"", ""scope"": {""type"": ""DEVICE"", ""host"": ""pe1""}}",bd1a393,['pe1.cfg']
HSRP_GROUPS_LIST_p1,hsrp_groups_list:980d4425bd,Configuration_Check,L1,p1 장비에 설정된 HSRP/VRRP 그룹 ID 목록은? [답변 형식: ID 리스트],NOT_CONFIGURED,set,[],,"{""snapshot"": ""LabA_Research_Institute_DC_10nodes"", ""metric"": ""hsrp_groups_list"", ""scope"": {""type"": ""DEVICE"", ""host"": ""p1""}}",bd1a393,['p1.cfg']
HSRP_GROUPS_LIST_pe2,hsrp_groups_list:3603999311,Configuration_Check,L1,pe2 장비에 설정된 HSRP/VRRP 그룹 ID 목록은? [답변 형식: ID 리스트],NOT_CONFIGURED,set,[],,"{""snapshot"": ""LabA_Research_Institute_DC_10nodes"", ""metric"": ""hsrp_groups_list"", ""scope"": {""type"": ""DEVICE"", ""host"": ""pe2""}}",bd1a393,['pe2.cfg']
HSRP_GROUPS_LIST_leaf2,hsrp_groups_list:6e35c43dba,Configuration_Check,L1,leaf2 장비에 설정된 HSRP/VRRP 그룹 ID 목록은? [답변 형식: ID 리스트],NOT_CONFIGURED,set,[],,"{""snapshot"": ""LabA_Research_Institute_DC_10nodes"", ""metric"": ""hsrp_groups_list"", ""scope"": {""type"": ""DEVICE"", ""host"": ""leaf2""}}",bd1a393,['leaf2.cfg']
HSRP_GROUPS_LIST_leaf4,hsrp_groups_list:45a2dbebe1,Configuration_Check,L1,leaf4 장비에 설정된 HSRP/VRRP 그룹 ID 목록은? [답변 형식: ID 리스트],NOT_CONFIGURED,set,[],,"{""snapshot"": ""LabA_Research_Institute_DC_10nodes"", ""metric"": ""hsrp_groups_list"", ""scope"": {""type"": ""DEVICE"", ""host"": ""leaf4""}}",bd1a393,['leaf4.cfg']
HSRP_GROUPS_LIST_leaf3,hsrp_groups_list:6a7c231d8b,Configuration_Check,L1,leaf3 장비에 설정된 HSRP/VRRP 그룹 ID 목록은? [답변 형식: ID 리스트],NOT_CONFIGURED,set,[],,"{""snapshot"": ""LabA_Research_Institute_DC_10nodes"", ""metric"": ""hsrp_groups_list"", ""scope"": {""type"": ""DEVICE"", ""host"": ""leaf3""}}",bd1a393,['leaf3.cfg']
HSRP_GROUPS_LIST_p2,hsrp_groups_list:f84ad4329a,Configuration_Check,L1,p2 장비에 설정된 HSRP/VRRP 그룹 ID 목록은? [답변 형식: ID 리스트],NOT_CONFIGURED,set,[],,"{""snapshot"": ""LabA_Research_Institute_DC_10nodes"", ""metric"": ""hsrp_groups_list"", ""scope"": {""type"": ""DEVICE"", ""host"": ""p2""}}",bd1a393,['p2.cfg']
HSRP_GROUPS_LIST_p4,hsrp_groups_list:8eb660897d,Configuration_Check,L1,p4 장비에 설정된 HSRP/VRRP 그룹 ID 목록은? [답변 형식: ID 리스트],NOT_CONFIGURED,set,[],,"{""snapshot"": ""LabA_Research_Institute_DC_10nodes"", ""metric"": ""hsrp_groups_list"", ""scope"": {""type"": ""DEVICE"", ""host"": ""p4""}}",bd1a393,['p4.cfg']
MULTICAST_ROUTING_CONFIG_p3,multicast_routing_config:40d255b5d8,Configuration_Check,L1,p3 장비의 Multicast Routing 활성화 상태는? [답변 형식: Enabled/Disabled],NOT_CONFIGURED,text,"""Disabled""",,"{""snapshot"": ""LabA_Research_Institute_DC_10nodes"", ""metric"": ""multicast_routing_config"", ""scope"": {""type"": ""DEVICE"", ""host"": ""p3""}}",bd1a393,['p3.cfg']
MULTICAST_ROUTING_CONFIG_leaf4,multicast_routing_config:45a2dbebe1,Configuration_Check,L1,leaf4 장비의 Multicast Routing 활성화 상태는? [답변 형식: Enabled/Disabled],NOT_CONFIGURED,text,"""Disabled""",,"{""snapshot"": ""LabA_Research_Institute_DC_10nodes"", ""metric"": ""multicast_routing_config"", ""scope"": {""type"": ""DEVICE"", ""host"": ""leaf4""}}",bd1a393,['leaf4.cfg']
MULTICAST_ROUTING_CONFIG_leaf3,multicast_routing_config:6a7c231d8b,Configuration_Check,L1,leaf3 장비의 Multicast Routing 활성화 상태는? [답변 형식: Enabled/Disabled],NOT_CONFIGURED,text,"""Disabled""",,"{""snapshot"": ""LabA_Research_Institute_DC_10nodes"", ""metric"": ""multicast_routing_config"", ""scope"": {""type"": ""DEVICE"", ""host"": ""leaf3""}}",bd1a393,['leaf3.cfg']
MULTICAST_ROUTING_CONFIG_p2,multicast_routing_config:f84ad4329a,Configuration_Check,L1,p2 장비의 Multicast Routing 활성화 상태는? [답변 형식: Enabled/Disabled],NOT_CONFIGURED,text,"""Disabled""",,"{""snapshot"": ""LabA_Research_Institute_DC_10nodes"", ""metric"": ""multicast_routing_config"", ""scope"": {""type"": ""DEVICE"", ""host"": ""p2""}}",bd1a393,['p2.cfg']
MULTICAST_ROUTING_CONFIG_p4,multicast_routing_config:8eb660897d,Configuration_Check,L1,p4 장비의 Multicast Routing 활성화 상태는? [답변 형식: Enabled/Disabled],NOT_CONFIGURED,text,"""Disabled""",,"{""snapshot"": ""LabA_Research_Institute_DC_10nodes"", ""metric"": ""multicast_routing_config"", ""scope"": {""type"": ""DEVICE"", ""host"": ""p4""}}",bd1a393,['p4.cfg']
MULTICAST_ROUTING_CONFIG_leaf2,multicast_routing_config:6e35c43dba,Configuration_Check,L1,leaf2 장비의 Multicast Routing 활성화 상태는? [답변 형식: Enabled/Disabled],NOT_CONFIGURED,text,"""Disabled""",,"{""snapshot"": ""LabA_Research_Institute_DC_10nodes"", ""metric"": ""multicast_routing_config"", ""scope"": {""type"": ""DEVICE"", ""host"": ""leaf2""}}",bd1a393,['leaf2.cfg']
MULTICAST_ROUTING_CONFIG_pe1,multicast_routing_config:4f36bb8808,Configuration_Check,L1,pe1 장비의 Multicast Routing 활성화 상태는? [답변 형식: Enabled/Disabled],NOT_CONFIGURED,text,"""Disabled""",,"{""snapshot"": ""LabA_Research_Institute_DC_10nodes"", ""metric"": ""multicast_routing_config"", ""scope"": {""type"": ""DEVICE"", ""host"": ""pe1""}}",bd1a393,['pe1.cfg']
MULTICAST_ROUTING_CONFIG_leaf1,multicast_routing_config:f3e677391b,Configuration_Check,L1,leaf1 장비의 Multicast Routing 활성화 상태는? [답변 형식: Enabled/Disabled],NOT_CONFIGURED,text,"""Disabled""",,"{""snapshot"": ""LabA_Research_Institute_DC_10nodes"", ""metric"": ""multicast_routing_config"", ""scope"": {""type"": ""DEVICE"", ""host"": ""leaf1""}}",bd1a393,['leaf1.cfg']
MULTICAST_ROUTING_CONFIG_p1,multicast_routing_config:980d4425bd,Configuration_Check,L1,p1 장비의 Multicast Routing 활성화 상태는? [답변 형식: Enabled/Disabled],NOT_CONFIGURED,text,"""Disabled""",,"{""snapshot"": ""LabA_Research_Institute_DC_10nodes"", ""metric"": ""multicast_routing_config"", ""scope"": {""type"": ""DEVICE"", ""host"": ""p1""}}",bd1a393,['p1.cfg']
MULTICAST_ROUTING_CONFIG_pe2,multicast_routing_config:3603999311,Configuration_Check,L1,pe2 장비의 Multicast Routing 활성화 상태는? [답변 형식: Enabled/Disabled],NOT_CONFIGURED,text,"""Disabled""",,"{""snapshot"": ""LabA_Research_Institute_DC_10nodes"", ""metric"": ""multicast_routing_config"", ""scope"": {""type"": ""DEVICE"", ""host"": ""pe2""}}",bd1a393,['pe2.cfg']
SERIAL_INTERFACE_DEVICES,serial_interface_devices:566d4b6821,Hardware_Inventory,L1,네트워크 전체에서 Serial 인터페이스를 보유한 장비 목록은? [답변 형식: 장비명 리스트],NOT_CONFIGURED,set,[],,"{""snapshot"": ""LabA_Research_Institute_DC_10nodes"", ""metric"": ""serial_interface_devices"", ""scope"": {""type"": ""GLOBAL""}}",bd1a393,"['leaf1.cfg', 'leaf2.cfg', 'leaf3.cfg', 'leaf4.cfg', 'p1.cfg', 'p2.cfg', 'p3.cfg', 'p4.cfg', 'pe1.cfg', 'pe2.cfg']"
TUNNEL_INTERFACE_DEVICES,tunnel_interface_devices:566d4b6821,Hardware_Inventory,L1,네트워크 전체에서 Tunnel 인터페이스를 보유한 장비 목록은? [답변 형식: 장비명 리스트],NOT_CONFIGURED,set,[],,"{""snapshot"": ""LabA_Research_Institute_DC_10nodes"", ""metric"": ""tunnel_interface_devices"", ""scope"": {""type"": ""GLOBAL""}}",bd1a393,"['leaf1.cfg', 'leaf2.cfg', 'leaf3.cfg', 'leaf4.cfg', 'p1.cfg', 'p2.cfg', 'p3.cfg', 'p4.cfg', 'pe1.cfg', 'pe2.cfg']"
PORT_CHANNEL_DEVICES,port_channel_devices:566d4b6821,Hardware_Inventory,L1,네트워크 전체에서 Port-Channel(EtherChannel) 인터페이스를 보유한 장비 목록은? [답변 형식: 장비명 리스트],NOT_CONFIGURED,set,[],,"{""snapshot"": ""LabA_Research_Institute_DC_10nodes"", ""metric"": ""port_channel_devices"", ""scope"": {""type"": ""GLOBAL""}}",bd1a393,"['leaf1.cfg', 'leaf2.cfg', 'leaf3.cfg', 'leaf4.cfg', 'p1.cfg', 'p2.cfg', 'p3.cfg', 'p4.cfg', 'pe1.cfg', 'pe2.cfg']"
VLAN_INTERFACE_DEVICES,vlan_interface_devices:566d4b6821,Hardware_Inventory,L1,네트워크 전체에서 VLAN 인터페이스(SVI)를 보유한 장비 목록은? [답변 형식: 장비명 리스트],NOT_CONFIGURED,set,[],,"{""snapshot"": ""LabA_Research_Institute_DC_10nodes"", ""metric"": ""vlan_interface_devices"", ""scope"": {""type"": ""GLOBAL""}}",bd1a393,"['leaf1.cfg', 'leaf2.cfg', 'leaf3.cfg', 'leaf4.cfg', 'p1.cfg', 'p2.cfg', 'p3.cfg', 'p4.cfg', 'pe1.cfg', 'pe2.cfg']"
TRACEROUTE_leaf4_p4,traceroute_path:f7cfd4552b,Reachability_Analysis,L4,172.16.4.2에서 10.0.0.5까지의 네트워크 경로(장비 순서)를 나열해주세요. [답변 형식: 화살표(→)로 구분된 장비이름 목록(IP 주소 아님)],OK,text,"""leaf4 -> pe2""",,"{""scope"": {""type"": ""NODE_PAIR"", ""src"": ""leaf4"", ""dst"": ""p4""}, ""metric"": ""traceroute_path"", ""snapshot"": ""LabA_Research_Institute_DC_10nodes""}",bd1a393,[]
TRACEROUTE_leaf4_leaf3,traceroute_path:85cf0a193c,Reachability_Analysis,L4,172.16.4.2에서 172.16.3.2까지의 네트워크 경로(장비 순서)를 나열해주세요. [답변 형식: 화살표(→)로 구분된 장비이름 목록(IP 주소 아님)],OK,text,"""leaf4 -> pe2""",,"{""scope"": {""type"": ""NODE_PAIR"", ""src"": ""leaf4"", ""dst"": ""leaf3""}, ""metric"": ""traceroute_path"", ""snapshot"": ""LabA_Research_Institute_DC_10nodes""}",bd1a393,[]
TRACEROUTE_pe2_leaf3,traceroute_path:1e09853abb,Reachability_Analysis,L4,10.0.1.3에서 172.16.3.2까지의 네트워크 경로(장비 순서)를 나열해주세요. [답변 형식: 화살표(→)로 구분된 장비이름 목록(IP 주소 아님)],OK,text,"""pe2""",,"{""scope"": {""type"": ""NODE_PAIR"", ""src"": ""pe2"", ""dst"": ""leaf3""}, ""metric"": ""traceroute_path"", ""snapshot"": ""LabA_Research_Institute_DC_10nodes""}",bd1a393,[]
TRACEROUTE_leaf2_p1,traceroute_path:d622841e18,Reachability_Analysis,L4,172.16.2.2에서 10.0.0.0까지의 네트워크 경로(장비 순서)를 나열해주세요. [답변 형식: 화살표(→)로 구분된 장비이름 목록(IP 주소 아님)],OK,text,"""leaf2 -> pe1""",,"{""scope"": {""type"": ""NODE_PAIR"", ""src"": ""leaf2"", ""dst"": ""p1""}, ""metric"": ""traceroute_path"", ""snapshot"": ""LabA_Research_Institute_DC_10nodes""}",bd1a393,[]
TRACEROUTE_leaf4_p3,traceroute_path:aeabb6b8ee,Reachability_Analysis,L4,172.16.4.2에서 10.0.0.3까지의 네트워크 경로(장비 순서)를 나열해주세요. [답변 형식: 화살표(→)로 구분된 장비이름 목록(IP 주소 아님)],OK,text,"""leaf4 -> pe2""",,"{""scope"": {""type"": ""NODE_PAIR"", ""src"": ""leaf4"", ""dst"": ""p3""}, ""metric"": ""traceroute_path"", ""snapshot"": ""LabA_Research_Institute_DC_10nodes""}",bd1a393,[]
TRACEROUTE_leaf2_leaf4,traceroute_path:206c768141,Reachability_Analysis,L4,172.16.2.2에서 172.16.4.2까지의 네트워크 경로(장비 순서)를 나열해주세요. [답변 형식: 화살표(→)로 구분된 장비이름 목록(IP 주소 아님)],OK,text,"""leaf2 -> pe1""",,"{""scope"": {""type"": ""NODE_PAIR"", ""src"": ""leaf2"", ""dst"": ""leaf4""}, ""metric"": ""traceroute_path"", ""snapshot"": ""LabA_Research_Institute_DC_10nodes""}",bd1a393,[]
TRACEROUTE_p1_p2,traceroute_path:820e23e546,Reachability_Analysis,L4,10.0.0.0에서 10.0.0.1까지의 네트워크 경로(장비 순서)를 나열해주세요. [답변 형식: 화살표(→)로 구분된 장비이름 목록(IP 주소 아님)],OK,text,"""p1 -> p2""",,"{""scope"": {""type"": ""NODE_PAIR"", ""src"": ""p1"", ""dst"": ""p2""}, ""metric"": ""traceroute_path"", ""snapshot"": ""LabA_Research_Institute_DC_10nodes""}",bd1a393,[]
TRACEROUTE_p4_leaf3,traceroute_path:3fa7c5cc3e,Reachability_Analysis,L4,10.0.0.5에서 172.16.3.2까지의 네트워크 경로(장비 순서)를 나열해주세요. [답변 형식: 화살표(→)로 구분된 장비이름 목록(IP 주소 아님)],OK,text,"""p4""",,"{""scope"": {""type"": ""NODE_PAIR"", ""src"": ""p4"", ""dst"": ""leaf3""}, ""metric"": ""traceroute_path"", ""snapshot"": ""LabA_Research_Institute_DC_10nodes""}",bd1a393,[]
TRACEROUTE_leaf2_pe2,traceroute_path:375210ff44,Reachability_Analysis,L4,172.16.2.2에서 10.0.1.3까지의 네트워크 경로(장비 순서)를 나열해주세요. [답변 형식: 화살표(→)로 구분된 장비이름 목록(IP 주소 아님)],OK,text,"""leaf2 -> pe1""",,"{""scope"": {""type"": ""NODE_PAIR"", ""src"": ""leaf2"", ""dst"": ""pe2""}, ""metric"": ""traceroute_path"", ""snapshot"": ""LabA_Research_Institute_DC_10nodes""}",bd1a393,[]
TRACEROUTE_leaf1_p4,traceroute_path:7286e34e9e,Reachability_Analysis,L4,172.16.1.2에서 10.0.0.5까지의 네트워크 경로(장비 순서)를 나열해주세요. [답변 형식: 화살표(→)로 구분된 장비이름 목록(IP 주소 아님)],OK,text,"""leaf1 -> pe1""",,"{""scope"": {""type"": ""NODE_PAIR"", ""src"": ""leaf1"", ""dst"": ""p4""}, ""metric"": ""traceroute_path"", ""snapshot"": ""LabA_Research_Institute_DC_10nodes""}",bd1a393,[]
TRACEROUTE_p4_p2,traceroute_path:671ab3f535,Reachability_Analysis,L4,10.0.0.5에서 10.0.0.1까지의 네트워크 경로(장비 순서)를 나열해주세요. [답변 형식: 화살표(→)로 구분된 장비이름 목록(IP 주소 아님)],OK,text,"""p4 -> p1 -> p2""",,"{""scope"": {""type"": ""NODE_PAIR"", ""src"": ""p4"", ""dst"": ""p2""}, ""metric"": ""traceroute_path"", ""snapshot"": ""LabA_Research_Institute_DC_10nodes""}",bd1a393,[]
TRACEROUTE_leaf1_pe2,traceroute_path:7964e34ebc,Reachability_Analysis,L4,172.16.1.2에서 10.0.1.3까지의 네트워크 경로(장비 순서)를 나열해주세요. [답변 형식: 화살표(→)로 구분된 장비이름 목록(IP 주소 아님)],OK,text,"""leaf1 -> pe1""",,"{""scope"": {""type"": ""NODE_PAIR"", ""src"": ""leaf1"", ""dst"": ""pe2""}, ""metric"": ""traceroute_path"", ""snapshot"": ""LabA_Research_Institute_DC_10nodes""}",bd1a393,[]
TRACEROUTE_p2_p3,traceroute_path:30226e2aad,Reachability_Analysis,L4,10.0.0.1에서 10.0.0.3까지의 네트워크 경로(장비 순서)를 나열해주세요. [답변 형식: 화살표(→)로 구분된 장비이름 목록(IP 주소 아님)],OK,text,"""p2 -> p3""",,"{""scope"": {""type"": ""NODE_PAIR"", ""src"": ""p2"", ""dst"": ""p3""}, ""metric"": ""traceroute_path"", ""snapshot"": ""LabA_Research_Institute_DC_10nodes""}",bd1a393,[]
TRACEROUTE_p1_p4,traceroute_path:a4b3456479,Reachability_Analysis,L4,10.0.0.0에서 10.0.0.5까지의 네트워크 경로(장비 순서)를 나열해주세요. [답변 형식: 화살표(→)로 구분된 장비이름 목록(IP 주소 아님)],OK,text,"""p1 -> p4""",,"{""scope"": {""type"": ""NODE_PAIR"", ""src"": ""p1"", ""dst"": ""p4""}, ""metric"": ""traceroute_path"", ""snapshot"": ""LabA_Research_Institute_DC_10nodes""}",bd1a393,[]
TRACEROUTE_leaf2_p4,traceroute_path:005bb01dd2,Reachability_Analysis,L4,172.16.2.2에서 10.0.0.5까지의 네트워크 경로(장비 순서)를 나열해주세요. [답변 형식: 화살표(→)로 구분된 장비이름 목록(IP 주소 아님)],OK,text,"""leaf2 -> pe1""",,"{""scope"": {""type"": ""NODE_PAIR"", ""src"": ""leaf2"", ""dst"": ""p4""}, ""metric"": ""traceroute_path"", ""snapshot"": ""LabA_Research_Institute_DC_10nodes""}",bd1a393,[]
TRACEROUTE_p4_pe1,traceroute_path:78632978ee,Reachability_Analysis,L4,10.0.0.5에서 10.0.1.1까지의 네트워크 경로(장비 순서)를 나열해주세요. [답변 형식: 화살표(→)로 구분된 장비이름 목록(IP 주소 아님)],OK,text,"""p4 -> p3 -> p2 -> pe1""",,"{""scope"": {""type"": ""NODE_PAIR"", ""src"": ""p4"", ""dst"": ""pe1""}, ""metric"": ""traceroute_path"", ""snapshot"": ""LabA_Research_Institute_DC_10nodes""}",bd1a393,[]
TRACEROUTE_p1_pe1,traceroute_path:fcb24bc73d,Reachability_Analysis,L4,10.0.0.0에서 10.0.1.1까지의 네트워크 경로(장비 순서)를 나열해주세요. [답변 형식: 화살표(→)로 구분된 장비이름 목록(IP 주소 아님)],OK,text,"""p1 -> p2 -> pe1""",,"{""scope"": {""type"": ""NODE_PAIR"", ""src"": ""p1"", ""dst"": ""pe1""}, ""metric"": ""traceroute_path"", ""snapshot"": ""LabA_Research_Institute_DC_10nodes""}",bd1a393,[]
TRACEROUTE_pe2_p3,traceroute_path:d74eb314f5,Reachability_Analysis,L4,10.0.1.3에서 10.0.0.3까지의 네트워크 경로(장비 순서)를 나열해주세요. [답변 형식: 화살표(→)로 구분된 장비이름 목록(IP 주소 아님)],OK,text,"""pe2 -> p3""",,"{""scope"": {""type"": ""NODE_PAIR"", ""src"": ""pe2"", ""dst"": ""p3""}, ""metric"": ""traceroute_path"", ""snapshot"": ""LabA_Research_Institute_DC_10nodes""}",bd1a393,[]
TRACEROUTE_pe1_leaf3,traceroute_path:1195432cf0,Reachability_Analysis,L4,10.0.1.1에서 172.16.3.2까지의 네트워크 경로(장비 순서)를 나열해주세요. [답변 형식: 화살표(→)로 구분된 장비이름 목록(IP 주소 아님)],OK,text,"""pe1""",,"{""scope"": {""type"": ""NODE_PAIR"", ""src"": ""pe1"", ""dst"": ""leaf3""}, ""metric"": ""traceroute_path"", ""snapshot"": ""LabA_Research_Institute_DC_10nodes""}",bd1a393,[]
TRACEROUTE_p1_p3,traceroute_path:85077ea73e,Reachability_Analysis,L4,10.0.0.0에서 10.0.0.3까지의 네트워크 경로(장비 순서)를 나열해주세요. [답변 형식: 화살표(→)로 구분된 장비이름 목록(IP 주소 아님)],OK,text,"""p1 -> p2 -> p3""",,"{""scope"": {""type"": ""NODE_PAIR"", ""src"": ""p1"", ""dst"": ""p3""}, ""metric"": ""traceroute_path"", ""snapshot"": ""LabA_Research_Institute_DC_10nodes""}",bd1a393,[]
TRACEROUTE_leaf2_pe1,traceroute_path:9bcc27e256,Reachability_Analysis,L4,172.16.2.2에서 10.0.1.1까지의 네트워크 경로(장비 순서)를 나열해주세요. [답변 형식: 화살표(→)로 구분된 장비이름 목록(IP 주소 아님)],OK,text,"""leaf2 -> pe1""",,"{""scope"": {""type"": ""NODE_PAIR"", ""src"": ""leaf2"", ""dst"": ""pe1""}, ""metric"": ""traceroute_path"", ""snapshot"": ""LabA_Research_Institute_DC_10nodes""}",bd1a393,[]
TRACEROUTE_p1_pe2,traceroute_path:6744d92ed6,Reachability_Analysis,L4,10.0.0.0에서 10.0.1.3까지의 네트워크 경로(장비 순서)를 나열해주세요. [답변 형식: 화살표(→)로 구분된 장비이름 목록(IP 주소 아님)],OK,text,"""p1 -> p2 -> p3 -> pe2""",,"{""scope"": {""type"": ""NODE_PAIR"", ""src"": ""p1"", ""dst"": ""pe2""}, ""metric"": ""traceroute_path"", ""snapshot"": ""LabA_Research_Institute_DC_10nodes""}",bd1a393,[]
TRACEROUTE_leaf4_pe1,traceroute_path:18b9916ffa,Reachability_Analysis,L4,172.16.4.2에서 10.0.1.1까지의 네트워크 경로(장비 순서)를 나열해주세요. [답변 형식: 화살표(→)로 구분된 장비이름 목록(IP 주소 아님)],OK,text,"""leaf4 -> pe2""",,"{""scope"": {""type"": ""NODE_PAIR"", ""src"": ""leaf4"", ""dst"": ""pe1""}, ""metric"": ""traceroute_path"", ""snapshot"": ""LabA_Research_Institute_DC_10nodes""}",bd1a393,[]
TRACEROUTE_leaf4_p2,traceroute_path:1f4e7172ba,Reachability_Analysis,L4,172.16.4.2에서 10.0.0.1까지의 네트워크 경로(장비 순서)를 나열해주세요. [답변 형식: 화살표(→)로 구분된 장비이름 목록(IP 주소 아님)],OK,text,"""leaf4 -> pe2""",,"{""scope"": {""type"": ""NODE_PAIR"", ""src"": ""leaf4"", ""dst"": ""p2""}, ""metric"": ""traceroute_path"", ""snapshot"": ""LabA_Research_Institute_DC_10nodes""}",bd1a393,[]
TRACEROUTE_p4_pe2,traceroute_path:e7c77262bd,Reachability_Analysis,L4,10.0.0.5에서 10.0.1.3까지의 네트워크 경로(장비 순서)를 나열해주세요. [답변 형식: 화살표(→)로 구분된 장비이름 목록(IP 주소 아님)],OK,text,"""p4 -> p3 -> pe2""",,"{""scope"": {""type"": ""NODE_PAIR"", ""src"": ""p4"", ""dst"": ""pe2""}, ""metric"": ""traceroute_path"", ""snapshot"": ""LabA_Research_Institute_DC_10nodes""}",bd1a393,[]
TRACEROUTE_pe1_p3,traceroute_path:aebe5a1827,Reachability_Analysis,L4,10.0.1.1에서 10.0.0.3까지의 네트워크 경로(장비 순서)를 나열해주세요. [답변 형식: 화살표(→)로 구분된 장비이름 목록(IP 주소 아님)],OK,text,"""pe1 -> p2 -> p3""",,"{""scope"": {""type"": ""NODE_PAIR"", ""src"": ""pe1"", ""dst"": ""p3""}, ""metric"": ""traceroute_path"", ""snapshot"": ""LabA_Research_Institute_DC_10nodes""}",bd1a393,[]
TRACEROUTE_leaf1_leaf2,traceroute_path:dcc1e8bce1,Reachability_Analysis,L4,172.16.1.2에서 172.16.2.2까지의 네트워크 경로(장비 순서)를 나열해주세요. [답변 형식: 화살표(→)로 구분된 장비이름 목록(IP 주소 아님)],OK,text,"""leaf1 -> pe1""",,"{""scope"": {""type"": ""NODE_PAIR"", ""src"": ""leaf1"", ""dst"": ""leaf2""}, ""metric"": ""traceroute_path"", ""snapshot"": ""LabA_Research_Institute_DC_10nodes""}",bd1a393,[]
TRACEROUTE_leaf4_pe2,traceroute_path:f63f1a1aec,Reachability_Analysis,L4,172.16.4.2에서 10.0.1.3까지의 네트워크 경로(장비 순서)를 나열해주세요. [답변 형식: 화살표(→)로 구분된 장비이름 목록(IP 주소 아님)],OK,text,"""leaf4 -> pe2""",,"{""scope"": {""type"": ""NODE_PAIR"", ""src"": ""leaf4"", ""dst"": ""pe2""}, ""metric"": ""traceroute_path"", ""snapshot"": ""LabA_Research_Institute_DC_10nodes""}",bd1a393,[]
TRACEROUTE_leaf2_p3,traceroute_path:04e4b8026d,Reachability_Analysis,L4,172.16.2.2에서 10.0.0.3까지의 네트워크 경로(장비 순서)를 나열해주세요. [답변 형식: 화살표(→)로 구분된 장비이름 목록(IP 주소 아님)],OK,text,"""leaf2 -> pe1""",,"{""scope"": {""type"": ""NODE_PAIR"", ""src"": ""leaf2"", ""dst"": ""p3""}, ""metric"": ""traceroute_path"", ""snapshot"": ""LabA_Research_Institute_DC_10nodes""}",bd1a393,[]
TRACEROUTE_leaf3_p3,traceroute_path:4a9dfb3019,Reachability_Analysis,L4,172.16.3.2에서 10.0.0.3까지의 네트워크 경로(장비 순서)를 나열해주세요. [답변 형식: 화살표(→)로 구분된 장비이름 목록(IP 주소 아님)],OK,text,"""leaf3 -> pe2""",,"{""scope"": {""type"": ""NODE_PAIR"", ""src"": ""leaf3"", ""dst"": ""p3""}, ""metric"": ""traceroute_path"", ""snapshot"": ""LabA_Research_Institute_DC_10nodes""}",bd1a393,[]
TRACEROUTE_pe2_p2,traceroute_path:b626af9f4a,Reachability_Analysis,L4,10.0.1.3에서 10.0.0.1까지의 네트워크 경로(장비 순서)를 나열해주세요. [답변 형식: 화살표(→)로 구분된 장비이름 목록(IP 주소 아님)],OK,text,"""pe2 -> p3 -> p2""",,"{""scope"": {""type"": ""NODE_PAIR"", ""src"": ""pe2"", ""dst"": ""p2""}, ""metric"": ""traceroute_path"", ""snapshot"": ""LabA_Research_Institute_DC_10nodes""}",bd1a393,[]
TRACEROUTE_pe2_pe1,traceroute_path:fbdaca0318,Reachability_Analysis,L4,10.0.1.3에서 10.0.1.1까지의 네트워크 경로(장비 순서)를 나열해주세요. [답변 형식: 화살표(→)로 구분된 장비이름 목록(IP 주소 아님)],OK,text,"""pe2 -> p3 -> p2 -> pe1""",,"{""scope"": {""type"": ""NODE_PAIR"", ""src"": ""pe2"", ""dst"": ""pe1""}, ""metric"": ""traceroute_path"", ""snapshot"": ""LabA_Research_Institute_DC_10nodes""}",bd1a393,[]
TRACEROUTE_leaf3_p2,traceroute_path:cef5b3f499,Reachability_Analysis,L4,172.16.3.2에서 10.0.0.1까지의 네트워크 경로(장비 순서)를 나열해주세요. [답변 형식: 화살표(→)로 구분된 장비이름 목록(IP 주소 아님)],OK,text,"""leaf3 -> pe2""",,"{""scope"": {""type"": ""NODE_PAIR"", ""src"": ""leaf3"", ""dst"": ""p2""}, ""metric"": ""traceroute_path"", ""snapshot"": ""LabA_Research_Institute_DC_10nodes""}",bd1a393,[]
TRACEROUTE_leaf1_p1,traceroute_path:2ecc0b7be5,Reachability_Analysis,L4,172.16.1.2에서 10.0.0.0까지의 네트워크 경로(장비 순서)를 나열해주세요. [답변 형식: 화살표(→)로 구분된 장비이름 목록(IP 주소 아님)],OK,text,"""leaf1 -> pe1""",,"{""scope"": {""type"": ""NODE_PAIR"", ""src"": ""leaf1"", ""dst"": ""p1""}, ""metric"": ""traceroute_path"", ""snapshot"": ""LabA_Research_Institute_DC_10nodes""}",bd1a393,[]
TRACEROUTE_p1_leaf3,traceroute_path:cb0c9dd809,Reachability_Analysis,L4,10.0.0.0에서 172.16.3.2까지의 네트워크 경로(장비 순서)를 나열해주세요. [답변 형식: 화살표(→)로 구분된 장비이름 목록(IP 주소 아님)],OK,text,"""p1""",,"{""scope"": {""type"": ""NODE_PAIR"", ""src"": ""p1"", ""dst"": ""leaf3""}, ""metric"": ""traceroute_path"", ""snapshot"": ""LabA_Research_Institute_DC_10nodes""}",bd1a393,[]
TRACEROUTE_leaf1_pe1,traceroute_path:18efb59f18,Reachability_Analysis,L4,172.16.1.2에서 10.0.1.1까지의 네트워크 경로(장비 순서)를 나열해주세요. [답변 형식: 화살표(→)로 구분된 장비이름 목록(IP 주소 아님)],OK,text,"""leaf1 -> pe1""",,"{""scope"": {""type"": ""NODE_PAIR"", ""src"": ""leaf1"", ""dst"": ""pe1""}, ""metric"": ""traceroute_path"", ""snapshot"": ""LabA_Research_Institute_DC_10nodes""}",bd1a393,[]
TRACEROUTE_p4_p3,traceroute_path:9412aeec36,Reachability_Analysis,L4,10.0.0.5에서 10.0.0.3까지의 네트워크 경로(장비 순서)를 나열해주세요. [답변 형식: 화살표(→)로 구분된 장비이름 목록(IP 주소 아님)],OK,text,"""p4 -> p3""",,"{""scope"": {""type"": ""NODE_PAIR"", ""src"": ""p4"", ""dst"": ""p3""}, ""metric"": ""traceroute_path"", ""snapshot"": ""LabA_Research_Institute_DC_10nodes""}",bd1a393,[]
TRACEROUTE_leaf1_leaf3,traceroute_path:6e7d9f3688,Reachability_Analysis,L4,172.16.1.2에서 172.16.3.2까지의 네트워크 경로(장비 순서)를 나열해주세요. [답변 형식: 화살표(→)로 구분된 장비이름 목록(IP 주소 아님)],OK,text,"""leaf1 -> pe1""",,"{""scope"": {""type"": ""NODE_PAIR"", ""src"": ""leaf1"", ""dst"": ""leaf3""}, ""metric"": ""traceroute_path"", ""snapshot"": ""LabA_Research_Institute_DC_10nodes""}",bd1a393,[]
TRACEROUTE_leaf1_p3,traceroute_path:0d36366864,Reachability_Analysis,L4,172.16.1.2에서 10.0.0.3까지의 네트워크 경로(장비 순서)를 나열해주세요. [답변 형식: 화살표(→)로 구분된 장비이름 목록(IP 주소 아님)],OK,text,"""leaf1 -> pe1""",,"{""scope"": {""type"": ""NODE_PAIR"", ""src"": ""leaf1"", ""dst"": ""p3""}, ""metric"": ""traceroute_path"", ""snapshot"": ""LabA_Research_Institute_DC_10nodes""}",bd1a393,[]
TRACEROUTE_leaf2_leaf3,traceroute_path:b0c09408f5,Reachability_Analysis,L4,172.16.2.2에서 172.16.3.2까지의 네트워크 경로(장비 순서)를 나열해주세요. [답변 형식: 화살표(→)로 구분된 장비이름 목록(IP 주소 아님)],OK,text,"""leaf2 -> pe1""",,"{""scope"": {""type"": ""NODE_PAIR"", ""src"": ""leaf2"", ""dst"": ""leaf3""}, ""metric"": ""traceroute_path"", ""snapshot"": ""LabA_Research_Institute_DC_10nodes""}",bd1a393,[]
TRACEROUTE_leaf2_p2,traceroute_path:32c2b3028e,Reachability_Analysis,L4,172.16.2.2에서 10.0.0.1까지의 네트워크 경로(장비 순서)를 나열해주세요. [답변 형식: 화살표(→)로 구분된 장비이름 목록(IP 주소 아님)],OK,text,"""leaf2 -> pe1""",,"{""scope"": {""type"": ""NODE_PAIR"", ""src"": ""leaf2"", ""dst"": ""p2""}, ""metric"": ""traceroute_path"", ""snapshot"": ""LabA_Research_Institute_DC_10nodes""}",bd1a393,[]
TRACEROUTE_leaf4_p1,traceroute_path:2f25e1f7b7,Reachability_Analysis,L4,172.16.4.2에서 10.0.0.0까지의 네트워크 경로(장비 순서)를 나열해주세요. [답변 형식: 화살표(→)로 구분된 장비이름 목록(IP 주소 아님)],OK,text,"""leaf4 -> pe2""",,"{""scope"": {""type"": ""NODE_PAIR"", ""src"": ""leaf4"", ""dst"": ""p1""}, ""metric"": ""traceroute_path"", ""snapshot"": ""LabA_Research_Institute_DC_10nodes""}",bd1a393,[]
TRACEROUTE_leaf1_leaf4,traceroute_path:a841e885b9,Reachability_Analysis,L4,172.16.1.2에서 172.16.4.2까지의 네트워크 경로(장비 순서)를 나열해주세요. [답변 형식: 화살표(→)로 구분된 장비이름 목록(IP 주소 아님)],OK,text,"""leaf1 -> pe1""",,"{""scope"": {""type"": ""NODE_PAIR"", ""src"": ""leaf1"", ""dst"": ""leaf4""}, ""metric"": ""traceroute_path"", ""snapshot"": ""LabA_Research_Institute_DC_10nodes""}",bd1a393,[]
TRACEROUTE_leaf1_p2,traceroute_path:e3d845ce8f,Reachability_Analysis,L4,172.16.1.2에서 10.0.0.1까지의 네트워크 경로(장비 순서)를 나열해주세요. [답변 형식: 화살표(→)로 구분된 장비이름 목록(IP 주소 아님)],OK,text,"""leaf1 -> pe1""",,"{""scope"": {""type"": ""NODE_PAIR"", ""src"": ""leaf1"", ""dst"": ""p2""}, ""metric"": ""traceroute_path"", ""snapshot"": ""LabA_Research_Institute_DC_10nodes""}",bd1a393,[]
TRACEROUTE_pe1_p2,traceroute_path:9963f3154f,Reachability_Analysis,L4,10.0.1.1에서 10.0.0.1까지의 네트워크 경로(장비 순서)를 나열해주세요. [답변 형식: 화살표(→)로 구분된 장비이름 목록(IP 주소 아님)],OK,text,"""pe1 -> p2""",,"{""scope"": {""type"": ""NODE_PAIR"", ""src"": ""pe1"", ""dst"": ""p2""}, ""metric"": ""traceroute_path"", ""snapshot"": ""LabA_Research_Institute_DC_10nodes""}",bd1a393,[]
REACH_leaf2_p4_ICMP,reachability_status:e6e2ebaa08,Reachability_Analysis,L4,"172.16.2.2에서 10.0.0.5(0/ICMP)로의 트래픽 경로와 도달 여부를 알려주세요. [답변 형식: '경로: A → B → C, 도달: 가능' 또는 '경로: ..., 도달: 불가 (원인: NO_ROUTE, ACL_DENY, EXTERNAL 중 택1)']",OK,text,"""PATH: leaf2 -> pe1; REACHABLE: FALSE; REASON: NO_ROUTE""",,"{""scope"": {""type"": ""FLOW"", ""src_ip"": ""172.16.2.2"", ""dst_ip"": ""10.0.0.5""}, ""metric"": ""reachability_status"", ""snapshot"": ""LabA_Research_Institute_DC_10nodes""}",bd1a393,[]
REACH_p4_p3_ICMP,reachability_status:c4514d7c6a,Reachability_Analysis,L4,"10.0.0.5에서 10.0.0.3(0/ICMP)로의 트래픽 경로와 도달 여부를 알려주세요. [답변 형식: '경로: A → B → C, 도달: 가능' 또는 '경로: ..., 도달: 불가 (원인: NO_ROUTE, ACL_DENY, EXTERNAL 중 택1)']",OK,text,"""PATH: p4 -> p3; REACHABLE: TRUE""",,"{""scope"": {""type"": ""FLOW"", ""src_ip"": ""10.0.0.5"", ""dst_ip"": ""10.0.0.3""}, ""metric"": ""reachability_status"", ""snapshot"": ""LabA_Research_Institute_DC_10nodes""}",bd1a393,[]
REACH_leaf1_p4_TCP,reachability_status:7a5b81215a,Reachability_Analysis,L4,"172.16.1.2에서 10.0.0.5(22/TCP)로의 트래픽 경로와 도달 여부를 알려주세요. [답변 형식: '경로: A → B → C, 도달: 가능' 또는 '경로: ..., 도달: 불가 (원인: NO_ROUTE, ACL_DENY, EXTERNAL 중 택1)']",OK,text,"""PATH: leaf1 -> pe1; REACHABLE: FALSE; REASON: NO_ROUTE""",,"{""scope"": {""type"": ""FLOW"", ""src_ip"": ""172.16.1.2"", ""dst_ip"": ""10.0.0.5""}, ""metric"": ""reachability_status"", ""snapshot"": ""LabA_Research_Institute_DC_10nodes""}",bd1a393,[]
REACH_leaf1_pe2_ICMP,reachability_status:dd07488c7c,Reachability_Analysis,L4,"172.16.1.2에서 10.0.1.3(0/ICMP)로의 트래픽 경로와 도달 여부를 알려주세요. [답변 형식: '경로: A → B → C, 도달: 가능' 또는 '경로: ..., 도달: 불가 (원인: NO_ROUTE, ACL_DENY, EXTERNAL 중 택1)']",OK,text,"""PATH: leaf1 -> pe1; REACHABLE: FALSE; REASON: NO_ROUTE""",,"{""scope"": {""type"": ""FLOW"", ""src_ip"": ""172.16.1.2"", ""dst_ip"": ""10.0.1.3""}, ""metric"": ""reachability_status"", ""snapshot"": ""LabA_Research_Institute_DC_10nodes""}",bd1a393,[]
REACH_leaf2_pe1_TCP,reachability_status:42578730a4,Reachability_Analysis,L4,"172.16.2.2에서 10.0.1.1(22/TCP)로의 트래픽 경로와 도달 여부를 알려주세요. [답변 형식: '경로: A → B → C, 도달: 가능' 또는 '경로: ..., 도달: 불가 (원인: NO_ROUTE, ACL_DENY, EXTERNAL 중 택1)']",OK,text,"""PATH: leaf2 -> pe1; REACHABLE: FALSE; REASON: NO_ROUTE""",,"{""scope"": {""type"": ""FLOW"", ""src_ip"": ""172.16.2.2"", ""dst_ip"": ""10.0.1.1""}, ""metric"": ""reachability_status"", ""snapshot"": ""LabA_Research_Institute_DC_10nodes""}",bd1a393,[]
REACH_leaf1_p3_TCP,reachability_status:c6b1f2476b,Reachability_Analysis,L4,"172.16.1.2에서 10.0.0.3(22/TCP)로의 트래픽 경로와 도달 여부를 알려주세요. [답변 형식: '경로: A → B → C, 도달: 가능' 또는 '경로: ..., 도달: 불가 (원인: NO_ROUTE, ACL_DENY, EXTERNAL 중 택1)']",OK,text,"""PATH: leaf1 -> pe1; REACHABLE: FALSE; REASON: NO_ROUTE""",,"{""scope"": {""type"": ""FLOW"", ""src_ip"": ""172.16.1.2"", ""dst_ip"": ""10.0.0.3""}, ""metric"": ""reachability_status"", ""snapshot"": ""LabA_Research_Institute_DC_10nodes""}",bd1a393,[]
REACH_pe2_p2_ICMP,reachability_status:0fa621963a,Reachability_Analysis,L4,"10.0.1.3에서 10.0.0.1(0/ICMP)로의 트래픽 경로와 도달 여부를 알려주세요. [답변 형식: '경로: A → B → C, 도달: 가능' 또는 '경로: ..., 도달: 불가 (원인: NO_ROUTE, ACL_DENY, EXTERNAL 중 택1)']",OK,text,"""PATH: pe2 -> p3 -> p2; REACHABLE: TRUE""",,"{""scope"": {""type"": ""FLOW"", ""src_ip"": ""10.0.1.3"", ""dst_ip"": ""10.0.0.1""}, ""metric"": ""reachability_status"", ""snapshot"": ""LabA_Research_Institute_DC_10nodes""}",bd1a393,[]
REACH_p1_p4_ICMP,reachability_status:d700f217d3,Reachability_Analysis,L4,"10.0.0.0에서 10.0.0.5(0/ICMP)로의 트래픽 경로와 도달 여부를 알려주세요. [답변 형식: '경로: A → B → C, 도달: 가능' 또는 '경로: ..., 도달: 불가 (원인: NO_ROUTE, ACL_DENY, EXTERNAL 중 택1)']",OK,text,"""PATH: p1 -> p4; REACHABLE: TRUE""",,"{""scope"": {""type"": ""FLOW"", ""src_ip"": ""10.0.0.0"", ""dst_ip"": ""10.0.0.5""}, ""metric"": ""reachability_status"", ""snapshot"": ""LabA_Research_Institute_DC_10nodes""}",bd1a393,[]
REACH_leaf1_leaf2_TCP,reachability_status:826813344b,Reachability_Analysis,L4,"172.16.1.2에서 172.16.2.2(22/TCP)로의 트래픽 경로와 도달 여부를 알려주세요. [답변 형식: '경로: A → B → C, 도달: 가능' 또는 '경로: ..., 도달: 불가 (원인: NO_ROUTE, ACL_DENY, EXTERNAL 중 택1)']",OK,text,"""PATH: leaf1 -> pe1; REACHABLE: FALSE; REASON: NO_ROUTE""",,"{""scope"": {""type"": ""FLOW"", ""src_ip"": ""172.16.1.2"", ""dst_ip"": ""172.16.2.2""}, ""metric"": ""reachability_status"", ""snapshot"": ""LabA_Research_Institute_DC_10nodes""}",bd1a393,[]
REACH_leaf2_leaf4_ICMP,reachability_status:4c96a17053,Reachability_Analysis,L4,"172.16.2.2에서 172.16.4.2(0/ICMP)로의 트래픽 경로와 도달 여부를 알려주세요. [답변 형식: '경로: A → B → C, 도달: 가능' 또는 '경로: ..., 도달: 불가 (원인: NO_ROUTE, ACL_DENY, EXTERNAL 중 택1)']",OK,text,"""PATH: leaf2 -> pe1; REACHABLE: FALSE; REASON: NO_ROUTE""",,"{""scope"": {""type"": ""FLOW"", ""src_ip"": ""172.16.2.2"", ""dst_ip"": ""172.16.4.2""}, ""metric"": ""reachability_status"", ""snapshot"": ""LabA_Research_Institute_DC_10nodes""}",bd1a393,[]
REACH_p1_leaf3_ICMP,reachability_status:68bd5f82d6,Reachability_Analysis,L4,"10.0.0.0에서 172.16.3.2(0/ICMP)로의 트래픽 경로와 도달 여부를 알려주세요. [답변 형식: '경로: A → B → C, 도달: 가능' 또는 '경로: ..., 도달: 불가 (원인: NO_ROUTE, ACL_DENY, EXTERNAL 중 택1)']",OK,text,"""PATH: p1; REACHABLE: FALSE; REASON: EXTERNAL""",,"{""scope"": {""type"": ""FLOW"", ""src_ip"": ""10.0.0.0"", ""dst_ip"": ""172.16.3.2""}, ""metric"": ""reachability_status"", ""snapshot"": ""LabA_Research_Institute_DC_10nodes""}",bd1a393,[]
REACH_p4_pe1_ICMP,reachability_status:e7d25b9477,Reachability_Analysis,L4,"10.0.0.5에서 10.0.1.1(0/ICMP)로의 트래픽 경로와 도달 여부를 알려주세요. [답변 형식: '경로: A → B → C, 도달: 가능' 또는 '경로: ..., 도달: 불가 (원인: NO_ROUTE, ACL_DENY, EXTERNAL 중 택1)']",OK,text,"""PATH: p4 -> p3 -> p2 -> pe1; REACHABLE: TRUE""",,"{""scope"": {""type"": ""FLOW"", ""src_ip"": ""10.0.0.5"", ""dst_ip"": ""10.0.1.1""}, ""metric"": ""reachability_status"", ""snapshot"": ""LabA_Research_Institute_DC_10nodes""}",bd1a393,[]
REACH_leaf1_pe1_ICMP,reachability_status:9b06e7eed4,Reachability_Analysis,L4,"172.16.1.2에서 10.0.1.1(0/ICMP)로의 트래픽 경로와 도달 여부를 알려주세요. [답변 형식: '경로: A → B → C, 도달: 가능' 또는 '경로: ..., 도달: 불가 (원인: NO_ROUTE, ACL_DENY, EXTERNAL 중 택1)']",OK,text,"""PATH: leaf1 -> pe1; REACHABLE: FALSE; REASON: NO_ROUTE""",,"{""scope"": {""type"": ""FLOW"", ""src_ip"": ""172.16.1.2"", ""dst_ip"": ""10.0.1.1""}, ""metric"": ""reachability_status"", ""snapshot"": ""LabA_Research_Institute_DC_10nodes""}",bd1a393,[]
REACH_leaf2_leaf3_TCP,reachability_status:120b25ae66,Reachability_Analysis,L4,"172.16.2.2에서 172.16.3.2(22/TCP)로의 트래픽 경로와 도달 여부를 알려주세요. [답변 형식: '경로: A → B → C, 도달: 가능' 또는 '경로: ..., 도달: 불가 (원인: NO_ROUTE, ACL_DENY, EXTERNAL 중 택1)']",OK,text,"""PATH: leaf2 -> pe1; REACHABLE: FALSE; REASON: NO_ROUTE""",,"{""scope"": {""type"": ""FLOW"", ""src_ip"": ""172.16.2.2"", ""dst_ip"": ""172.16.3.2""}, ""metric"": ""reachability_status"", ""snapshot"": ""LabA_Research_Institute_DC_10nodes""}",bd1a393,[]
REACH_leaf2_p2_ICMP,reachability_status:678a085a72,Reachability_Analysis,L4,"172.16.2.2에서 10.0.0.1(0/ICMP)로의 트래픽 경로와 도달 여부를 알려주세요. [답변 형식: '경로: A → B → C, 도달: 가능' 또는 '경로: ..., 도달: 불가 (원인: NO_ROUTE, ACL_DENY, EXTERNAL 중 택1)']",OK,text,"""PATH: leaf2 -> pe1; REACHABLE: FALSE; REASON: NO_ROUTE""",,"{""scope"": {""type"": ""FLOW"", ""src_ip"": ""172.16.2.2"", ""dst_ip"": ""10.0.0.1""}, ""metric"": ""reachability_status"", ""snapshot"": ""LabA_Research_Institute_DC_10nodes""}",bd1a393,[]
REACH_p4_leaf3_TCP,reachability_status:1c6b9e0030,Reachability_Analysis,L4,"10.0.0.5에서 172.16.3.2(22/TCP)로의 트래픽 경로와 도달 여부를 알려주세요. [답변 형식: '경로: A → B → C, 도달: 가능' 또는 '경로: ..., 도달: 불가 (원인: NO_ROUTE, ACL_DENY, EXTERNAL 중 택1)']",OK,text,"""PATH: p4; REACHABLE: FALSE; REASON: EXTERNAL""",,"{""scope"": {""type"": ""FLOW"", ""src_ip"": ""10.0.0.5"", ""dst_ip"": ""172.16.3.2""}, ""metric"": ""reachability_status"", ""snapshot"": ""LabA_Research_Institute_DC_10nodes""}",bd1a393,[]
REACH_leaf2_p1_ICMP,reachability_status:1b2e86ecdd,Reachability_Analysis,L4,"172.16.2.2에서 10.0.0.0(0/ICMP)로의 트래픽 경로와 도달 여부를 알려주세요. [답변 형식: '경로: A → B → C, 도달: 가능' 또는 '경로: ..., 도달: 불가 (원인: NO_ROUTE, ACL_DENY, EXTERNAL 중 택1)']",OK,text,"""PATH: leaf2 -> pe1; REACHABLE: FALSE; REASON: NO_ROUTE""",,"{""scope"": {""type"": ""FLOW"", ""src_ip"": ""172.16.2.2"", ""dst_ip"": ""10.0.0.0""}, ""metric"": ""reachability_status"", ""snapshot"": ""LabA_Research_Institute_DC_10nodes""}",bd1a393,[]
REACH_p4_p2_ICMP,reachability_status:4700b73756,Reachability_Analysis,L4,"10.0.0.5에서 10.0.0.1(0/ICMP)로의 트래픽 경로와 도달 여부를 알려주세요. [답변 형식: '경로: A → B → C, 도달: 가능' 또는 '경로: ..., 도달: 불가 (원인: NO_ROUTE, ACL_DENY, EXTERNAL 중 택1)']",OK,text,"""PATH: p4 -> p1 -> p2; REACHABLE: TRUE""",,"{""scope"": {""type"": ""FLOW"", ""src_ip"": ""10.0.0.5"", ""dst_ip"": ""10.0.0.1""}, ""metric"": ""reachability_status"", ""snapshot"": ""LabA_Research_Institute_DC_10nodes""}",bd1a393,[]
REACH_leaf4_p4_TCP,reachability_status:4ebade2d12,Reachability_Analysis,L4,"172.16.4.2에서 10.0.0.5(22/TCP)로의 트래픽 경로와 도달 여부를 알려주세요. [답변 형식: '경로: A → B → C, 도달: 가능' 또는 '경로: ..., 도달: 불가 (원인: NO_ROUTE, ACL_DENY, EXTERNAL 중 택1)']",OK,text,"""PATH: leaf4 -> pe2; REACHABLE: FALSE; REASON: NO_ROUTE""",,"{""scope"": {""type"": ""FLOW"", ""src_ip"": ""172.16.4.2"", ""dst_ip"": ""10.0.0.5""}, ""metric"": ""reachability_status"", ""snapshot"": ""LabA_Research_Institute_DC_10nodes""}",bd1a393,[]
REACH_pe2_p3_TCP,reachability_status:97d9707463,Reachability_Analysis,L4,"10.0.1.3에서 10.0.0.3(22/TCP)로의 트래픽 경로와 도달 여부를 알려주세요. [답변 형식: '경로: A → B → C, 도달: 가능' 또는 '경로: ..., 도달: 불가 (원인: NO_ROUTE, ACL_DENY, EXTERNAL 중 택1)']",OK,text,"""PATH: pe2 -> p3; REACHABLE: TRUE""",,"{""scope"": {""type"": ""FLOW"", ""src_ip"": ""10.0.1.3"", ""dst_ip"": ""10.0.0.3""}, ""metric"": ""reachability_status"", ""snapshot"": ""LabA_Research_Institute_DC_10nodes""}",bd1a393,[]
REACH_p1_pe1_TCP,reachability_status:a7793b5b51,Reachability_Analysis,L4,"10.0.0.0에서 10.0.1.1(22/TCP)로의 트래픽 경로와 도달 여부를 알려주세요. [답변 형식: '경로: A → B → C, 도달: 가능' 또는 '경로: ..., 도달: 불가 (원인: NO_ROUTE, ACL_DENY, EXTERNAL 중 택1)']",OK,text,"""PATH: p1 -> p2 -> pe1; REACHABLE: TRUE""",,"{""scope"": {""type"": ""FLOW"", ""src_ip"": ""10.0.0.0"", ""dst_ip"": ""10.0.1.1""}, ""metric"": ""reachability_status"", ""snapshot"": ""LabA_Research_Institute_DC_10nodes""}",bd1a393,[]
REACH_leaf4_pe2_ICMP,reachability_status:86a8e51e4f,Reachability_Analysis,L4,"172.16.4.2에서 10.0.1.3(0/ICMP)로의 트래픽 경로와 도달 여부를 알려주세요. [답변 형식: '경로: A → B → C, 도달: 가능' 또는 '경로: ..., 도달: 불가 (원인: NO_ROUTE, ACL_DENY, EXTERNAL 중 택1)']",OK,text,"""PATH: leaf4 -> pe2; REACHABLE: FALSE; REASON: NO_ROUTE""",,"{""scope"": {""type"": ""FLOW"", ""src_ip"": ""172.16.4.2"", ""dst_ip"": ""10.0.1.3""}, ""metric"": ""reachability_status"", ""snapshot"": ""LabA_Research_Institute_DC_10nodes""}",bd1a393,[]
REACH_pe1_p3_ICMP,reachability_status:52b900e1be,Reachability_Analysis,L4,"10.0.1.1에서 10.0.0.3(0/ICMP)로의 트래픽 경로와 도달 여부를 알려주세요. [답변 형식: '경로: A → B → C, 도달: 가능' 또는 '경로: ..., 도달: 불가 (원인: NO_ROUTE, ACL_DENY, EXTERNAL 중 택1)']",OK,text,"""PATH: pe1 -> p2 -> p3; REACHABLE: TRUE""",,"{""scope"": {""type"": ""FLOW"", ""src_ip"": ""10.0.1.1"", ""dst_ip"": ""10.0.0.3""}, ""metric"": ""reachability_status"", ""snapshot"": ""LabA_Research_Institute_DC_10nodes""}",bd1a393,[]
REACH_p1_pe2_TCP,reachability_status:c1376ac1fb,Reachability_Analysis,L4,"10.0.0.0에서 10.0.1.3(22/TCP)로의 트래픽 경로와 도달 여부를 알려주세요. [답변 형식: '경로: A → B → C, 도달: 가능' 또는 '경로: ..., 도달: 불가 (원인: NO_ROUTE, ACL_DENY, EXTERNAL 중 택1)']",OK,text,"""PATH: p1 -> p2 -> p3 -> pe2; REACHABLE: TRUE""",,"{""scope"": {""type"": ""FLOW"", ""src_ip"": ""10.0.0.0"", ""dst_ip"": ""10.0.1.3""}, ""metric"": ""reachability_status"", ""snapshot"": ""LabA_Research_Institute_DC_10nodes""}",bd1a393,[]
LOOP_DETECTION_GLOBAL,loop_detection:566d4b6821,Reachability_Analysis,L4,네트워크에 포워딩 루프가 존재합니까? [답변 형식: 'NONE' 또는 'Found: A→B→C→A'],OK,text,"""NONE""",,"{""scope"": {""type"": ""GLOBAL""}, ""metric"": ""loop_detection"", ""snapshot"": ""LabA_Research_Institute_DC_10nodes""}",bd1a393,[]
ACL_BLOCKING_leaf4_leaf3,acl_blocking_point:ec1d815c3f,Security_Analysis,L4,172.16.4.2에서 172.16.3.2로 트래픽이 차단된다면 차단 지점을 알려주세요. [답변 형식: 차단 장비명 또는 'ALLOWED'],OK,text,"""ALLOWED""",,"{""scope"": {""type"": ""FLOW"", ""src_ip"": ""172.16.4.2"", ""dst_ip"": ""172.16.3.2""}, ""metric"": ""acl_blocking_point"", ""snapshot"": ""LabA_Research_Institute_DC_10nodes""}",bd1a393,[]
ACL_BLOCKING_leaf4_p2,acl_blocking_point:6e53d585d3,Security_Analysis,L4,172.16.4.2에서 10.0.0.1로 트래픽이 차단된다면 차단 지점을 알려주세요. [답변 형식: 차단 장비명 또는 'ALLOWED'],OK,text,"""ALLOWED""",,"{""scope"": {""type"": ""FLOW"", ""src_ip"": ""172.16.4.2"", ""dst_ip"": ""10.0.0.1""}, ""metric"": ""acl_blocking_point"", ""snapshot"": ""LabA_Research_Institute_DC_10nodes""}",bd1a393,[]
ACL_BLOCKING_leaf4_pe2,acl_blocking_point:86a8e51e4f,Security_Analysis,L4,172.16.4.2에서 10.0.1.3로 트래픽이 차단된다면 차단 지점을 알려주세요. [답변 형식: 차단 장비명 또는 'ALLOWED'],OK,text,"""ALLOWED""",,"{""scope"": {""type"": ""FLOW"", ""src_ip"": ""172.16.4.2"", ""dst_ip"": ""10.0.1.3""}, ""metric"": ""acl_blocking_point"", ""snapshot"": ""LabA_Research_Institute_DC_10nodes""}",bd1a393,[]
ACL_BLOCKING_leaf3_p3,acl_blocking_point:5fc019d2d3,Security_Analysis,L4,172.16.3.2에서 10.0.0.3로 트래픽이 차단된다면 차단 지점을 알려주세요. [답변 형식: 차단 장비명 또는 'ALLOWED'],OK,text,"""ALLOWED""",,"{""scope"": {""type"": ""FLOW"", ""src_ip"": ""172.16.3.2"", ""dst_ip"": ""10.0.0.3""}, ""metric"": ""acl_blocking_point"", ""snapshot"": ""LabA_Research_Institute_DC_10nodes""}",bd1a393,[]
ACL_BLOCKING_leaf1_p4,acl_blocking_point:7a5b81215a,Security_Analysis,L4,172.16.1.2에서 10.0.0.5로 트래픽이 차단된다면 차단 지점을 알려주세요. [답변 형식: 차단 장비명 또는 'ALLOWED'],OK,text,"""ALLOWED""",,"{""scope"": {""type"": ""FLOW"", ""src_ip"": ""172.16.1.2"", ""dst_ip"": ""10.0.0.5""}, ""metric"": ""acl_blocking_point"", ""snapshot"": ""LabA_Research_Institute_DC_10nodes""}",bd1a393,[]
ACL_BLOCKING_leaf2_leaf4,acl_blocking_point:4c96a17053,Security_Analysis,L4,172.16.2.2에서 172.16.4.2로 트래픽이 차단된다면 차단 지점을 알려주세요. [답변 형식: 차단 장비명 또는 'ALLOWED'],OK,text,"""ALLOWED""",,"{""scope"": {""type"": ""FLOW"", ""src_ip"": ""172.16.2.2"", ""dst_ip"": ""172.16.4.2""}, ""metric"": ""acl_blocking_point"", ""snapshot"": ""LabA_Research_Institute_DC_10nodes""}",bd1a393,[]
ACL_BLOCKING_p1_p2,acl_blocking_point:ede1459840,Security_Analysis,L4,10.0.0.0에서 10.0.0.1로 트래픽이 차단된다면 차단 지점을 알려주세요. [답변 형식: 차단 장비명 또는 'ALLOWED'],OK,text,"""ALLOWED""",,"{""scope"": {""type"": ""FLOW"", ""src_ip"": ""10.0.0.0"", ""dst_ip"": ""10.0.0.1""}, ""metric"": ""acl_blocking_point"", ""snapshot"": ""LabA_Research_Institute_DC_10nodes""}",bd1a393,[]
ACL_BLOCKING_p4_p2,acl_blocking_point:4700b73756,Security_Analysis,L4,10.0.0.5에서 10.0.0.1로 트래픽이 차단된다면 차단 지점을 알려주세요. [답변 형식: 차단 장비명 또는 'ALLOWED'],OK,text,"""ALLOWED""",,"{""scope"": {""type"": ""FLOW"", ""src_ip"": ""10.0.0.5"", ""dst_ip"": ""10.0.0.1""}, ""metric"": ""acl_blocking_point"", ""snapshot"": ""LabA_Research_Institute_DC_10nodes""}",bd1a393,[]
ACL_BLOCKING_leaf2_leaf3,acl_blocking_point:120b25ae66,Security_Analysis,L4,172.16.2.2에서 172.16.3.2로 트래픽이 차단된다면 차단 지점을 알려주세요. [답변 형식: 차단 장비명 또는 'ALLOWED'],OK,text,"""ALLOWED""",,"{""scope"": {""type"": ""FLOW"", ""src_ip"": ""172.16.2.2"", ""dst_ip"": ""172.16.3.2""}, ""metric"": ""acl_blocking_point"", ""snapshot"": ""LabA_Research_Institute_DC_10nodes""}",bd1a393,[]
BOUNDED_PATH_leaf4_p4,bounded_path_length:f7cfd4552b,Reachability_Analysis,L4,leaf4에서 10.0.0.5로 가는 경로의 홉 수는 몇 개입니까? [답변 형식: 숫자],OK,number,2,,"{""scope"": {""type"": ""NODE_PAIR"", ""src"": ""leaf4"", ""dst"": ""p4""}, ""metric"": ""bounded_path_length"", ""snapshot"": ""LabA_Research_Institute_DC_10nodes""}",bd1a393,[]
BOUNDED_PATH_leaf2_leaf4,bounded_path_length:206c768141,Reachability_Analysis,L4,leaf2에서 172.16.4.2로 가는 경로의 홉 수는 몇 개입니까? [답변 형식: 숫자],OK,number,2,,"{""scope"": {""type"": ""NODE_PAIR"", ""src"": ""leaf2"", ""dst"": ""leaf4""}, ""metric"": ""bounded_path_length"", ""snapshot"": ""LabA_Research_Institute_DC_10nodes""}",bd1a393,[]
BOUNDED_PATH_p1_p3,bounded_path_length:85077ea73e,Reachability_Analysis,L4,p1에서 10.0.0.3로 가는 경로의 홉 수는 몇 개입니까? [답변 형식: 숫자],OK,number,3,,"{""scope"": {""type"": ""NODE_PAIR"", ""src"": ""p1"", ""dst"": ""p3""}, ""metric"": ""bounded_path_length"", ""snapshot"": ""LabA_Research_Institute_DC_10nodes""}",bd1a393,[]
BOUNDED_PATH_leaf1_pe1,bounded_path_length:18efb59f18,Reachability_Analysis,L4,leaf1에서 10.0.1.1로 가는 경로의 홉 수는 몇 개입니까? [답변 형식: 숫자],OK,number,2,,"{""scope"": {""type"": ""NODE_PAIR"", ""src"": ""leaf1"", ""dst"": ""pe1""}, ""metric"": ""bounded_path_length"", ""snapshot"": ""LabA_Research_Institute_DC_10nodes""}",bd1a393,[]
BOUNDED_PATH_p1_p2,bounded_path_length:820e23e546,Reachability_Analysis,L4,p1에서 10.0.0.1로 가는 경로의 홉 수는 몇 개입니까? [답변 형식: 숫자],OK,number,2,,"{""scope"": {""type"": ""NODE_PAIR"", ""src"": ""p1"", ""dst"": ""p2""}, ""metric"": ""bounded_path_length"", ""snapshot"": ""LabA_Research_Institute_DC_10nodes""}",bd1a393,[]
BOUNDED_PATH_leaf1_leaf2,bounded_path_length:dcc1e8bce1,Reachability_Analysis,L4,leaf1에서 172.16.2.2로 가는 경로의 홉 수는 몇 개입니까? [답변 형식: 숫자],OK,number,2,,"{""scope"": {""type"": ""NODE_PAIR"", ""src"": ""leaf1"", ""dst"": ""leaf2""}, ""metric"": ""bounded_path_length"", ""snapshot"": ""LabA_Research_Institute_DC_10nodes""}",bd1a393,[]
BOUNDED_PATH_p4_pe1,bounded_path_length:78632978ee,Reachability_Analysis,L4,p4에서 10.0.1.1로 가는 경로의 홉 수는 몇 개입니까? [답변 형식: 숫자],OK,number,4,,"{""scope"": {""type"": ""NODE_PAIR"", ""src"": ""p4"", ""dst"": ""pe1""}, ""metric"": ""bounded_path_length"", ""snapshot"": ""LabA_Research_Institute_DC_10nodes""}",bd1a393,[]
BOUNDED_PATH_leaf4_pe2,bounded_path_length:f63f1a1aec,Reachability_Analysis,L4,leaf4에서 10.0.1.3로 가는 경로의 홉 수는 몇 개입니까? [답변 형식: 숫자],OK,number,2,,"{""scope"": {""type"": ""NODE_PAIR"", ""src"": ""leaf4"", ""dst"": ""pe2""}, ""metric"": ""bounded_path_length"", ""snapshot"": ""LabA_Research_Institute_DC_10nodes""}",bd1a393,[]
BOUNDED_PATH_leaf1_pe2,bounded_path_length:7964e34ebc,Reachability_Analysis,L4,leaf1에서 10.0.1.3로 가는 경로의 홉 수는 몇 개입니까? [답변 형식: 숫자],OK,number,2,,"{""scope"": {""type"": ""NODE_PAIR"", ""src"": ""leaf1"", ""dst"": ""pe2""}, ""metric"": ""bounded_path_length"", ""snapshot"": ""LabA_Research_Institute_DC_10nodes""}",bd1a393,[]
BOUNDED_PATH_leaf2_p4,bounded_path_length:005bb01dd2,Reachability_Analysis,L4,leaf2에서 10.0.0.5로 가는 경로의 홉 수는 몇 개입니까? [답변 형식: 숫자],OK,number,2,,"{""scope"": {""type"": ""NODE_PAIR"", ""src"": ""leaf2"", ""dst"": ""p4""}, ""metric"": ""bounded_path_length"", ""snapshot"": ""LabA_Research_Institute_DC_10nodes""}",bd1a393,[]
BOUNDED_PATH_pe2_p3,bounded_path_length:d74eb314f5,Reachability_Analysis,L4,pe2에서 10.0.0.3로 가는 경로의 홉 수는 몇 개입니까? [답변 형식: 숫자],OK,number,2,,"{""scope"": {""type"": ""NODE_PAIR"", ""src"": ""pe2"", ""dst"": ""p3""}, ""metric"": ""bounded_path_length"", ""snapshot"": ""LabA_Research_Institute_DC_10nodes""}",bd1a393,[]
BOUNDED_PATH_leaf1_p1,bounded_path_length:2ecc0b7be5,Reachability_Analysis,L4,leaf1에서 10.0.0.0로 가는 경로의 홉 수는 몇 개입니까? [답변 형식: 숫자],OK,number,2,,"{""scope"": {""type"": ""NODE_PAIR"", ""src"": ""leaf1"", ""dst"": ""p1""}, ""metric"": ""bounded_path_length"", ""snapshot"": ""LabA_Research_Institute_DC_10nodes""}",bd1a393,[]
BOUNDED_PATH_leaf2_p3,bounded_path_length:04e4b8026d,Reachability_Analysis,L4,leaf2에서 10.0.0.3로 가는 경로의 홉 수는 몇 개입니까? [답변 형식: 숫자],OK,number,2,,"{""scope"": {""type"": ""NODE_PAIR"", ""src"": ""leaf2"", ""dst"": ""p3""}, ""metric"": ""bounded_path_length"", ""snapshot"": ""LabA_Research_Institute_DC_10nodes""}",bd1a393,[]
BOUNDED_PATH_leaf3_p2,bounded_path_length:cef5b3f499,Reachability_Analysis,L4,leaf3에서 10.0.0.1로 가는 경로의 홉 수는 몇 개입니까? [답변 형식: 숫자],OK,number,2,,"{""scope"": {""type"": ""NODE_PAIR"", ""src"": ""leaf3"", ""dst"": ""p2""}, ""metric"": ""bounded_path_length"", ""snapshot"": ""LabA_Research_Institute_DC_10nodes""}",bd1a393,[]
BOUNDED_PATH_leaf4_p1,bounded_path_length:2f25e1f7b7,Reachability_Analysis,L4,leaf4에서 10.0.0.0로 가는 경로의 홉 수는 몇 개입니까? [답변 형식: 숫자],OK,number,2,,"{""scope"": {""type"": ""NODE_PAIR"", ""src"": ""leaf4"", ""dst"": ""p1""}, ""metric"": ""bounded_path_length"", ""snapshot"": ""LabA_Research_Institute_DC_10nodes""}",bd1a393,[]
BOUNDED_PATH_p4_p2,bounded_path_length:671ab3f535,Reachability_Analysis,L4,p4에서 10.0.0.1로 가는 경로의 홉 수는 몇 개입니까? [답변 형식: 숫자],OK,number,3,,"{""scope"": {""type"": ""NODE_PAIR"", ""src"": ""p4"", ""dst"": ""p2""}, ""metric"": ""bounded_path_length"", ""snapshot"": ""LabA_Research_Institute_DC_10nodes""}",bd1a393,[]
BOUNDED_PATH_leaf1_p2,bounded_path_length:e3d845ce8f,Reachability_Analysis,L4,leaf1에서 10.0.0.1로 가는 경로의 홉 수는 몇 개입니까? [답변 형식: 숫자],OK,number,2,,"{""scope"": {""type"": ""NODE_PAIR"", ""src"": ""leaf1"", ""dst"": ""p2""}, ""metric"": ""bounded_path_length"", ""snapshot"": ""LabA_Research_Institute_DC_10nodes""}",bd1a393,[]
BOUNDED_PATH_p1_p4,bounded_path_length:a4b3456479,Reachability_Analysis,L4,p1에서 10.0.0.5로 가는 경로의 홉 수는 몇 개입니까? [답변 형식: 숫자],OK,number,2,,"{""scope"": {""type"": ""NODE_PAIR"", ""src"": ""p1"", ""dst"": ""p4""}, ""metric"": ""bounded_path_length"", ""snapshot"": ""LabA_Research_Institute_DC_10nodes""}",bd1a393,[]
BOUNDED_PATH_leaf2_p1,bounded_path_length:d622841e18,Reachability_Analysis,L4,leaf2에서 10.0.0.0로 가는 경로의 홉 수는 몇 개입니까? [답변 형식: 숫자],OK,number,2,,"{""scope"": {""type"": ""NODE_PAIR"", ""src"": ""leaf2"", ""dst"": ""p1""}, ""metric"": ""bounded_path_length"", ""snapshot"": ""LabA_Research_Institute_DC_10nodes""}",bd1a393,[]
BOUNDED_PATH_pe2_pe1,bounded_path_length:fbdaca0318,Reachability_Analysis,L4,pe2에서 10.0.1.1로 가는 경로의 홉 수는 몇 개입니까? [답변 형식: 숫자],OK,number,4,,"{""scope"": {""type"": ""NODE_PAIR"", ""src"": ""pe2"", ""dst"": ""pe1""}, ""metric"": ""bounded_path_length"", ""snapshot"": ""LabA_Research_Institute_DC_10nodes""}",bd1a393,[]
BOUNDED_PATH_p1_pe2,bounded_path_length:6744d92ed6,Reachability_Analysis,L4,p1에서 10.0.1.3로 가는 경로의 홉 수는 몇 개입니까? [답변 형식: 숫자],OK,number,4,,"{""scope"": {""type"": ""NODE_PAIR"", ""src"": ""p1"", ""dst"": ""pe2""}, ""metric"": ""bounded_path_length"", ""snapshot"": ""LabA_Research_Institute_DC_10nodes""}",bd1a393,[]
BOUNDED_PATH_leaf1_p4,bounded_path_length:7286e34e9e,Reachability_Analysis,L4,leaf1에서 10.0.0.5로 가는 경로의 홉 수는 몇 개입니까? [답변 형식: 숫자],OK,number,2,,"{""scope"": {""type"": ""NODE_PAIR"", ""src"": ""leaf1"", ""dst"": ""p4""}, ""metric"": ""bounded_path_length"", ""snapshot"": ""LabA_Research_Institute_DC_10nodes""}",bd1a393,[]
BOUNDED_PATH_pe1_p2,bounded_path_length:9963f3154f,Reachability_Analysis,L4,pe1에서 10.0.0.1로 가는 경로의 홉 수는 몇 개입니까? [답변 형식: 숫자],OK,number,2,,"{""scope"": {""type"": ""NODE_PAIR"", ""src"": ""pe1"", ""dst"": ""p2""}, ""metric"": ""bounded_path_length"", ""snapshot"": ""LabA_Research_Institute_DC_10nodes""}",bd1a393,[]
BOUNDED_PATH_leaf4_pe1,bounded_path_length:18b9916ffa,Reachability_Analysis,L4,leaf4에서 10.0.1.1로 가는 경로의 홉 수는 몇 개입니까? [답변 형식: 숫자],OK,number,2,,"{""scope"": {""type"": ""NODE_PAIR"", ""src"": ""leaf4"", ""dst"": ""pe1""}, ""metric"": ""bounded_path_length"", ""snapshot"": ""LabA_Research_Institute_DC_10nodes""}",bd1a393,[]
BOUNDED_PATH_leaf4_leaf3,bounded_path_length:85cf0a193c,Reachability_Analysis,L4,leaf4에서 172.16.3.2로 가는 경로의 홉 수는 몇 개입니까? [답변 형식: 숫자],OK,number,2,,"{""scope"": {""type"": ""NODE_PAIR"", ""src"": ""leaf4"", ""dst"": ""leaf3""}, ""metric"": ""bounded_path_length"", ""snapshot"": ""LabA_Research_Institute_DC_10nodes""}",bd1a393,[]
BOUNDED_PATH_leaf1_leaf4,bounded_path_length:a841e885b9,Reachability_Analysis,L4,leaf1에서 172.16.4.2로 가는 경로의 홉 수는 몇 개입니까? [답변 형식: 숫자],OK,number,2,,"{""scope"": {""type"": ""NODE_PAIR"", ""src"": ""leaf1"", ""dst"": ""leaf4""}, ""metric"": ""bounded_path_length"", ""snapshot"": ""LabA_Research_Institute_DC_10nodes""}",bd1a393,[]
BOUNDED_PATH_leaf4_p3,bounded_path_length:aeabb6b8ee,Reachability_Analysis,L4,leaf4에서 10.0.0.3로 가는 경로의 홉 수는 몇 개입니까? [답변 형식: 숫자],OK,number,2,,"{""scope"": {""type"": ""NODE_PAIR"", ""src"": ""leaf4"", ""dst"": ""p3""}, ""metric"": ""bounded_path_length"", ""snapshot"": ""LabA_Research_Institute_DC_10nodes""}",bd1a393,[]
BOUNDED_PATH_p4_leaf3,bounded_path_length:3fa7c5cc3e,Reachability_Analysis,L4,p4에서 172.16.3.2로 가는 경로의 홉 수는 몇 개입니까? [답변 형식: 숫자],OK,number,1,,"{""scope"": {""type"": ""NODE_PAIR"", ""src"": ""p4"", ""dst"": ""leaf3""}, ""metric"": ""bounded_path_length"", ""snapshot"": ""LabA_Research_Institute_DC_10nodes""}",bd1a393,[]
BOUNDED_PATH_leaf2_leaf3,bounded_path_length:b0c09408f5,Reachability_Analysis,L4,leaf2에서 172.16.3.2로 가는 경로의 홉 수는 몇 개입니까? [답변 형식: 숫자],OK,number,2,,"{""scope"": {""type"": ""NODE_PAIR"", ""src"": ""leaf2"", ""dst"": ""leaf3""}, ""metric"": ""bounded_path_length"", ""snapshot"": ""LabA_Research_Institute_DC_10nodes""}",bd1a393,[]
BOUNDED_PATH_pe2_p2,bounded_path_length:b626af9f4a,Reachability_Analysis,L4,pe2에서 10.0.0.1로 가는 경로의 홉 수는 몇 개입니까? [답변 형식: 숫자],OK,number,3,,"{""scope"": {""type"": ""NODE_PAIR"", ""src"": ""pe2"", ""dst"": ""p2""}, ""metric"": ""bounded_path_length"", ""snapshot"": ""LabA_Research_Institute_DC_10nodes""}",bd1a393,[]
BOUNDED_PATH_p2_p3,bounded_path_length:30226e2aad,Reachability_Analysis,L4,p2에서 10.0.0.3로 가는 경로의 홉 수는 몇 개입니까? [답변 형식: 숫자],OK,number,2,,"{""scope"": {""type"": ""NODE_PAIR"", ""src"": ""p2"", ""dst"": ""p3""}, ""metric"": ""bounded_path_length"", ""snapshot"": ""LabA_Research_Institute_DC_10nodes""}",bd1a393,[]
BOUNDED_PATH_leaf4_p2,bounded_path_length:1f4e7172ba,Reachability_Analysis,L4,leaf4에서 10.0.0.1로 가는 경로의 홉 수는 몇 개입니까? [답변 형식: 숫자],OK,number,2,,"{""scope"": {""type"": ""NODE_PAIR"", ""src"": ""leaf4"", ""dst"": ""p2""}, ""metric"": ""bounded_path_length"", ""snapshot"": ""LabA_Research_Institute_DC_10nodes""}",bd1a393,[]
BOUNDED_PATH_p1_leaf3,bounded_path_length:cb0c9dd809,Reachability_Analysis,L4,p1에서 172.16.3.2로 가는 경로의 홉 수는 몇 개입니까? [답변 형식: 숫자],OK,number,1,,"{""scope"": {""type"": ""NODE_PAIR"", ""src"": ""p1"", ""dst"": ""leaf3""}, ""metric"": ""bounded_path_length"", ""snapshot"": ""LabA_Research_Institute_DC_10nodes""}",bd1a393,[]
BOUNDED_PATH_leaf3_p3,bounded_path_length:4a9dfb3019,Reachability_Analysis,L4,leaf3에서 10.0.0.3로 가는 경로의 홉 수는 몇 개입니까? [답변 형식: 숫자],OK,number,2,,"{""scope"": {""type"": ""NODE_PAIR"", ""src"": ""leaf3"", ""dst"": ""p3""}, ""metric"": ""bounded_path_length"", ""snapshot"": ""LabA_Research_Institute_DC_10nodes""}",bd1a393,[]
BOUNDED_PATH_leaf1_leaf3,bounded_path_length:6e7d9f3688,Reachability_Analysis,L4,leaf1에서 172.16.3.2로 가는 경로의 홉 수는 몇 개입니까? [답변 형식: 숫자],OK,number,2,,"{""scope"": {""type"": ""NODE_PAIR"", ""src"": ""leaf1"", ""dst"": ""leaf3""}, ""metric"": ""bounded_path_length"", ""snapshot"": ""LabA_Research_Institute_DC_10nodes""}",bd1a393,[]
BOUNDED_PATH_leaf2_pe2,bounded_path_length:375210ff44,Reachability_Analysis,L4,leaf2에서 10.0.1.3로 가는 경로의 홉 수는 몇 개입니까? [답변 형식: 숫자],OK,number,2,,"{""scope"": {""type"": ""NODE_PAIR"", ""src"": ""leaf2"", ""dst"": ""pe2""}, ""metric"": ""bounded_path_length"", ""snapshot"": ""LabA_Research_Institute_DC_10nodes""}",bd1a393,[]
BOUNDED_PATH_p1_pe1,bounded_path_length:fcb24bc73d,Reachability_Analysis,L4,p1에서 10.0.1.1로 가는 경로의 홉 수는 몇 개입니까? [답변 형식: 숫자],OK,number,3,,"{""scope"": {""type"": ""NODE_PAIR"", ""src"": ""p1"", ""dst"": ""pe1""}, ""metric"": ""bounded_path_length"", ""snapshot"": ""LabA_Research_Institute_DC_10nodes""}",bd1a393,[]
BOUNDED_PATH_pe1_leaf3,bounded_path_length:1195432cf0,Reachability_Analysis,L4,pe1에서 172.16.3.2로 가는 경로의 홉 수는 몇 개입니까? [답변 형식: 숫자],OK,number,1,,"{""scope"": {""type"": ""NODE_PAIR"", ""src"": ""pe1"", ""dst"": ""leaf3""}, ""metric"": ""bounded_path_length"", ""snapshot"": ""LabA_Research_Institute_DC_10nodes""}",bd1a393,[]
BOUNDED_PATH_leaf2_p2,bounded_path_length:32c2b3028e,Reachability_Analysis,L4,leaf2에서 10.0.0.1로 가는 경로의 홉 수는 몇 개입니까? [답변 형식: 숫자],OK,number,2,,"{""scope"": {""type"": ""NODE_PAIR"", ""src"": ""leaf2"", ""dst"": ""p2""}, ""metric"": ""bounded_path_length"", ""snapshot"": ""LabA_Research_Institute_DC_10nodes""}",bd1a393,[]
BOUNDED_PATH_p4_pe2,bounded_path_length:e7c77262bd,Reachability_Analysis,L4,p4에서 10.0.1.3로 가는 경로의 홉 수는 몇 개입니까? [답변 형식: 숫자],OK,number,3,,"{""scope"": {""type"": ""NODE_PAIR"", ""src"": ""p4"", ""dst"": ""pe2""}, ""metric"": ""bounded_path_length"", ""snapshot"": ""LabA_Research_Institute_DC_10nodes""}",bd1a393,[]
BOUNDED_PATH_pe1_p3,bounded_path_length:aebe5a1827,Reachability_Analysis,L4,pe1에서 10.0.0.3로 가는 경로의 홉 수는 몇 개입니까? [답변 형식: 숫자],OK,number,3,,"{""scope"": {""type"": ""NODE_PAIR"", ""src"": ""pe1"", ""dst"": ""p3""}, ""metric"": ""bounded_path_length"", ""snapshot"": ""LabA_Research_Institute_DC_10nodes""}",bd1a393,[]
BOUNDED_PATH_pe2_leaf3,bounded_path_length:1e09853abb,Reachability_Analysis,L4,pe2에서 172.16.3.2로 가는 경로의 홉 수는 몇 개입니까? [답변 형식: 숫자],OK,number,1,,"{""scope"": {""type"": ""NODE_PAIR"", ""src"": ""pe2"", ""dst"": ""leaf3""}, ""metric"": ""bounded_path_length"", ""snapshot"": ""LabA_Research_Institute_DC_10nodes""}",bd1a393,[]
BOUNDED_PATH_leaf1_p3,bounded_path_length:0d36366864,Reachability_Analysis,L4,leaf1에서 10.0.0.3로 가는 경로의 홉 수는 몇 개입니까? [답변 형식: 숫자],OK,number,2,,"{""scope"": {""type"": ""NODE_PAIR"", ""src"": ""leaf1"", ""dst"": ""p3""}, ""metric"": ""bounded_path_length"", ""snapshot"": ""LabA_Research_Institute_DC_10nodes""}",bd1a393,[]
BOUNDED_PATH_p4_p3,bounded_path_length:9412aeec36,Reachability_Analysis,L4,p4에서 10.0.0.3로 가는 경로의 홉 수는 몇 개입니까? [답변 형식: 숫자],OK,number,2,,"{""scope"": {""type"": ""NODE_PAIR"", ""src"": ""p4"", ""dst"": ""p3""}, ""metric"": ""bounded_path_length"", ""snapshot"": ""LabA_Research_Institute_DC_10nodes""}",bd1a393,[]
BOUNDED_PATH_leaf2_pe1,bounded_path_length:9bcc27e256,Reachability_Analysis,L4,leaf2에서 10.0.1.1로 가는 경로의 홉 수는 몇 개입니까? [답변 형식: 숫자],OK,number,2,,"{""scope"": {""type"": ""NODE_PAIR"", ""src"": ""leaf2"", ""dst"": ""pe1""}, ""metric"": ""bounded_path_length"", ""snapshot"": ""LabA_Research_Institute_DC_10nodes""}",bd1a393,[]
BLACKHOLE_DETECTION_GLOBAL,blackhole_destination_list:566d4b6821,Reachability_Analysis,L4,"네트워크에서 블랙홀이 발생하는 목적지 prefix 목록을 알려주세요. [답변 형식: prefix 목록 (예: [""10.0.0.0/8"", ""192.168.1.0/24""]) 또는 빈 목록 []]",OK,set,[],,"{""scope"": {""type"": ""GLOBAL""}, ""metric"": ""blackhole_destination_list"", ""snapshot"": ""LabA_Research_Institute_DC_10nodes""}",bd1a393,[]
WAYPOINT_leaf1_p3_leaf1,waypoint_traversal_path:5fae62c342,Reachability_Analysis,L4,172.16.1.2에서 10.0.0.3로 가는 트래픽이 leaf1를 경유할 때의 전체 경로는 무엇입니까? [답변 형식: 'A → B → C' 형식 또는 '경유하지 않음'],OK,text,"""leaf1 -> pe1""",,"{""scope"": {""type"": ""WAYPOINT"", ""src"": ""172.16.1.2"", ""dst"": ""10.0.0.3"", ""waypoint"": ""leaf1""}, ""metric"": ""waypoint_traversal_path"", ""snapshot"": ""LabA_Research_Institute_DC_10nodes""}",bd1a393,[]
WAYPOINT_leaf1_p3_leaf2,waypoint_traversal_path:cb669c56f7,Reachability_Analysis,L4,172.16.1.2에서 10.0.0.3로 가는 트래픽이 leaf2를 경유할 때의 전체 경로는 무엇입니까? [답변 형식: 'A → B → C' 형식 또는 '경유하지 않음'],OK,text,"""NOT_TRAVERSED""",,"{""scope"": {""type"": ""WAYPOINT"", ""src"": ""172.16.1.2"", ""dst"": ""10.0.0.3"", ""waypoint"": ""leaf2""}, ""metric"": ""waypoint_traversal_path"", ""snapshot"": ""LabA_Research_Institute_DC_10nodes""}",bd1a393,[]
WAYPOINT_leaf1_p3_leaf4,waypoint_traversal_path:d69b8a154a,Reachability_Analysis,L4,172.16.1.2에서 10.0.0.3로 가는 트래픽이 leaf4를 경유할 때의 전체 경로는 무엇입니까? [답변 형식: 'A → B → C' 형식 또는 '경유하지 않음'],OK,text,"""NOT_TRAVERSED""",,"{""scope"": {""type"": ""WAYPOINT"", ""src"": ""172.16.1.2"", ""dst"": ""10.0.0.3"", ""waypoint"": ""leaf4""}, ""metric"": ""waypoint_traversal_path"", ""snapshot"": ""LabA_Research_Institute_DC_10nodes""}",bd1a393,[]
WAYPOINT_leaf1_p3_p1,waypoint_traversal_path:93cab53eeb,Reachability_Analysis,L4,172.16.1.2에서 10.0.0.3로 가는 트래픽이 p1를 경유할 때의 전체 경로는 무엇입니까? [답변 형식: 'A → B → C' 형식 또는 '경유하지 않음'],OK,text,"""NOT_TRAVERSED""",,"{""scope"": {""type"": ""WAYPOINT"", ""src"": ""172.16.1.2"", ""dst"": ""10.0.0.3"", ""waypoint"": ""p1""}, ""metric"": ""waypoint_traversal_path"", ""snapshot"": ""LabA_Research_Institute_DC_10nodes""}",bd1a393,[]
WAYPOINT_leaf1_p3_p4,waypoint_traversal_path:c42711dc1a,Reachability_Analysis,L4,172.16.1.2에서 10.0.0.3로 가는 트래픽이 p4를 경유할 때의 전체 경로는 무엇입니까? [답변 형식: 'A → B → C' 형식 또는 '경유하지 않음'],OK,text,"""NOT_TRAVERSED""",,"{""scope"": {""type"": ""WAYPOINT"", ""src"": ""172.16.1.2"", ""dst"": ""10.0.0.3"", ""waypoint"": ""p4""}, ""metric"": ""waypoint_traversal_path"", ""snapshot"": ""LabA_Research_Institute_DC_10nodes""}",bd1a393,[]
ISOLATION_VRF_AI_VRF_BIO,leaked_prefixes_list:dcd97a287e,Security_Analysis,L4,"VRF_AI와 VRF_BIO 사이에 누수된 prefix 목록은 무엇입니까? [답변 형식: prefix 목록 (예: [""10.10.10.0/24""]) 또는 빈 목록 []]",OK,set,[],,"{""scope"": {""type"": ""VRF_PAIR"", ""vrf1"": ""VRF_AI"", ""vrf2"": ""VRF_BIO""}, ""metric"": ""leaked_prefixes_list"", ""snapshot"": ""LabA_Research_Institute_DC_10nodes""}",bd1a393,[]
ISOLATION_VRF_AI_VRF_HPC,leaked_prefixes_list:24f2a2ea32,Security_Analysis,L4,"VRF_AI와 VRF_HPC 사이에 누수된 prefix 목록은 무엇입니까? [답변 형식: prefix 목록 (예: [""10.10.10.0/24""]) 또는 빈 목록 []]",OK,set,[],,"{""scope"": {""type"": ""VRF_PAIR"", ""vrf1"": ""VRF_AI"", ""vrf2"": ""VRF_HPC""}, ""metric"": ""leaked_prefixes_list"", ""snapshot"": ""LabA_Research_Institute_DC_10nodes""}",bd1a393,[]
ISOLATION_VRF_AI_default,leaked_prefixes_list:2ffe37a8af,Security_Analysis,L4,"VRF_AI와 default 사이에 누수된 prefix 목록은 무엇입니까? [답변 형식: prefix 목록 (예: [""10.10.10.0/24""]) 또는 빈 목록 []]",OK,set,[],,"{""scope"": {""type"": ""VRF_PAIR"", ""vrf1"": ""VRF_AI"", ""vrf2"": ""default""}, ""metric"": ""leaked_prefixes_list"", ""snapshot"": ""LabA_Research_Institute_DC_10nodes""}",bd1a393,[]
ISOLATION_VRF_BIO_VRF_HPC,leaked_prefixes_list:6a30df0ab7,Security_Analysis,L4,"VRF_BIO와 VRF_HPC 사이에 누수된 prefix 목록은 무엇입니까? [답변 형식: prefix 목록 (예: [""10.10.10.0/24""]) 또는 빈 목록 []]",OK,set,[],,"{""scope"": {""type"": ""VRF_PAIR"", ""vrf1"": ""VRF_BIO"", ""vrf2"": ""VRF_HPC""}, ""metric"": ""leaked_prefixes_list"", ""snapshot"": ""LabA_Research_Institute_DC_10nodes""}",bd1a393,[]
ISOLATION_VRF_BIO_default,leaked_prefixes_list:2d9d2eb04a,Security_Analysis,L4,"VRF_BIO와 default 사이에 누수된 prefix 목록은 무엇입니까? [답변 형식: prefix 목록 (예: [""10.10.10.0/24""]) 또는 빈 목록 []]",OK,set,[],,"{""scope"": {""type"": ""VRF_PAIR"", ""vrf1"": ""VRF_BIO"", ""vrf2"": ""default""}, ""metric"": ""leaked_prefixes_list"", ""snapshot"": ""LabA_Research_Institute_DC_10nodes""}",bd1a393,[]
ISOLATION_VRF_HPC_default,leaked_prefixes_list:82022b545d,Security_Analysis,L4,"VRF_HPC와 default 사이에 누수된 prefix 목록은 무엇입니까? [답변 형식: prefix 목록 (예: [""10.10.10.0/24""]) 또는 빈 목록 []]",OK,set,[],,"{""scope"": {""type"": ""VRF_PAIR"", ""vrf1"": ""VRF_HPC"", ""vrf2"": ""default""}, ""metric"": ""leaked_prefixes_list"", ""snapshot"": ""LabA_Research_Institute_DC_10nodes""}",bd1a393,[]
ASYMMETRIC_pe2_pe1,asymmetric_path_comparison:ecd955797f,Routing_Analysis,L4,"pe2와 pe1 사이의 Forward/Reverse 경로를 비교해주세요. [답변 형식: 'Forward: A→B→C, Reverse: C→D→A' 형식]",OK,text,"""Forward: pe2 -> p3 -> p2 -> pe1, Reverse: pe1 -> p2 -> p3 -> pe2""",,"{""scope"": {""type"": ""NODE_PAIR"", ""node1"": ""pe2"", ""node2"": ""pe1""}, ""metric"": ""asymmetric_path_comparison"", ""snapshot"": ""LabA_Research_Institute_DC_10nodes""}",bd1a393,[]
ASYMMETRIC_pe2_leaf3,asymmetric_path_comparison:0130a8b63d,Routing_Analysis,L4,"pe2와 leaf3 사이의 Forward/Reverse 경로를 비교해주세요. [답변 형식: 'Forward: A→B→C, Reverse: C→D→A' 형식]",OK,text,"""Forward: pe2, Reverse: leaf3 -> pe2""",,"{""scope"": {""type"": ""NODE_PAIR"", ""node1"": ""pe2"", ""node2"": ""leaf3""}, ""metric"": ""asymmetric_path_comparison"", ""snapshot"": ""LabA_Research_Institute_DC_10nodes""}",bd1a393,[]
ASYMMETRIC_leaf1_p1,asymmetric_path_comparison:581be9d818,Routing_Analysis,L4,"leaf1과 p1 사이의 Forward/Reverse 경로를 비교해주세요. [답변 형식: 'Forward: A→B→C, Reverse: C→D→A' 형식]",OK,text,"""Forward: leaf1 -> pe1, Reverse: p1""",,"{""scope"": {""type"": ""NODE_PAIR"", ""node1"": ""leaf1"", ""node2"": ""p1""}, ""metric"": ""asymmetric_path_comparison"", ""snapshot"": ""LabA_Research_Institute_DC_10nodes""}",bd1a393,[]
ASYMMETRIC_leaf2_pe2,asymmetric_path_comparison:186817769e,Routing_Analysis,L4,"leaf2와 pe2 사이의 Forward/Reverse 경로를 비교해주세요. [답변 형식: 'Forward: A→B→C, Reverse: C→D→A' 형식]",OK,text,"""Forward: leaf2 -> pe1, Reverse: pe2""",,"{""scope"": {""type"": ""NODE_PAIR"", ""node1"": ""leaf2"", ""node2"": ""pe2""}, ""metric"": ""asymmetric_path_comparison"", ""snapshot"": ""LabA_Research_Institute_DC_10nodes""}",bd1a393,[]
ASYMMETRIC_leaf4_pe1,asymmetric_path_comparison:ce38624fbd,Routing_Analysis,L4,"leaf4와 pe1 사이의 Forward/Reverse 경로를 비교해주세요. [답변 형식: 'Forward: A→B→C, Reverse: C→D→A' 형식]",OK,text,"""Forward: leaf4 -> pe2, Reverse: pe1""",,"{""scope"": {""type"": ""NODE_PAIR"", ""node1"": ""leaf4"", ""node2"": ""pe1""}, ""metric"": ""asymmetric_path_comparison"", ""snapshot"": ""LabA_Research_Institute_DC_10nodes""}",bd1a393,[]
ASYMMETRIC_pe1_p2,asymmetric_path_comparison:48c27debe0,Routing_Analysis,L4,"pe1과 p2 사이의 Forward/Reverse 경로를 비교해주세요. [답변 형식: 'Forward: A→B→C, Reverse: C→D→A' 형식]",OK,text,"""Forward: pe1 -> p2, Reverse: p2 -> pe1""",,"{""scope"": {""type"": ""NODE_PAIR"", ""node1"": ""pe1"", ""node2"": ""p2""}, ""metric"": ""asymmetric_path_comparison"", ""snapshot"": ""LabA_Research_Institute_DC_10nodes""}",bd1a393,[]
ASYMMETRIC_leaf4_pe2,asymmetric_path_comparison:8949c63136,Routing_Analysis,L4,"leaf4와 pe2 사이의 Forward/Reverse 경로를 비교해주세요. [답변 형식: 'Forward: A→B→C, Reverse: C→D→A' 형식]",OK,text,"""Forward: leaf4 -> pe2, Reverse: pe2""",,"{""scope"": {""type"": ""NODE_PAIR"", ""node1"": ""leaf4"", ""node2"": ""pe2""}, ""metric"": ""asymmetric_path_comparison"", ""snapshot"": ""LabA_Research_Institute_DC_10nodes""}",bd1a393,[]
ASYMMETRIC_leaf1_p2,asymmetric_path_comparison:83efa1d896,Routing_Analysis,L4,"leaf1과 p2 사이의 Forward/Reverse 경로를 비교해주세요. [답변 형식: 'Forward: A→B→C, Reverse: C→D→A' 형식]",OK,text,"""Forward: leaf1 -> pe1, Reverse: p2""",,"{""scope"": {""type"": ""NODE_PAIR"", ""node1"": ""leaf1"", ""node2"": ""p2""}, ""metric"": ""asymmetric_path_comparison"", ""snapshot"": ""LabA_Research_Institute_DC_10nodes""}",bd1a393,[]
ASYMMETRIC_p1_leaf3,asymmetric_path_comparison:28103885fd,Routing_Analysis,L4,"p1과 leaf3 사이의 Forward/Reverse 경로를 비교해주세요. [답변 형식: 'Forward: A→B→C, Reverse: C→D→A' 형식]",OK,text,"""Forward: p1, Reverse: leaf3 -> pe2""",,"{""scope"": {""type"": ""NODE_PAIR"", ""node1"": ""p1"", ""node2"": ""leaf3""}, ""metric"": ""asymmetric_path_comparison"", ""snapshot"": ""LabA_Research_Institute_DC_10nodes""}",bd1a393,[]
ASYMMETRIC_p1_p2,asymmetric_path_comparison:132ba71d56,Routing_Analysis,L4,"p1과 p2 사이의 Forward/Reverse 경로를 비교해주세요. [답변 형식: 'Forward: A→B→C, Reverse: C→D→A' 형식]",OK,text,"""Forward: p1 -> p2, Reverse: p2 -> p1""",,"{""scope"": {""type"": ""NODE_PAIR"", ""node1"": ""p1"", ""node2"": ""p2""}, ""metric"": ""asymmetric_path_comparison"", ""snapshot"": ""LabA_Research_Institute_DC_10nodes""}",bd1a393,[]
SPOF_DETECTION_GLOBAL,spof_detection:566d4b6821,What_If_Analysis,L5,"단일 장비 장애 시 통신이 두절되는 구간(SPOF: Single Point of Failure)이 존재합니까? [답변 형식: SPOF 장비 목록 (예: [""p1"", ""pe1""]) 또는 빈 목록 []]",OK,set_str,[],,"{""scope"": {""type"": ""GLOBAL""}, ""metric"": ""spof_detection"", ""snapshot"": ""LabA_Research_Institute_DC_10nodes""}",bd1a393,[]
OSPF_AREA0_ROUTERS_GLOBAL,ospf_area0_routers:566d4b6821,What_If_Analysis,L5,"OSPF Backbone Area(Area 0)에 속한 라우터 목록은 무엇입니까? [답변 형식: 라우터 이름 목록 (예: [""spine1"", ""spine2"", ""p1""])]",OK,set,"[""p1"", ""p2"", ""p3"", ""p4"", ""pe1""]",,"{""scope"": {""type"": ""GLOBAL""}, ""metric"": ""ospf_area0_routers"", ""snapshot"": ""LabA_Research_Institute_DC_10nodes""}",bd1a393,[]
K_FAILURE_leaf1_p3,redundant_paths_list:0d36366864,What_If_Analysis,L5,"leaf1에서 10.0.0.3로 가는 대체 경로들을 모두 나열해주세요. [답변 형식: 경로 목록 (예: [""A→B→C"", ""A→D→C""])]",OK,set,"[""leaf1 → pe1"", ""leaf1""]",,"{""scope"": {""type"": ""NODE_PAIR"", ""src"": ""leaf1"", ""dst"": ""p3""}, ""metric"": ""redundant_paths_list"", ""snapshot"": ""LabA_Research_Institute_DC_10nodes""}",bd1a393,[]
ROOT_CAUSE_leaf4_p4,root_cause_analysis:f7cfd4552b,What_If_Analysis,L5,"leaf4에서 p4로의 통신이 실패할 때, 어느 장비에서 차단됩니까? [답변 형식: 장비명]",OK,text,"""pe2""",,"{""scope"": {""type"": ""NODE_PAIR"", ""src"": ""leaf4"", ""dst"": ""p4""}, ""metric"": ""root_cause_analysis"", ""snapshot"": ""LabA_Research_Institute_DC_10nodes""}",bd1a393,[]
ROOT_CAUSE_leaf4_leaf3,root_cause_analysis:85cf0a193c,What_If_Analysis,L5,"leaf4에서 leaf3로의 통신이 실패할 때, 어느 장비에서 차단됩니까? [답변 형식: 장비명]",OK,text,"""pe2""",,"{""scope"": {""type"": ""NODE_PAIR"", ""src"": ""leaf4"", ""dst"": ""leaf3""}, ""metric"": ""root_cause_analysis"", ""snapshot"": ""LabA_Research_Institute_DC_10nodes""}",bd1a393,[]
ROOT_CAUSE_pe2_leaf3,root_cause_analysis:1e09853abb,What_If_Analysis,L5,"pe2에서 leaf3로의 통신이 실패할 때, 어느 장비에서 차단됩니까? [답변 형식: 장비명]",OK,text,"""pe2""",,"{""scope"": {""type"": ""NODE_PAIR"", ""src"": ""pe2"", ""dst"": ""leaf3""}, ""metric"": ""root_cause_analysis"", ""snapshot"": ""LabA_Research_Institute_DC_10nodes""}",bd1a393,[]
ROOT_CAUSE_leaf2_p1,root_cause_analysis:d622841e18,What_If_Analysis,L5,"leaf2에서 p1로의 통신이 실패할 때, 어느 장비에서 차단됩니까? [답변 형식: 장비명]",OK,text,"""pe1""",,"{""scope"": {""type"": ""NODE_PAIR"", ""src"": ""leaf2"", ""dst"": ""p1""}, ""metric"": ""root_cause_analysis"", ""snapshot"": ""LabA_Research_Institute_DC_10nodes""}",bd1a393,[]
ROOT_CAUSE_leaf4_p3,root_cause_analysis:aeabb6b8ee,What_If_Analysis,L5,"leaf4에서 p3로의 통신이 실패할 때, 어느 장비에서 차단됩니까? [답변 형식: 장비명]",OK,text,"""pe2""",,"{""scope"": {""type"": ""NODE_PAIR"", ""src"": ""leaf4"", ""dst"": ""p3""}, ""metric"": ""root_cause_analysis"", ""snapshot"": ""LabA_Research_Institute_DC_10nodes""}",bd1a393,[]
ROOT_CAUSE_leaf2_leaf4,root_cause_analysis:206c768141,What_If_Analysis,L5,"leaf2에서 leaf4로의 통신이 실패할 때, 어느 장비에서 차단됩니까? [답변 형식: 장비명]",OK,text,"""pe1""",,"{""scope"": {""type"": ""NODE_PAIR"", ""src"": ""leaf2"", ""dst"": ""leaf4""}, ""metric"": ""root_cause_analysis"", ""snapshot"": ""LabA_Research_Institute_DC_10nodes""}",bd1a393,[]
ROOT_CAUSE_p4_leaf3,root_cause_analysis:3fa7c5cc3e,What_If_Analysis,L5,"p4에서 leaf3로의 통신이 실패할 때, 어느 장비에서 차단됩니까? [답변 형식: 장비명]",OK,text,"""p4""",,"{""scope"": {""type"": ""NODE_PAIR"", ""src"": ""p4"", ""dst"": ""leaf3""}, ""metric"": ""root_cause_analysis"", ""snapshot"": ""LabA_Research_Institute_DC_10nodes""}",bd1a393,[]
ROOT_CAUSE_leaf2_pe2,root_cause_analysis:375210ff44,What_If_Analysis,L5,"leaf2에서 pe2로의 통신이 실패할 때, 어느 장비에서 차단됩니까? [답변 형식: 장비명]",OK,text,"""pe1""",,"{""scope"": {""type"": ""NODE_PAIR"", ""src"": ""leaf2"", ""dst"": ""pe2""}, ""metric"": ""root_cause_analysis"", ""snapshot"": ""LabA_Research_Institute_DC_10nodes""}",bd1a393,[]
ROOT_CAUSE_leaf1_p4,root_cause_analysis:7286e34e9e,What_If_Analysis,L5,"leaf1에서 p4로의 통신이 실패할 때, 어느 장비에서 차단됩니까? [답변 형식: 장비명]",OK,text,"""pe1""",,"{""scope"": {""type"": ""NODE_PAIR"", ""src"": ""leaf1"", ""dst"": ""p4""}, ""metric"": ""root_cause_analysis"", ""snapshot"": ""LabA_Research_Institute_DC_10nodes""}",bd1a393,[]
ROOT_CAUSE_leaf1_pe2,root_cause_analysis:7964e34ebc,What_If_Analysis,L5,"leaf1에서 pe2로의 통신이 실패할 때, 어느 장비에서 차단됩니까? [답변 형식: 장비명]",OK,text,"""pe1""",,"{""scope"": {""type"": ""NODE_PAIR"", ""src"": ""leaf1"", ""dst"": ""pe2""}, ""metric"": ""root_cause_analysis"", ""snapshot"": ""LabA_Research_Institute_DC_10nodes""}",bd1a393,[]
ROOT_CAUSE_leaf2_p4,root_cause_analysis:005bb01dd2,What_If_Analysis,L5,"leaf2에서 p4로의 통신이 실패할 때, 어느 장비에서 차단됩니까? [답변 형식: 장비명]",OK,text,"""pe1""",,"{""scope"": {""type"": ""NODE_PAIR"", ""src"": ""leaf2"", ""dst"": ""p4""}, ""metric"": ""root_cause_analysis"", ""snapshot"": ""LabA_Research_Institute_DC_10nodes""}",bd1a393,[]
ROOT_CAUSE_pe1_leaf3,root_cause_analysis:1195432cf0,What_If_Analysis,L5,"pe1에서 leaf3로의 통신이 실패할 때, 어느 장비에서 차단됩니까? [답변 형식: 장비명]",OK,text,"""pe1""",,"{""scope"": {""type"": ""NODE_PAIR"", ""src"": ""pe1"", ""dst"": ""leaf3""}, ""metric"": ""root_cause_analysis"", ""snapshot"": ""LabA_Research_Institute_DC_10nodes""}",bd1a393,[]
ROOT_CAUSE_leaf2_pe1,root_cause_analysis:9bcc27e256,What_If_Analysis,L5,"leaf2에서 pe1로의 통신이 실패할 때, 어느 장비에서 차단됩니까? [답변 형식: 장비명]",OK,text,"""pe1""",,"{""scope"": {""type"": ""NODE_PAIR"", ""src"": ""leaf2"", ""dst"": ""pe1""}, ""metric"": ""root_cause_analysis"", ""snapshot"": ""LabA_Research_Institute_DC_10nodes""}",bd1a393,[]
ROOT_CAUSE_leaf4_pe1,root_cause_analysis:18b9916ffa,What_If_Analysis,L5,"leaf4에서 pe1로의 통신이 실패할 때, 어느 장비에서 차단됩니까? [답변 형식: 장비명]",OK,text,"""pe2""",,"{""scope"": {""type"": ""NODE_PAIR"", ""src"": ""leaf4"", ""dst"": ""pe1""}, ""metric"": ""root_cause_analysis"", ""snapshot"": ""LabA_Research_Institute_DC_10nodes""}",bd1a393,[]
ROOT_CAUSE_leaf4_p2,root_cause_analysis:1f4e7172ba,What_If_Analysis,L5,"leaf4에서 p2로의 통신이 실패할 때, 어느 장비에서 차단됩니까? [답변 형식: 장비명]",OK,text,"""pe2""",,"{""scope"": {""type"": ""NODE_PAIR"", ""src"": ""leaf4"", ""dst"": ""p2""}, ""metric"": ""root_cause_analysis"", ""snapshot"": ""LabA_Research_Institute_DC_10nodes""}",bd1a393,[]
ROOT_CAUSE_leaf1_leaf2,root_cause_analysis:dcc1e8bce1,What_If_Analysis,L5,"leaf1에서 leaf2로의 통신이 실패할 때, 어느 장비에서 차단됩니까? [답변 형식: 장비명]",OK,text,"""pe1""",,"{""scope"": {""type"": ""NODE_PAIR"", ""src"": ""leaf1"", ""dst"": ""leaf2""}, ""metric"": ""root_cause_analysis"", ""snapshot"": ""LabA_Research_Institute_DC_10nodes""}",bd1a393,[]
ROOT_CAUSE_leaf4_pe2,root_cause_analysis:f63f1a1aec,What_If_Analysis,L5,"leaf4에서 pe2로의 통신이 실패할 때, 어느 장비에서 차단됩니까? [답변 형식: 장비명]",OK,text,"""pe2""",,"{""scope"": {""type"": ""NODE_PAIR"", ""src"": ""leaf4"", ""dst"": ""pe2""}, ""metric"": ""root_cause_analysis"", ""snapshot"": ""LabA_Research_Institute_DC_10nodes""}",bd1a393,[]
ROOT_CAUSE_leaf2_p3,root_cause_analysis:04e4b8026d,What_If_Analysis,L5,"leaf2에서 p3로의 통신이 실패할 때, 어느 장비에서 차단됩니까? [답변 형식: 장비명]",OK,text,"""pe1""",,"{""scope"": {""type"": ""NODE_PAIR"", ""src"": ""leaf2"", ""dst"": ""p3""}, ""metric"": ""root_cause_analysis"", ""snapshot"": ""LabA_Research_Institute_DC_10nodes""}",bd1a393,[]
ROOT_CAUSE_leaf3_p3,root_cause_analysis:4a9dfb3019,What_If_Analysis,L5,"leaf3에서 p3로의 통신이 실패할 때, 어느 장비에서 차단됩니까? [답변 형식: 장비명]",OK,text,"""pe2""",,"{""scope"": {""type"": ""NODE_PAIR"", ""src"": ""leaf3"", ""dst"": ""p3""}, ""metric"": ""root_cause_analysis"", ""snapshot"": ""LabA_Research_Institute_DC_10nodes""}",bd1a393,[]
ROOT_CAUSE_leaf3_p2,root_cause_analysis:cef5b3f499,What_If_Analysis,L5,"leaf3에서 p2로의 통신이 실패할 때, 어느 장비에서 차단됩니까? [답변 형식: 장비명]",OK,text,"""pe2""",,"{""scope"": {""type"": ""NODE_PAIR"", ""src"": ""leaf3"", ""dst"": ""p2""}, ""metric"": ""root_cause_analysis"", ""snapshot"": ""LabA_Research_Institute_DC_10nodes""}",bd1a393,[]
ROOT_CAUSE_leaf1_p1,root_cause_analysis:2ecc0b7be5,What_If_Analysis,L5,"leaf1에서 p1로의 통신이 실패할 때, 어느 장비에서 차단됩니까? [답변 형식: 장비명]",OK,text,"""pe1""",,"{""scope"": {""type"": ""NODE_PAIR"", ""src"": ""leaf1"", ""dst"": ""p1""}, ""metric"": ""root_cause_analysis"", ""snapshot"": ""LabA_Research_Institute_DC_10nodes""}",bd1a393,[]
ROOT_CAUSE_p1_leaf3,root_cause_analysis:cb0c9dd809,What_If_Analysis,L5,"p1에서 leaf3로의 통신이 실패할 때, 어느 장비에서 차단됩니까? [답변 형식: 장비명]",OK,text,"""p1""",,"{""scope"": {""type"": ""NODE_PAIR"", ""src"": ""p1"", ""dst"": ""leaf3""}, ""metric"": ""root_cause_analysis"", ""snapshot"": ""LabA_Research_Institute_DC_10nodes""}",bd1a393,[]
ROOT_CAUSE_leaf1_pe1,root_cause_analysis:18efb59f18,What_If_Analysis,L5,"leaf1에서 pe1로의 통신이 실패할 때, 어느 장비에서 차단됩니까? [답변 형식: 장비명]",OK,text,"""pe1""",,"{""scope"": {""type"": ""NODE_PAIR"", ""src"": ""leaf1"", ""dst"": ""pe1""}, ""metric"": ""root_cause_analysis"", ""snapshot"": ""LabA_Research_Institute_DC_10nodes""}",bd1a393,[]
ROOT_CAUSE_leaf1_leaf3,root_cause_analysis:6e7d9f3688,What_If_Analysis,L5,"leaf1에서 leaf3로의 통신이 실패할 때, 어느 장비에서 차단됩니까? [답변 형식: 장비명]",OK,text,"""pe1""",,"{""scope"": {""type"": ""NODE_PAIR"", ""src"": ""leaf1"", ""dst"": ""leaf3""}, ""metric"": ""root_cause_analysis"", ""snapshot"": ""LabA_Research_Institute_DC_10nodes""}",bd1a393,[]
ROOT_CAUSE_leaf1_p3,root_cause_analysis:0d36366864,What_If_Analysis,L5,"leaf1에서 p3로의 통신이 실패할 때, 어느 장비에서 차단됩니까? [답변 형식: 장비명]",OK,text,"""pe1""",,"{""scope"": {""type"": ""NODE_PAIR"", ""src"": ""leaf1"", ""dst"": ""p3""}, ""metric"": ""root_cause_analysis"", ""snapshot"": ""LabA_Research_Institute_DC_10nodes""}",bd1a393,[]
ROOT_CAUSE_leaf2_leaf3,root_cause_analysis:b0c09408f5,What_If_Analysis,L5,"leaf2에서 leaf3로의 통신이 실패할 때, 어느 장비에서 차단됩니까? [답변 형식: 장비명]",OK,text,"""pe1""",,"{""scope"": {""type"": ""NODE_PAIR"", ""src"": ""leaf2"", ""dst"": ""leaf3""}, ""metric"": ""root_cause_analysis"", ""snapshot"": ""LabA_Research_Institute_DC_10nodes""}",bd1a393,[]
ROOT_CAUSE_leaf2_p2,root_cause_analysis:32c2b3028e,What_If_Analysis,L5,"leaf2에서 p2로의 통신이 실패할 때, 어느 장비에서 차단됩니까? [답변 형식: 장비명]",OK,text,"""pe1""",,"{""scope"": {""type"": ""NODE_PAIR"", ""src"": ""leaf2"", ""dst"": ""p2""}, ""metric"": ""root_cause_analysis"", ""snapshot"": ""LabA_Research_Institute_DC_10nodes""}",bd1a393,[]
ROOT_CAUSE_leaf4_p1,root_cause_analysis:2f25e1f7b7,What_If_Analysis,L5,"leaf4에서 p1로의 통신이 실패할 때, 어느 장비에서 차단됩니까? [답변 형식: 장비명]",OK,text,"""pe2""",,"{""scope"": {""type"": ""NODE_PAIR"", ""src"": ""leaf4"", ""dst"": ""p1""}, ""metric"": ""root_cause_analysis"", ""snapshot"": ""LabA_Research_Institute_DC_10nodes""}",bd1a393,[]
ROOT_CAUSE_leaf1_leaf4,root_cause_analysis:a841e885b9,What_If_Analysis,L5,"leaf1에서 leaf4로의 통신이 실패할 때, 어느 장비에서 차단됩니까? [답변 형식: 장비명]",OK,text,"""pe1""",,"{""scope"": {""type"": ""NODE_PAIR"", ""src"": ""leaf1"", ""dst"": ""leaf4""}, ""metric"": ""root_cause_analysis"", ""snapshot"": ""LabA_Research_Institute_DC_10nodes""}",bd1a393,[]
ROOT_CAUSE_leaf1_p2,root_cause_analysis:e3d845ce8f,What_If_Analysis,L5,"leaf1에서 p2로의 통신이 실패할 때, 어느 장비에서 차단됩니까? [답변 형식: 장비명]",OK,text,"""pe1""",,"{""scope"": {""type"": ""NODE_PAIR"", ""src"": ""leaf1"", ""dst"": ""p2""}, ""metric"": ""root_cause_analysis"", ""snapshot"": ""LabA_Research_Institute_DC_10nodes""}",bd1a393,[]
NODE_FAILURE_leaf1,node_failure_impact:edcd1eab8d,What_If_Analysis,L5,leaf1 장비가 다운되면 몇 개의 트래픽 흐름이 새로 차단됩니까? [답변 형식: 숫자],OK,number,16,,"{""scope"": {""type"": ""NODE"", ""node"": ""leaf1""}, ""metric"": ""node_failure_impact"", ""snapshot"": ""LabA_Research_Institute_DC_10nodes""}",bd1a393,[]
NODE_FAILURE_leaf2,node_failure_impact:132808f6af,What_If_Analysis,L5,leaf2 장비가 다운되면 몇 개의 트래픽 흐름이 새로 차단됩니까? [답변 형식: 숫자],OK,number,17,,"{""scope"": {""type"": ""NODE"", ""node"": ""leaf2""}, ""metric"": ""node_failure_impact"", ""snapshot"": ""LabA_Research_Institute_DC_10nodes""}",bd1a393,[]
NODE_FAILURE_leaf4,node_failure_impact:87107ff302,What_If_Analysis,L5,leaf4 장비가 다운되면 몇 개의 트래픽 흐름이 새로 차단됩니까? [답변 형식: 숫자],OK,number,18,,"{""scope"": {""type"": ""NODE"", ""node"": ""leaf4""}, ""metric"": ""node_failure_impact"", ""snapshot"": ""LabA_Research_Institute_DC_10nodes""}",bd1a393,[]
NODE_FAILURE_p1,node_failure_impact:04b035c88c,What_If_Analysis,L5,p1 장비가 다운되면 몇 개의 트래픽 흐름이 새로 차단됩니까? [답변 형식: 숫자],OK,number,18,,"{""scope"": {""type"": ""NODE"", ""node"": ""p1""}, ""metric"": ""node_failure_impact"", ""snapshot"": ""LabA_Research_Institute_DC_10nodes""}",bd1a393,[]
NODE_FAILURE_p4,node_failure_impact:a628f3b07a,What_If_Analysis,L5,p4 장비가 다운되면 몇 개의 트래픽 흐름이 새로 차단됩니까? [답변 형식: 숫자],OK,number,18,,"{""scope"": {""type"": ""NODE"", ""node"": ""p4""}, ""metric"": ""node_failure_impact"", ""snapshot"": ""LabA_Research_Institute_DC_10nodes""}",bd1a393,[]
NODE_FAILURE_pe2,node_failure_impact:8c1b88e5bd,What_If_Analysis,L5,pe2 장비가 다운되면 몇 개의 트래픽 흐름이 새로 차단됩니까? [답변 형식: 숫자],OK,number,18,,"{""scope"": {""type"": ""NODE"", ""node"": ""pe2""}, ""metric"": ""node_failure_impact"", ""snapshot"": ""LabA_Research_Institute_DC_10nodes""}",bd1a393,[]
NODE_FAILURE_pe1,node_failure_impact:4ccbada267,What_If_Analysis,L5,pe1 장비가 다운되면 몇 개의 트래픽 흐름이 새로 차단됩니까? [답변 형식: 숫자],OK,number,18,,"{""scope"": {""type"": ""NODE"", ""node"": ""pe1""}, ""metric"": ""node_failure_impact"", ""snapshot"": ""LabA_Research_Institute_DC_10nodes""}",bd1a393,[]
NODE_FAILURE_leaf3,node_failure_impact:3e6ee72920,What_If_Analysis,L5,leaf3 장비가 다운되면 몇 개의 트래픽 흐름이 새로 차단됩니까? [답변 형식: 숫자],OK,number,18,,"{""scope"": {""type"": ""NODE"", ""node"": ""leaf3""}, ""metric"": ""node_failure_impact"", ""snapshot"": ""LabA_Research_Institute_DC_10nodes""}",bd1a393,[]
NODE_FAILURE_p2,node_failure_impact:99d2ef2e3f,What_If_Analysis,L5,p2 장비가 다운되면 몇 개의 트래픽 흐름이 새로 차단됩니까? [답변 형식: 숫자],OK,number,19,,"{""scope"": {""type"": ""NODE"", ""node"": ""p2""}, ""metric"": ""node_failure_impact"", ""snapshot"": ""LabA_Research_Institute_DC_10nodes""}",bd1a393,[]
NODE_FAILURE_p3,node_failure_impact:43af57bf8f,What_If_Analysis,L5,p3 장비가 다운되면 몇 개의 트래픽 흐름이 새로 차단됩니까? [답변 형식: 숫자],OK,number,19,,"{""scope"": {""type"": ""NODE"", ""node"": ""p3""}, ""metric"": ""node_failure_impact"", ""snapshot"": ""LabA_Research_Institute_DC_10nodes""}",bd1a393,[]
DUAL_FAILURE_leaf1_leaf2,redundancy_verification:dcc1e8bce1,What_If_Analysis,L5,leaf1과 leaf2가 동시에 다운되면 고립되는 흐름이 있습니까? 몇 개입니까? [답변 형식: 'NONE' 또는 숫자],OK,text,"""15""",,"{""scope"": {""type"": ""NODE_PAIR"", ""src"": ""leaf1"", ""dst"": ""leaf2""}, ""metric"": ""redundancy_verification"", ""snapshot"": ""LabA_Research_Institute_DC_10nodes""}",bd1a393,[]
DUAL_FAILURE_leaf3_leaf4,redundancy_verification:6e22b3ede9,What_If_Analysis,L5,leaf3과 leaf4가 동시에 다운되면 고립되는 흐름이 있습니까? 몇 개입니까? [답변 형식: 'NONE' 또는 숫자],OK,text,"""18""",,"{""scope"": {""type"": ""NODE_PAIR"", ""src"": ""leaf3"", ""dst"": ""leaf4""}, ""metric"": ""redundancy_verification"", ""snapshot"": ""LabA_Research_Institute_DC_10nodes""}",bd1a393,[]
DUAL_FAILURE_p1_p2,redundancy_verification:820e23e546,What_If_Analysis,L5,p1과 p2가 동시에 다운되면 고립되는 흐름이 있습니까? 몇 개입니까? [답변 형식: 'NONE' 또는 숫자],OK,text,"""17""",,"{""scope"": {""type"": ""NODE_PAIR"", ""src"": ""p1"", ""dst"": ""p2""}, ""metric"": ""redundancy_verification"", ""snapshot"": ""LabA_Research_Institute_DC_10nodes""}",bd1a393,[]
DUAL_FAILURE_p3_p4,redundancy_verification:9dec9e657b,What_If_Analysis,L5,p3과 p4가 동시에 다운되면 고립되는 흐름이 있습니까? 몇 개입니까? [답변 형식: 'NONE' 또는 숫자],OK,text,"""18""",,"{""scope"": {""type"": ""NODE_PAIR"", ""src"": ""p3"", ""dst"": ""p4""}, ""metric"": ""redundancy_verification"", ""snapshot"": ""LabA_Research_Institute_DC_10nodes""}",bd1a393,[]
DUAL_FAILURE_pe1_pe2,redundancy_verification:011107df04,What_If_Analysis,L5,pe1과 pe2가 동시에 다운되면 고립되는 흐름이 있습니까? 몇 개입니까? [답변 형식: 'NONE' 또는 숫자],OK,text,"""17""",,"{""scope"": {""type"": ""NODE_PAIR"", ""src"": ""pe1"", ""dst"": ""pe2""}, ""metric"": ""redundancy_verification"", ""snapshot"": ""LabA_Research_Institute_DC_10nodes""}",bd1a393,[]
TRIPLE_FAILURE_leaf1_leaf2_leaf3,triple_node_failure:cccbd0e03e,What_If_Analysis,L5,"leaf1, leaf2, leaf3가 동시에 다운되면 네트워크가 완전히 분리됩니까? [답변 형식: 'YES' 또는 'NO (affected_flows: N)']",OK,text,"""NO (affected_flows: 15)""",,"{""scope"": {""type"": ""NODE_TRIPLET"", ""nodes"": [""leaf1"", ""leaf2"", ""leaf3""]}, ""metric"": ""triple_node_failure"", ""snapshot"": ""LabA_Research_Institute_DC_10nodes""}",bd1a393,[]
WORST_CASE_FAILURE,worst_case_failure_analysis:566d4b6821,What_If_Analysis,L5,단일 장비 장애 시 가장 큰 영향을 주는 장비는? [답변 형식: 'device_name (N)'],OK,text,"""p2(19)""",,"{""scope"": {""type"": ""GLOBAL""}, ""metric"": ""worst_case_failure_analysis"", ""snapshot"": ""LabA_Research_Institute_DC_10nodes""}",bd1a393,[]
NEGATIVE_TEST_FAKE_NODE,non_existent_node_check:4816fc9823,What_If_Analysis,L5,non_existent_router_999 장비가 다운되면 몇 개의 트래픽 흐름이 차단됩니까? [답변 형식: 숫자],OK,number,0,,"{""scope"": {""type"": ""FAKE_NODE"", ""node"": ""non_existent_router_999""}, ""metric"": ""non_existent_node_check"", ""snapshot"": ""LabA_Research_Institute_DC_10nodes""}",bd1a393,[]
CONFIG_CHANGE_BASELINE,config_change_impact:78acfb1f72,What_If_Analysis,L5,"설정 변경 후 leaf1에서 p3까지의 경로/도달성 변경 여부를 알려주세요. [답변 형식: 'NO_CHANGE' 또는 'CHANGED (N건: 흐름1, 흐름2, ...)']",OK,text,"""CHANGED (25 entries: 10.10.1.1 -> 10.10.10.32, 172.16.1.3 -> 10.10.10.32, 192.168.100.2 -> 10.10.10.32)""",,"{""scope"": {""type"": ""SNAPSHOT_DIFF"", ""src"": ""leaf1"", ""dst"": ""p3""}, ""metric"": ""config_change_impact"", ""snapshot"": ""LabA_Research_Institute_DC_10nodes""}",bd1a393,[]
DIFF_REACH_BASELINE,differential_reachability:78acfb1f72,What_If_Analysis,L5,"변경 전후 leaf1에서 p3로의 도달성에 차이가 있습니까? [답변 형식: 'NO_DIFF' 또는 'DIFF (N건: 흐름1, 흐름2, ...)']",OK,text,"""NO_DIFF""",,"{""scope"": {""type"": ""SNAPSHOT_DIFF"", ""src"": ""leaf1"", ""dst"": ""p3""}, ""metric"": ""differential_reachability"", ""snapshot"": ""LabA_Research_Institute_DC_10nodes""}",bd1a393,[]
POLICY_COMPLIANCE_leaf1,policy_compliance_check:2e02e9d827,What_If_Analysis,L5,"'MANDATORY_WAYPOINT_leaf1' 정책 준수 여부와 위반 사례를 알려주세요. [답변 형식: 'COMPLIANT' 또는 'VIOLATION: 흐름1, 흐름2, ...']",OK,text,"""VIOLATION: 10.10.1.1 -> 8.8.8.8, 172.16.1.3 -> 8.8.8.8, 192.168.100.2 -> 8.8.8.8""",,"{""scope"": {""type"": ""POLICY"", ""policy_name"": ""MANDATORY_WAYPOINT_leaf1""}, ""metric"": ""policy_compliance_check"", ""snapshot"": ""LabA_Research_Institute_DC_10nodes""}",bd1a393,[]
MULTI_FAIL_leaf1_pe1_leaf2_leaf3,multi_link_failure_reachability:56a27f7c7f,What_If_Analysis,L5,(시나리오) 'leaf1-pe1' 링크와 'leaf2-leaf3' 링크가 동시에 다운되었습니다. 이 상황에서 'leaf4'에서 'p3'로의 트래픽 전달이 가능합니까? [답변 형식: 'REROUTED (path: A→B→C)' 또는 'DISCONNECTED (reason: ...)'],OK,text,"""DISCONNECTED (reason: NO_ROUTE at pe2)""",,"{""scope"": {""type"": ""MULTI_LINK_FAILURE"", ""link1"": ""leaf1-pe1"", ""link2"": ""leaf2-leaf3""}, ""metric"": ""multi_link_failure_reachability"", ""snapshot"": ""LabA_Research_Institute_DC_10nodes""}",bd1a393,[]
MULTI_FAIL_leaf1_p1_leaf2_p4,multi_link_failure_reachability:591103f7e6,What_If_Analysis,L5,(시나리오) 'leaf1-p1' 링크와 'leaf2-p4' 링크가 동시에 다운되었습니다. 이 상황에서 'leaf4'에서 'p3'로의 트래픽 전달이 가능합니까? [답변 형식: 'REROUTED (path: A→B→C)' 또는 'DISCONNECTED (reason: ...)'],OK,text,"""DISCONNECTED (reason: NO_ROUTE at pe2)""",,"{""scope"": {""type"": ""MULTI_LINK_FAILURE"", ""link1"": ""leaf1-p1"", ""link2"": ""leaf2-p4""}, ""metric"": ""multi_link_failure_reachability"", ""snapshot"": ""LabA_Research_Institute_DC_10nodes""}",bd1a393,[]
MULTI_FAIL_leaf1_pe2_leaf3_p4,multi_link_failure_reachability:d95551fc39,What_If_Analysis,L5,(시나리오) 'leaf1-pe2' 링크와 'leaf3-p4' 링크가 동시에 다운되었습니다. 이 상황에서 'leaf2'에서 'p3'로의 트래픽 전달이 가능합니까? [답변 형식: 'REROUTED (path: A→B→C)' 또는 'DISCONNECTED (reason: ...)'],OK,text,"""DISCONNECTED (reason: NO_ROUTE at pe1)""",,"{""scope"": {""type"": ""MULTI_LINK_FAILURE"", ""link1"": ""leaf1-pe2"", ""link2"": ""leaf3-p4""}, ""metric"": ""multi_link_failure_reachability"", ""snapshot"": ""LabA_Research_Institute_DC_10nodes""}",bd1a393,[]
MULTI_FAIL_leaf2_p2_leaf3_p1,multi_link_failure_reachability:364b172a66,What_If_Analysis,L5,(시나리오) 'leaf2-p2' 링크와 'leaf3-p1' 링크가 동시에 다운되었습니다. 이 상황에서 'leaf1'에서 'p3'로의 트래픽 전달이 가능합니까? [답변 형식: 'REROUTED (path: A→B→C)' 또는 'DISCONNECTED (reason: ...)'],OK,text,"""DISCONNECTED (reason: NO_ROUTE at pe1)""",,"{""scope"": {""type"": ""MULTI_LINK_FAILURE"", ""link1"": ""leaf2-p2"", ""link2"": ""leaf3-p1""}, ""metric"": ""multi_link_failure_reachability"", ""snapshot"": ""LabA_Research_Institute_DC_10nodes""}",bd1a393,[]
MULTI_FAIL_leaf1_pe1_leaf2_p4,multi_link_failure_reachability:bd70cb843c,What_If_Analysis,L5,(시나리오) 'leaf1-pe1' 링크와 'leaf2-p4' 링크가 동시에 다운되었습니다. 이 상황에서 'leaf4'에서 'p3'로의 트래픽 전달이 가능합니까? [답변 형식: 'REROUTED (path: A→B→C)' 또는 'DISCONNECTED (reason: ...)'],OK,text,"""DISCONNECTED (reason: NO_ROUTE at pe2)""",,"{""scope"": {""type"": ""MULTI_LINK_FAILURE"", ""link1"": ""leaf1-pe1"", ""link2"": ""leaf2-p4""}, ""metric"": ""multi_link_failure_reachability"", ""snapshot"": ""LabA_Research_Institute_DC_10nodes""}",bd1a393,[]
MULTI_FAIL_leaf1_leaf3_leaf2_p2,multi_link_failure_reachability:c60d4fc03e,What_If_Analysis,L5,(시나리오) 'leaf1-leaf3' 링크와 'leaf2-p2' 링크가 동시에 다운되었습니다. 이 상황에서 'leaf4'에서 'p3'로의 트래픽 전달이 가능합니까? [답변 형식: 'REROUTED (path: A→B→C)' 또는 'DISCONNECTED (reason: ...)'],OK,text,"""DISCONNECTED (reason: NO_ROUTE at pe2)""",,"{""scope"": {""type"": ""MULTI_LINK_FAILURE"", ""link1"": ""leaf1-leaf3"", ""link2"": ""leaf2-p2""}, ""metric"": ""multi_link_failure_reachability"", ""snapshot"": ""LabA_Research_Institute_DC_10nodes""}",bd1a393,[]
MULTI_FAIL_leaf1_p1_leaf2_p2,multi_link_failure_reachability:c851cc01cd,What_If_Analysis,L5,(시나리오) 'leaf1-p1' 링크와 'leaf2-p2' 링크가 동시에 다운되었습니다. 이 상황에서 'leaf4'에서 'p3'로의 트래픽 전달이 가능합니까? [답변 형식: 'REROUTED (path: A→B→C)' 또는 'DISCONNECTED (reason: ...)'],OK,text,"""DISCONNECTED (reason: NO_ROUTE at pe2)""",,"{""scope"": {""type"": ""MULTI_LINK_FAILURE"", ""link1"": ""leaf1-p1"", ""link2"": ""leaf2-p2""}, ""metric"": ""multi_link_failure_reachability"", ""snapshot"": ""LabA_Research_Institute_DC_10nodes""}",bd1a393,[]
MULTI_FAIL_leaf2_p4_leaf3_p3,multi_link_failure_reachability:3315b78a00,What_If_Analysis,L5,(시나리오) 'leaf2-p4' 링크와 'leaf3-p3' 링크가 동시에 다운되었습니다. 이 상황에서 'leaf1'에서 'p2'로의 트래픽 전달이 가능합니까? [답변 형식: 'REROUTED (path: A→B→C)' 또는 'DISCONNECTED (reason: ...)'],OK,text,"""DISCONNECTED (reason: NO_ROUTE at pe1)""",,"{""scope"": {""type"": ""MULTI_LINK_FAILURE"", ""link1"": ""leaf2-p4"", ""link2"": ""leaf3-p3""}, ""metric"": ""multi_link_failure_reachability"", ""snapshot"": ""LabA_Research_Institute_DC_10nodes""}",bd1a393,[]
MULTI_FAIL_leaf1_pe1_leaf3_leaf4,multi_link_failure_reachability:f246446dd8,What_If_Analysis,L5,(시나리오) 'leaf1-pe1' 링크와 'leaf3-leaf4' 링크가 동시에 다운되었습니다. 이 상황에서 'leaf2'에서 'p3'로의 트래픽 전달이 가능합니까? [답변 형식: 'REROUTED (path: A→B→C)' 또는 'DISCONNECTED (reason: ...)'],OK,text,"""DISCONNECTED (reason: NO_ROUTE at pe1)""",,"{""scope"": {""type"": ""MULTI_LINK_FAILURE"", ""link1"": ""leaf1-pe1"", ""link2"": ""leaf3-leaf4""}, ""metric"": ""multi_link_failure_reachability"", ""snapshot"": ""LabA_Research_Institute_DC_10nodes""}",bd1a393,[]
MULTI_FAIL_leaf1_pe1_leaf3_p3,multi_link_failure_reachability:f1373a584d,What_If_Analysis,L5,(시나리오) 'leaf1-pe1' 링크와 'leaf3-p3' 링크가 동시에 다운되었습니다. 이 상황에서 'leaf2'에서 'p2'로의 트래픽 전달이 가능합니까? [답변 형식: 'REROUTED (path: A→B→C)' 또는 'DISCONNECTED (reason: ...)'],OK,text,"""DISCONNECTED (reason: NO_ROUTE at pe1)""",,"{""scope"": {""type"": ""MULTI_LINK_FAILURE"", ""link1"": ""leaf1-pe1"", ""link2"": ""leaf3-p3""}, ""metric"": ""multi_link_failure_reachability"", ""snapshot"": ""LabA_Research_Institute_DC_10nodes""}",bd1a393,[]
MULTI_FAIL_leaf2_pe2_leaf3_pe1,multi_link_failure_reachability:fd500b3baa,What_If_Analysis,L5,(시나리오) 'leaf2-pe2' 링크와 'leaf3-pe1' 링크가 동시에 다운되었습니다. 이 상황에서 'leaf1'에서 'p3'로의 트래픽 전달이 가능합니까? [답변 형식: 'REROUTED (path: A→B→C)' 또는 'DISCONNECTED (reason: ...)'],OK,text,"""DISCONNECTED (reason: NO_ROUTE at pe1)""",,"{""scope"": {""type"": ""MULTI_LINK_FAILURE"", ""link1"": ""leaf2-pe2"", ""link2"": ""leaf3-pe1""}, ""metric"": ""multi_link_failure_reachability"", ""snapshot"": ""LabA_Research_Institute_DC_10nodes""}",bd1a393,[]
MULTI_FAIL_leaf1_p1_leaf2_p3,multi_link_failure_reachability:35b8b55edc,What_If_Analysis,L5,(시나리오) 'leaf1-p1' 링크와 'leaf2-p3' 링크가 동시에 다운되었습니다. 이 상황에서 'leaf4'에서 'p2'로의 트래픽 전달이 가능합니까? [답변 형식: 'REROUTED (path: A→B→C)' 또는 'DISCONNECTED (reason: ...)'],OK,text,"""DISCONNECTED (reason: NO_ROUTE at pe2)""",,"{""scope"": {""type"": ""MULTI_LINK_FAILURE"", ""link1"": ""leaf1-p1"", ""link2"": ""leaf2-p3""}, ""metric"": ""multi_link_failure_reachability"", ""snapshot"": ""LabA_Research_Institute_DC_10nodes""}",bd1a393,[]
MULTI_FAIL_leaf1_p1_leaf3_leaf4,multi_link_failure_reachability:1e50b45157,What_If_Analysis,L5,(시나리오) 'leaf1-p1' 링크와 'leaf3-leaf4' 링크가 동시에 다운되었습니다. 이 상황에서 'leaf2'에서 'p3'로의 트래픽 전달이 가능합니까? [답변 형식: 'REROUTED (path: A→B→C)' 또는 'DISCONNECTED (reason: ...)'],OK,text,"""DISCONNECTED (reason: NO_ROUTE at pe1)""",,"{""scope"": {""type"": ""MULTI_LINK_FAILURE"", ""link1"": ""leaf1-p1"", ""link2"": ""leaf3-leaf4""}, ""metric"": ""multi_link_failure_reachability"", ""snapshot"": ""LabA_Research_Institute_DC_10nodes""}",bd1a393,[]
MULTI_FAIL_leaf1_leaf3_leaf2_leaf4,multi_link_failure_reachability:f62cd454c9,What_If_Analysis,L5,(시나리오) 'leaf1-leaf3' 링크와 'leaf2-leaf4' 링크가 동시에 다운되었습니다. 이 상황에서 'p1'에서 'p3'로의 트래픽 전달이 가능합니까? [답변 형식: 'REROUTED (path: A→B→C)' 또는 'DISCONNECTED (reason: ...)'],OK,text,"""REROUTED (path: p1 -> p2 -> p3)""",,"{""scope"": {""type"": ""MULTI_LINK_FAILURE"", ""link1"": ""leaf1-leaf3"", ""link2"": ""leaf2-leaf4""}, ""metric"": ""multi_link_failure_reachability"", ""snapshot"": ""LabA_Research_Institute_DC_10nodes""}",bd1a393,[]
MULTI_FAIL_leaf2_p2_leaf3_pe1,multi_link_failure_reachability:b98f2a68db,What_If_Analysis,L5,(시나리오) 'leaf2-p2' 링크와 'leaf3-pe1' 링크가 동시에 다운되었습니다. 이 상황에서 'leaf1'에서 'p3'로의 트래픽 전달이 가능합니까? [답변 형식: 'REROUTED (path: A→B→C)' 또는 'DISCONNECTED (reason: ...)'],OK,text,"""DISCONNECTED (reason: NO_ROUTE at pe1)""",,"{""scope"": {""type"": ""MULTI_LINK_FAILURE"", ""link1"": ""leaf2-p2"", ""link2"": ""leaf3-pe1""}, ""metric"": ""multi_link_failure_reachability"", ""snapshot"": ""LabA_Research_Institute_DC_10nodes""}",bd1a393,[]
MULTI_FAIL_leaf1_p3_leaf2_pe2,multi_link_failure_reachability:b4e4d52c49,What_If_Analysis,L5,(시나리오) 'leaf1-p3' 링크와 'leaf2-pe2' 링크가 동시에 다운되었습니다. 이 상황에서 'leaf4'에서 'p2'로의 트래픽 전달이 가능합니까? [답변 형식: 'REROUTED (path: A→B→C)' 또는 'DISCONNECTED (reason: ...)'],OK,text,"""DISCONNECTED (reason: NO_ROUTE at pe2)""",,"{""scope"": {""type"": ""MULTI_LINK_FAILURE"", ""link1"": ""leaf1-p3"", ""link2"": ""leaf2-pe2""}, ""metric"": ""multi_link_failure_reachability"", ""snapshot"": ""LabA_Research_Institute_DC_10nodes""}",bd1a393,[]
MULTI_FAIL_leaf1_p3_leaf2_pe1,multi_link_failure_reachability:eddad548d3,What_If_Analysis,L5,(시나리오) 'leaf1-p3' 링크와 'leaf2-pe1' 링크가 동시에 다운되었습니다. 이 상황에서 'leaf4'에서 'p2'로의 트래픽 전달이 가능합니까? [답변 형식: 'REROUTED (path: A→B→C)' 또는 'DISCONNECTED (reason: ...)'],OK,text,"""DISCONNECTED (reason: NO_ROUTE at pe2)""",,"{""scope"": {""type"": ""MULTI_LINK_FAILURE"", ""link1"": ""leaf1-p3"", ""link2"": ""leaf2-pe1""}, ""metric"": ""multi_link_failure_reachability"", ""snapshot"": ""LabA_Research_Institute_DC_10nodes""}",bd1a393,[]
MULTI_FAIL_leaf1_pe1_leaf3_p1,multi_link_failure_reachability:d4bede8909,What_If_Analysis,L5,(시나리오) 'leaf1-pe1' 링크와 'leaf3-p1' 링크가 동시에 다운되었습니다. 이 상황에서 'leaf2'에서 'p3'로의 트래픽 전달이 가능합니까? [답변 형식: 'REROUTED (path: A→B→C)' 또는 'DISCONNECTED (reason: ...)'],OK,text,"""DISCONNECTED (reason: NO_ROUTE at pe1)""",,"{""scope"": {""type"": ""MULTI_LINK_FAILURE"", ""link1"": ""leaf1-pe1"", ""link2"": ""leaf3-p1""}, ""metric"": ""multi_link_failure_reachability"", ""snapshot"": ""LabA_Research_Institute_DC_10nodes""}",bd1a393,[]
MULTI_FAIL_leaf2_p4_leaf3_pe1,multi_link_failure_reachability:2364aecd10,What_If_Analysis,L5,(시나리오) 'leaf2-p4' 링크와 'leaf3-pe1' 링크가 동시에 다운되었습니다. 이 상황에서 'leaf1'에서 'p3'로의 트래픽 전달이 가능합니까? [답변 형식: 'REROUTED (path: A→B→C)' 또는 'DISCONNECTED (reason: ...)'],OK,text,"""DISCONNECTED (reason: NO_ROUTE at pe1)""",,"{""scope"": {""type"": ""MULTI_LINK_FAILURE"", ""link1"": ""leaf2-p4"", ""link2"": ""leaf3-pe1""}, ""metric"": ""multi_link_failure_reachability"", ""snapshot"": ""LabA_Research_Institute_DC_10nodes""}",bd1a393,[]
MULTI_FAIL_leaf1_pe1_leaf2_pe2,multi_link_failure_reachability:c6580ec370,What_If_Analysis,L5,(시나리오) 'leaf1-pe1' 링크와 'leaf2-pe2' 링크가 동시에 다운되었습니다. 이 상황에서 'leaf4'에서 'p3'로의 트래픽 전달이 가능합니까? [답변 형식: 'REROUTED (path: A→B→C)' 또는 'DISCONNECTED (reason: ...)'],OK,text,"""DISCONNECTED (reason: NO_ROUTE at pe2)""",,"{""scope"": {""type"": ""MULTI_LINK_FAILURE"", ""link1"": ""leaf1-pe1"", ""link2"": ""leaf2-pe2""}, ""metric"": ""multi_link_failure_reachability"", ""snapshot"": ""LabA_Research_Institute_DC_10nodes""}",bd1a393,[]
MULTI_FAIL_leaf1_pe2_leaf3_leaf2,multi_link_failure_reachability:cf0ac7c950,What_If_Analysis,L5,(시나리오) 'leaf1-pe2' 링크와 'leaf3-leaf2' 링크가 동시에 다운되었습니다. 이 상황에서 'leaf4'에서 'p3'로의 트래픽 전달이 가능합니까? [답변 형식: 'REROUTED (path: A→B→C)' 또는 'DISCONNECTED (reason: ...)'],OK,text,"""DISCONNECTED (reason: NO_ROUTE at pe2)""",,"{""scope"": {""type"": ""MULTI_LINK_FAILURE"", ""link1"": ""leaf1-pe2"", ""link2"": ""leaf3-leaf2""}, ""metric"": ""multi_link_failure_reachability"", ""snapshot"": ""LabA_Research_Institute_DC_10nodes""}",bd1a393,[]
MULTI_FAIL_leaf2_pe1_leaf3_p3,multi_link_failure_reachability:a6072e7abf,What_If_Analysis,L5,(시나리오) 'leaf2-pe1' 링크와 'leaf3-p3' 링크가 동시에 다운되었습니다. 이 상황에서 'leaf1'에서 'p2'로의 트래픽 전달이 가능합니까? [답변 형식: 'REROUTED (path: A→B→C)' 또는 'DISCONNECTED (reason: ...)'],OK,text,"""DISCONNECTED (reason: NO_ROUTE at pe1)""",,"{""scope"": {""type"": ""MULTI_LINK_FAILURE"", ""link1"": ""leaf2-pe1"", ""link2"": ""leaf3-p3""}, ""metric"": ""multi_link_failure_reachability"", ""snapshot"": ""LabA_Research_Institute_DC_10nodes""}",bd1a393,[]
MULTI_FAIL_leaf1_pe1_leaf2_leaf4,multi_link_failure_reachability:1b194dd2c5,What_If_Analysis,L5,(시나리오) 'leaf1-pe1' 링크와 'leaf2-leaf4' 링크가 동시에 다운되었습니다. 이 상황에서 'p1'에서 'p3'로의 트래픽 전달이 가능합니까? [답변 형식: 'REROUTED (path: A→B→C)' 또는 'DISCONNECTED (reason: ...)'],OK,text,"""REROUTED (path: p1 -> p2 -> p3)""",,"{""scope"": {""type"": ""MULTI_LINK_FAILURE"", ""link1"": ""leaf1-pe1"", ""link2"": ""leaf2-leaf4""}, ""metric"": ""multi_link_failure_reachability"", ""snapshot"": ""LabA_Research_Institute_DC_10nodes""}",bd1a393,[]
MULTI_FAIL_leaf1_p2_leaf3_leaf2,multi_link_failure_reachability:625ce1fcb3,What_If_Analysis,L5,(시나리오) 'leaf1-p2' 링크와 'leaf3-leaf2' 링크가 동시에 다운되었습니다. 이 상황에서 'leaf4'에서 'p3'로의 트래픽 전달이 가능합니까? [답변 형식: 'REROUTED (path: A→B→C)' 또는 'DISCONNECTED (reason: ...)'],OK,text,"""DISCONNECTED (reason: NO_ROUTE at pe2)""",,"{""scope"": {""type"": ""MULTI_LINK_FAILURE"", ""link1"": ""leaf1-p2"", ""link2"": ""leaf3-leaf2""}, ""metric"": ""multi_link_failure_reachability"", ""snapshot"": ""LabA_Research_Institute_DC_10nodes""}",bd1a393,[]
MULTI_FAIL_leaf1_p2_leaf2_p1,multi_link_failure_reachability:f3f10099b6,What_If_Analysis,L5,(시나리오) 'leaf1-p2' 링크와 'leaf2-p1' 링크가 동시에 다운되었습니다. 이 상황에서 'leaf4'에서 'p3'로의 트래픽 전달이 가능합니까? [답변 형식: 'REROUTED (path: A→B→C)' 또는 'DISCONNECTED (reason: ...)'],OK,text,"""DISCONNECTED (reason: NO_ROUTE at pe2)""",,"{""scope"": {""type"": ""MULTI_LINK_FAILURE"", ""link1"": ""leaf1-p2"", ""link2"": ""leaf2-p1""}, ""metric"": ""multi_link_failure_reachability"", ""snapshot"": ""LabA_Research_Institute_DC_10nodes""}",bd1a393,[]
MULTI_FAIL_leaf1_leaf3_leaf2_pe1,multi_link_failure_reachability:a65aafe1bb,What_If_Analysis,L5,(시나리오) 'leaf1-leaf3' 링크와 'leaf2-pe1' 링크가 동시에 다운되었습니다. 이 상황에서 'leaf4'에서 'p3'로의 트래픽 전달이 가능합니까? [답변 형식: 'REROUTED (path: A→B→C)' 또는 'DISCONNECTED (reason: ...)'],OK,text,"""DISCONNECTED (reason: NO_ROUTE at pe2)""",,"{""scope"": {""type"": ""MULTI_LINK_FAILURE"", ""link1"": ""leaf1-leaf3"", ""link2"": ""leaf2-pe1""}, ""metric"": ""multi_link_failure_reachability"", ""snapshot"": ""LabA_Research_Institute_DC_10nodes""}",bd1a393,[]
MULTI_FAIL_leaf1_p2_leaf2_leaf4,multi_link_failure_reachability:f376aadf57,What_If_Analysis,L5,(시나리오) 'leaf1-p2' 링크와 'leaf2-leaf4' 링크가 동시에 다운되었습니다. 이 상황에서 'p1'에서 'p3'로의 트래픽 전달이 가능합니까? [답변 형식: 'REROUTED (path: A→B→C)' 또는 'DISCONNECTED (reason: ...)'],OK,text,"""REROUTED (path: p1 -> p2 -> p3)""",,"{""scope"": {""type"": ""MULTI_LINK_FAILURE"", ""link1"": ""leaf1-p2"", ""link2"": ""leaf2-leaf4""}, ""metric"": ""multi_link_failure_reachability"", ""snapshot"": ""LabA_Research_Institute_DC_10nodes""}",bd1a393,[]
MULTI_FAIL_leaf2_leaf1_leaf3_leaf4,multi_link_failure_reachability:e42d5bb419,What_If_Analysis,L5,(시나리오) 'leaf2-leaf1' 링크와 'leaf3-leaf4' 링크가 동시에 다운되었습니다. 이 상황에서 'p1'에서 'p3'로의 트래픽 전달이 가능합니까? [답변 형식: 'REROUTED (path: A→B→C)' 또는 'DISCONNECTED (reason: ...)'],OK,text,"""REROUTED (path: p1 -> p2 -> p3)""",,"{""scope"": {""type"": ""MULTI_LINK_FAILURE"", ""link1"": ""leaf2-leaf1"", ""link2"": ""leaf3-leaf4""}, ""metric"": ""multi_link_failure_reachability"", ""snapshot"": ""LabA_Research_Institute_DC_10nodes""}",bd1a393,[]
MULTI_FAIL_leaf1_p2_leaf3_pe2,multi_link_failure_reachability:d667566bcf,What_If_Analysis,L5,(시나리오) 'leaf1-p2' 링크와 'leaf3-pe2' 링크가 동시에 다운되었습니다. 이 상황에서 'leaf2'에서 'p3'로의 트래픽 전달이 가능합니까? [답변 형식: 'REROUTED (path: A→B→C)' 또는 'DISCONNECTED (reason: ...)'],OK,text,"""DISCONNECTED (reason: NO_ROUTE at pe1)""",,"{""scope"": {""type"": ""MULTI_LINK_FAILURE"", ""link1"": ""leaf1-p2"", ""link2"": ""leaf3-pe2""}, ""metric"": ""multi_link_failure_reachability"", ""snapshot"": ""LabA_Research_Institute_DC_10nodes""}",bd1a393,[]
MULTI_FAIL_leaf1_p4_leaf3_p2,multi_link_failure_reachability:9b2b86b426,What_If_Analysis,L5,(시나리오) 'leaf1-p4' 링크와 'leaf3-p2' 링크가 동시에 다운되었습니다. 이 상황에서 'leaf2'에서 'p3'로의 트래픽 전달이 가능합니까? [답변 형식: 'REROUTED (path: A→B→C)' 또는 'DISCONNECTED (reason: ...)'],OK,text,"""DISCONNECTED (reason: NO_ROUTE at pe1)""",,"{""scope"": {""type"": ""MULTI_LINK_FAILURE"", ""link1"": ""leaf1-p4"", ""link2"": ""leaf3-p2""}, ""metric"": ""multi_link_failure_reachability"", ""snapshot"": ""LabA_Research_Institute_DC_10nodes""}",bd1a393,[]
MULTI_FAIL_leaf1_pe1_leaf2_p2,multi_link_failure_reachability:356714eb0c,What_If_Analysis,L5,(시나리오) 'leaf1-pe1' 링크와 'leaf2-p2' 링크가 동시에 다운되었습니다. 이 상황에서 'leaf4'에서 'p3'로의 트래픽 전달이 가능합니까? [답변 형식: 'REROUTED (path: A→B→C)' 또는 'DISCONNECTED (reason: ...)'],OK,text,"""DISCONNECTED (reason: NO_ROUTE at pe2)""",,"{""scope"": {""type"": ""MULTI_LINK_FAILURE"", ""link1"": ""leaf1-pe1"", ""link2"": ""leaf2-p2""}, ""metric"": ""multi_link_failure_reachability"", ""snapshot"": ""LabA_Research_Institute_DC_10nodes""}",bd1a393,[]
MULTI_FAIL_leaf1_pe2_leaf2_p1,multi_link_failure_reachability:fa71ed38be,What_If_Analysis,L5,(시나리오) 'leaf1-pe2' 링크와 'leaf2-p1' 링크가 동시에 다운되었습니다. 이 상황에서 'leaf4'에서 'p3'로의 트래픽 전달이 가능합니까? [답변 형식: 'REROUTED (path: A→B→C)' 또는 'DISCONNECTED (reason: ...)'],OK,text,"""DISCONNECTED (reason: NO_ROUTE at pe2)""",,"{""scope"": {""type"": ""MULTI_LINK_FAILURE"", ""link1"": ""leaf1-pe2"", ""link2"": ""leaf2-p1""}, ""metric"": ""multi_link_failure_reachability"", ""snapshot"": ""LabA_Research_Institute_DC_10nodes""}",bd1a393,[]
MULTI_FAIL_leaf1_pe2_leaf2_leaf4,multi_link_failure_reachability:2bbb2f152a,What_If_Analysis,L5,(시나리오) 'leaf1-pe2' 링크와 'leaf2-leaf4' 링크가 동시에 다운되었습니다. 이 상황에서 'p1'에서 'p3'로의 트래픽 전달이 가능합니까? [답변 형식: 'REROUTED (path: A→B→C)' 또는 'DISCONNECTED (reason: ...)'],OK,text,"""REROUTED (path: p1 -> p2 -> p3)""",,"{""scope"": {""type"": ""MULTI_LINK_FAILURE"", ""link1"": ""leaf1-pe2"", ""link2"": ""leaf2-leaf4""}, ""metric"": ""multi_link_failure_reachability"", ""snapshot"": ""LabA_Research_Institute_DC_10nodes""}",bd1a393,[]
MULTI_FAIL_leaf2_leaf4_leaf3_pe2,multi_link_failure_reachability:202240b44c,What_If_Analysis,L5,(시나리오) 'leaf2-leaf4' 링크와 'leaf3-pe2' 링크가 동시에 다운되었습니다. 이 상황에서 'leaf1'에서 'p3'로의 트래픽 전달이 가능합니까? [답변 형식: 'REROUTED (path: A→B→C)' 또는 'DISCONNECTED (reason: ...)'],OK,text,"""DISCONNECTED (reason: NO_ROUTE at pe1)""",,"{""scope"": {""type"": ""MULTI_LINK_FAILURE"", ""link1"": ""leaf2-leaf4"", ""link2"": ""leaf3-pe2""}, ""metric"": ""multi_link_failure_reachability"", ""snapshot"": ""LabA_Research_Institute_DC_10nodes""}",bd1a393,[]
MULTI_FAIL_leaf2_p1_leaf3_p4,multi_link_failure_reachability:61217d0163,What_If_Analysis,L5,(시나리오) 'leaf2-p1' 링크와 'leaf3-p4' 링크가 동시에 다운되었습니다. 이 상황에서 'leaf1'에서 'p3'로의 트래픽 전달이 가능합니까? [답변 형식: 'REROUTED (path: A→B→C)' 또는 'DISCONNECTED (reason: ...)'],OK,text,"""DISCONNECTED (reason: NO_ROUTE at pe1)""",,"{""scope"": {""type"": ""MULTI_LINK_FAILURE"", ""link1"": ""leaf2-p1"", ""link2"": ""leaf3-p4""}, ""metric"": ""multi_link_failure_reachability"", ""snapshot"": ""LabA_Research_Institute_DC_10nodes""}",bd1a393,[]
MULTI_FAIL_leaf1_p4_leaf3_leaf4,multi_link_failure_reachability:6c152b7366,What_If_Analysis,L5,(시나리오) 'leaf1-p4' 링크와 'leaf3-leaf4' 링크가 동시에 다운되었습니다. 이 상황에서 'leaf2'에서 'p3'로의 트래픽 전달이 가능합니까? [답변 형식: 'REROUTED (path: A→B→C)' 또는 'DISCONNECTED (reason: ...)'],OK,text,"""DISCONNECTED (reason: NO_ROUTE at pe1)""",,"{""scope"": {""type"": ""MULTI_LINK_FAILURE"", ""link1"": ""leaf1-p4"", ""link2"": ""leaf3-leaf4""}, ""metric"": ""multi_link_failure_reachability"", ""snapshot"": ""LabA_Research_Institute_DC_10nodes""}",bd1a393,[]
MULTI_FAIL_leaf2_p1_leaf3_leaf4,multi_link_failure_reachability:1c627cf3de,What_If_Analysis,L5,(시나리오) 'leaf2-p1' 링크와 'leaf3-leaf4' 링크가 동시에 다운되었습니다. 이 상황에서 'leaf1'에서 'p3'로의 트래픽 전달이 가능합니까? [답변 형식: 'REROUTED (path: A→B→C)' 또는 'DISCONNECTED (reason: ...)'],OK,text,"""DISCONNECTED (reason: NO_ROUTE at pe1)""",,"{""scope"": {""type"": ""MULTI_LINK_FAILURE"", ""link1"": ""leaf2-p1"", ""link2"": ""leaf3-leaf4""}, ""metric"": ""multi_link_failure_reachability"", ""snapshot"": ""LabA_Research_Institute_DC_10nodes""}",bd1a393,[]
MULTI_FAIL_leaf2_p4_leaf3_pe2,multi_link_failure_reachability:b48bdf1399,What_If_Analysis,L5,(시나리오) 'leaf2-p4' 링크와 'leaf3-pe2' 링크가 동시에 다운되었습니다. 이 상황에서 'leaf1'에서 'p3'로의 트래픽 전달이 가능합니까? [답변 형식: 'REROUTED (path: A→B→C)' 또는 'DISCONNECTED (reason: ...)'],OK,text,"""DISCONNECTED (reason: NO_ROUTE at pe1)""",,"{""scope"": {""type"": ""MULTI_LINK_FAILURE"", ""link1"": ""leaf2-p4"", ""link2"": ""leaf3-pe2""}, ""metric"": ""multi_link_failure_reachability"", ""snapshot"": ""LabA_Research_Institute_DC_10nodes""}",bd1a393,[]
MULTI_FAIL_leaf1_pe1_leaf2_p3,multi_link_failure_reachability:80c37ff81e,What_If_Analysis,L5,(시나리오) 'leaf1-pe1' 링크와 'leaf2-p3' 링크가 동시에 다운되었습니다. 이 상황에서 'leaf4'에서 'p2'로의 트래픽 전달이 가능합니까? [답변 형식: 'REROUTED (path: A→B→C)' 또는 'DISCONNECTED (reason: ...)'],OK,text,"""DISCONNECTED (reason: NO_ROUTE at pe2)""",,"{""scope"": {""type"": ""MULTI_LINK_FAILURE"", ""link1"": ""leaf1-pe1"", ""link2"": ""leaf2-p3""}, ""metric"": ""multi_link_failure_reachability"", ""snapshot"": ""LabA_Research_Institute_DC_10nodes""}",bd1a393,[]
MULTI_FAIL_leaf1_p3_leaf3_leaf4,multi_link_failure_reachability:836f64c02d,What_If_Analysis,L5,(시나리오) 'leaf1-p3' 링크와 'leaf3-leaf4' 링크가 동시에 다운되었습니다. 이 상황에서 'leaf2'에서 'p2'로의 트래픽 전달이 가능합니까? [답변 형식: 'REROUTED (path: A→B→C)' 또는 'DISCONNECTED (reason: ...)'],OK,text,"""DISCONNECTED (reason: NO_ROUTE at pe1)""",,"{""scope"": {""type"": ""MULTI_LINK_FAILURE"", ""link1"": ""leaf1-p3"", ""link2"": ""leaf3-leaf4""}, ""metric"": ""multi_link_failure_reachability"", ""snapshot"": ""LabA_Research_Institute_DC_10nodes""}",bd1a393,[]
MULTI_FAIL_leaf1_leaf2_leaf3_pe2,multi_link_failure_reachability:ea36f3bd5f,What_If_Analysis,L5,(시나리오) 'leaf1-leaf2' 링크와 'leaf3-pe2' 링크가 동시에 다운되었습니다. 이 상황에서 'leaf4'에서 'p3'로의 트래픽 전달이 가능합니까? [답변 형식: 'REROUTED (path: A→B→C)' 또는 'DISCONNECTED (reason: ...)'],OK,text,"""DISCONNECTED (reason: NO_ROUTE at pe2)""",,"{""scope"": {""type"": ""MULTI_LINK_FAILURE"", ""link1"": ""leaf1-leaf2"", ""link2"": ""leaf3-pe2""}, ""metric"": ""multi_link_failure_reachability"", ""snapshot"": ""LabA_Research_Institute_DC_10nodes""}",bd1a393,[]
MULTI_FAIL_leaf1_p2_leaf3_leaf4,multi_link_failure_reachability:2f1805b8fa,What_If_Analysis,L5,(시나리오) 'leaf1-p2' 링크와 'leaf3-leaf4' 링크가 동시에 다운되었습니다. 이 상황에서 'leaf2'에서 'p3'로의 트래픽 전달이 가능합니까? [답변 형식: 'REROUTED (path: A→B→C)' 또는 'DISCONNECTED (reason: ...)'],OK,text,"""DISCONNECTED (reason: NO_ROUTE at pe1)""",,"{""scope"": {""type"": ""MULTI_LINK_FAILURE"", ""link1"": ""leaf1-p2"", ""link2"": ""leaf3-leaf4""}, ""metric"": ""multi_link_failure_reachability"", ""snapshot"": ""LabA_Research_Institute_DC_10nodes""}",bd1a393,[]
MULTI_FAIL_leaf1_p1_leaf3_pe1,multi_link_failure_reachability:1a4a2b1f74,What_If_Analysis,L5,(시나리오) 'leaf1-p1' 링크와 'leaf3-pe1' 링크가 동시에 다운되었습니다. 이 상황에서 'leaf2'에서 'p3'로의 트래픽 전달이 가능합니까? [답변 형식: 'REROUTED (path: A→B→C)' 또는 'DISCONNECTED (reason: ...)'],OK,text,"""DISCONNECTED (reason: NO_ROUTE at pe1)""",,"{""scope"": {""type"": ""MULTI_LINK_FAILURE"", ""link1"": ""leaf1-p1"", ""link2"": ""leaf3-pe1""}, ""metric"": ""multi_link_failure_reachability"", ""snapshot"": ""LabA_Research_Institute_DC_10nodes""}",bd1a393,[]
MULTI_FAIL_leaf1_p3_leaf2_p4,multi_link_failure_reachability:e4faa14bb7,What_If_Analysis,L5,(시나리오) 'leaf1-p3' 링크와 'leaf2-p4' 링크가 동시에 다운되었습니다. 이 상황에서 'leaf4'에서 'p2'로의 트래픽 전달이 가능합니까? [답변 형식: 'REROUTED (path: A→B→C)' 또는 'DISCONNECTED (reason: ...)'],OK,text,"""DISCONNECTED (reason: NO_ROUTE at pe2)""",,"{""scope"": {""type"": ""MULTI_LINK_FAILURE"", ""link1"": ""leaf1-p3"", ""link2"": ""leaf2-p4""}, ""metric"": ""multi_link_failure_reachability"", ""snapshot"": ""LabA_Research_Institute_DC_10nodes""}",bd1a393,[]
MULTI_FAIL_leaf1_pe2_leaf2_p3,multi_link_failure_reachability:42b813c529,What_If_Analysis,L5,(시나리오) 'leaf1-pe2' 링크와 'leaf2-p3' 링크가 동시에 다운되었습니다. 이 상황에서 'leaf4'에서 'p2'로의 트래픽 전달이 가능합니까? [답변 형식: 'REROUTED (path: A→B→C)' 또는 'DISCONNECTED (reason: ...)'],OK,text,"""DISCONNECTED (reason: NO_ROUTE at pe2)""",,"{""scope"": {""type"": ""MULTI_LINK_FAILURE"", ""link1"": ""leaf1-pe2"", ""link2"": ""leaf2-p3""}, ""metric"": ""multi_link_failure_reachability"", ""snapshot"": ""LabA_Research_Institute_DC_10nodes""}",bd1a393,[]
MULTI_FAIL_leaf1_pe2_leaf2_pe1,multi_link_failure_reachability:5bb1648d13,What_If_Analysis,L5,(시나리오) 'leaf1-pe2' 링크와 'leaf2-pe1' 링크가 동시에 다운되었습니다. 이 상황에서 'leaf4'에서 'p3'로의 트래픽 전달이 가능합니까? [답변 형식: 'REROUTED (path: A→B→C)' 또는 'DISCONNECTED (reason: ...)'],OK,text,"""DISCONNECTED (reason: NO_ROUTE at pe2)""",,"{""scope"": {""type"": ""MULTI_LINK_FAILURE"", ""link1"": ""leaf1-pe2"", ""link2"": ""leaf2-pe1""}, ""metric"": ""multi_link_failure_reachability"", ""snapshot"": ""LabA_Research_Institute_DC_10nodes""}",bd1a393,[]
MULTI_FAIL_leaf2_p3_leaf3_leaf4,multi_link_failure_reachability:94bb335a27,What_If_Analysis,L5,(시나리오) 'leaf2-p3' 링크와 'leaf3-leaf4' 링크가 동시에 다운되었습니다. 이 상황에서 'leaf1'에서 'p2'로의 트래픽 전달이 가능합니까? [답변 형식: 'REROUTED (path: A→B→C)' 또는 'DISCONNECTED (reason: ...)'],OK,text,"""DISCONNECTED (reason: NO_ROUTE at pe1)""",,"{""scope"": {""type"": ""MULTI_LINK_FAILURE"", ""link1"": ""leaf2-p3"", ""link2"": ""leaf3-leaf4""}, ""metric"": ""multi_link_failure_reachability"", ""snapshot"": ""LabA_Research_Institute_DC_10nodes""}",bd1a393,[]
MULTI_FAIL_leaf1_leaf4_leaf3_p2,multi_link_failure_reachability:65f5571b98,What_If_Analysis,L5,(시나리오) 'leaf1-leaf4' 링크와 'leaf3-p2' 링크가 동시에 다운되었습니다. 이 상황에서 'leaf2'에서 'p3'로의 트래픽 전달이 가능합니까? [답변 형식: 'REROUTED (path: A→B→C)' 또는 'DISCONNECTED (reason: ...)'],OK,text,"""DISCONNECTED (reason: NO_ROUTE at pe1)""",,"{""scope"": {""type"": ""MULTI_LINK_FAILURE"", ""link1"": ""leaf1-leaf4"", ""link2"": ""leaf3-p2""}, ""metric"": ""multi_link_failure_reachability"", ""snapshot"": ""LabA_Research_Institute_DC_10nodes""}",bd1a393,[]
PORT_CHANNEL_DEVICES__rs1,port_channel_devices:566d4b6821-rs1,Hardware_Inventory,L1,네트워크 전체에서 Port-Channel(EtherChannel) 인터페이스를 보유한 장비 목록은? [답변 형식: 장비명 리스트],NOT_CONFIGURED,set,[],,"{""snapshot"": ""LabA_Research_Institute_DC_10nodes"", ""metric"": ""port_channel_devices"", ""scope"": {""type"": ""GLOBAL""}, ""resample_pass"": 2, ""resample_index"": 1}",bd1a393,"['leaf1.cfg', 'leaf2.cfg', 'leaf3.cfg', 'leaf4.cfg', 'p1.cfg', 'p2.cfg', 'p3.cfg', 'p4.cfg', 'pe1.cfg', 'pe2.cfg']"
SERIAL_INTERFACE_DEVICES__rs2,serial_interface_devices:566d4b6821-rs2,Hardware_Inventory,L1,네트워크 전체에서 Serial 인터페이스를 보유한 장비 목록은? [답변 형식: 장비명 리스트],NOT_CONFIGURED,set,[],,"{""snapshot"": ""LabA_Research_Institute_DC_10nodes"", ""metric"": ""serial_interface_devices"", ""scope"": {""type"": ""GLOBAL""}, ""resample_pass"": 2, ""resample_index"": 2}",bd1a393,"['leaf1.cfg', 'leaf2.cfg', 'leaf3.cfg', 'leaf4.cfg', 'p1.cfg', 'p2.cfg', 'p3.cfg', 'p4.cfg', 'pe1.cfg', 'pe2.cfg']"
SERIAL_INTERFACE_DEVICES__rs3,serial_interface_devices:566d4b6821-rs3,Hardware_Inventory,L1,네트워크 전체에서 Serial 인터페이스를 보유한 장비 목록은? [답변 형식: 장비명 리스트],NOT_CONFIGURED,set,[],,"{""snapshot"": ""LabA_Research_Institute_DC_10nodes"", ""metric"": ""serial_interface_devices"", ""scope"": {""type"": ""GLOBAL""}, ""resample_pass"": 2, ""resample_index"": 3}",bd1a393,"['leaf1.cfg', 'leaf2.cfg', 'leaf3.cfg', 'leaf4.cfg', 'p1.cfg', 'p2.cfg', 'p3.cfg', 'p4.cfg', 'pe1.cfg', 'pe2.cfg']"
PORT_CHANNEL_DEVICES__rs1__rs4,port_channel_devices:566d4b6821-rs1-rs4,Hardware_Inventory,L1,네트워크 전체에서 Port-Channel(EtherChannel) 인터페이스를 보유한 장비 목록은? [답변 형식: 장비명 리스트],NOT_CONFIGURED,set,[],,"{""snapshot"": ""LabA_Research_Institute_DC_10nodes"", ""metric"": ""port_channel_devices"", ""scope"": {""type"": ""GLOBAL""}, ""resample_pass"": 2, ""resample_index"": 4}",bd1a393,"['leaf1.cfg', 'leaf2.cfg', 'leaf3.cfg', 'leaf4.cfg', 'p1.cfg', 'p2.cfg', 'p3.cfg', 'p4.cfg', 'pe1.cfg', 'pe2.cfg']"
PORT_CHANNEL_DEVICES__rs1__rs4__rs5,port_channel_devices:566d4b6821-rs1-rs4-rs5,Hardware_Inventory,L1,네트워크 전체에서 Port-Channel(EtherChannel) 인터페이스를 보유한 장비 목록은? [답변 형식: 장비명 리스트],NOT_CONFIGURED,set,[],,"{""snapshot"": ""LabA_Research_Institute_DC_10nodes"", ""metric"": ""port_channel_devices"", ""scope"": {""type"": ""GLOBAL""}, ""resample_pass"": 2, ""resample_index"": 5}",bd1a393,"['leaf1.cfg', 'leaf2.cfg', 'leaf3.cfg', 'leaf4.cfg', 'p1.cfg', 'p2.cfg', 'p3.cfg', 'p4.cfg', 'pe1.cfg', 'pe2.cfg']"
PORT_CHANNEL_DEVICES__rs1__rs4__rs5__rs6,port_channel_devices:566d4b6821-rs1-rs4-rs5-rs6,Hardware_Inventory,L1,네트워크 전체에서 Port-Channel(EtherChannel) 인터페이스를 보유한 장비 목록은? [답변 형식: 장비명 리스트],NOT_CONFIGURED,set,[],,"{""snapshot"": ""LabA_Research_Institute_DC_10nodes"", ""metric"": ""port_channel_devices"", ""scope"": {""type"": ""GLOBAL""}, ""resample_pass"": 2, ""resample_index"": 6}",bd1a393,"['leaf1.cfg', 'leaf2.cfg', 'leaf3.cfg', 'leaf4.cfg', 'p1.cfg', 'p2.cfg', 'p3.cfg', 'p4.cfg', 'pe1.cfg', 'pe2.cfg']"
PORT_CHANNEL_DEVICES__rs1__rs4__rs5__rs7,port_channel_devices:566d4b6821-rs1-rs4-rs5-rs7,Hardware_Inventory,L1,네트워크 전체에서 Port-Channel(EtherChannel) 인터페이스를 보유한 장비 목록은? [답변 형식: 장비명 리스트],NOT_CONFIGURED,set,[],,"{""snapshot"": ""LabA_Research_Institute_DC_10nodes"", ""metric"": ""port_channel_devices"", ""scope"": {""type"": ""GLOBAL""}, ""resample_pass"": 2, ""resample_index"": 7}",bd1a393,"['leaf1.cfg', 'leaf2.cfg', 'leaf3.cfg', 'leaf4.cfg', 'p1.cfg', 'p2.cfg', 'p3.cfg', 'p4.cfg', 'pe1.cfg', 'pe2.cfg']"
PORT_CHANNEL_DEVICES__rs8,port_channel_devices:566d4b6821-rs8,Hardware_Inventory,L1,네트워크 전체에서 Port-Channel(EtherChannel) 인터페이스를 보유한 장비 목록은? [답변 형식: 장비명 리스트],NOT_CONFIGURED,set,[],,"{""snapshot"": ""LabA_Research_Institute_DC_10nodes"", ""metric"": ""port_channel_devices"", ""scope"": {""type"": ""GLOBAL""}, ""resample_pass"": 2, ""resample_index"": 8}",bd1a393,"['leaf1.cfg', 'leaf2.cfg', 'leaf3.cfg', 'leaf4.cfg', 'p1.cfg', 'p2.cfg', 'p3.cfg', 'p4.cfg', 'pe1.cfg', 'pe2.cfg']"
SERIAL_INTERFACE_DEVICES__rs9,serial_interface_devices:566d4b6821-rs9,Hardware_Inventory,L1,네트워크 전체에서 Serial 인터페이스를 보유한 장비 목록은? [답변 형식: 장비명 리스트],NOT_CONFIGURED,set,[],,"{""snapshot"": ""LabA_Research_Institute_DC_10nodes"", ""metric"": ""serial_interface_devices"", ""scope"": {""type"": ""GLOBAL""}, ""resample_pass"": 2, ""resample_index"": 9}",bd1a393,"['leaf1.cfg', 'leaf2.cfg', 'leaf3.cfg', 'leaf4.cfg', 'p1.cfg', 'p2.cfg', 'p3.cfg', 'p4.cfg', 'pe1.cfg', 'pe2.cfg']"
PORT_CHANNEL_DEVICES__rs1__rs4__rs5__rs10,port_channel_devices:566d4b6821-rs1-rs4-rs5-rs10,Hardware_Inventory,L1,네트워크 전체에서 Port-Channel(EtherChannel) 인터페이스를 보유한 장비 목록은? [답변 형식: 장비명 리스트],NOT_CONFIGURED,set,[],,"{""snapshot"": ""LabA_Research_Institute_DC_10nodes"", ""metric"": ""port_channel_devices"", ""scope"": {""type"": ""GLOBAL""}, ""resample_pass"": 2, ""resample_index"": 10}",bd1a393,"['leaf1.cfg', 'leaf2.cfg', 'leaf3.cfg', 'leaf4.cfg', 'p1.cfg', 'p2.cfg', 'p3.cfg', 'p4.cfg', 'pe1.cfg', 'pe2.cfg']"
TUNNEL_INTERFACE_DEVICES__rs11,tunnel_interface_devices:566d4b6821-rs11,Hardware_Inventory,L1,네트워크 전체에서 Tunnel 인터페이스를 보유한 장비 목록은? [답변 형식: 장비명 리스트],NOT_CONFIGURED,set,[],,"{""snapshot"": ""LabA_Research_Institute_DC_10nodes"", ""metric"": ""tunnel_interface_devices"", ""scope"": {""type"": ""GLOBAL""}, ""resample_pass"": 2, ""resample_index"": 11}",bd1a393,"['leaf1.cfg', 'leaf2.cfg', 'leaf3.cfg', 'leaf4.cfg', 'p1.cfg', 'p2.cfg', 'p3.cfg', 'p4.cfg', 'pe1.cfg', 'pe2.cfg']"
PORT_CHANNEL_DEVICES__rs1__rs4__rs5__rs10__rs12,port_channel_devices:566d4b6821-rs1-rs4-rs5-rs10-rs12,Hardware_Inventory,L1,네트워크 전체에서 Port-Channel(EtherChannel) 인터페이스를 보유한 장비 목록은? [답변 형식: 장비명 리스트],NOT_CONFIGURED,set,[],,"{""snapshot"": ""LabA_Research_Institute_DC_10nodes"", ""metric"": ""port_channel_devices"", ""scope"": {""type"": ""GLOBAL""}, ""resample_pass"": 2, ""resample_index"": 12}",bd1a393,"['leaf1.cfg', 'leaf2.cfg', 'leaf3.cfg', 'leaf4.cfg', 'p1.cfg', 'p2.cfg', 'p3.cfg', 'p4.cfg', 'pe1.cfg', 'pe2.cfg']"
SERIAL_INTERFACE_DEVICES__rs2__rs13,serial_interface_devices:566d4b6821-rs2-rs13,Hardware_Inventory,L1,네트워크 전체에서 Serial 인터페이스를 보유한 장비 목록은? [답변 형식: 장비명 리스트],NOT_CONFIGURED,set,[],,"{""snapshot"": ""LabA_Research_Institute_DC_10nodes"", ""metric"": ""serial_interface_devices"", ""scope"": {""type"": ""GLOBAL""}, ""resample_pass"": 2, ""resample_index"": 13}",bd1a393,"['leaf1.cfg', 'leaf2.cfg', 'leaf3.cfg', 'leaf4.cfg', 'p1.cfg', 'p2.cfg', 'p3.cfg', 'p4.cfg', 'pe1.cfg', 'pe2.cfg']"
PORT_CHANNEL_DEVICES__rs14,port_channel_devices:566d4b6821-rs14,Hardware_Inventory,L1,네트워크 전체에서 Port-Channel(EtherChannel) 인터페이스를 보유한 장비 목록은? [답변 형식: 장비명 리스트],NOT_CONFIGURED,set,[],,"{""snapshot"": ""LabA_Research_Institute_DC_10nodes"", ""metric"": ""port_channel_devices"", ""scope"": {""type"": ""GLOBAL""}, ""resample_pass"": 2, ""resample_index"": 14}",bd1a393,"['leaf1.cfg', 'leaf2.cfg', 'leaf3.cfg', 'leaf4.cfg', 'p1.cfg', 'p2.cfg', 'p3.cfg', 'p4.cfg', 'pe1.cfg', 'pe2.cfg']"
PORT_CHANNEL_DEVICES__rs15,port_channel_devices:566d4b6821-rs15,Hardware_Inventory,L1,네트워크 전체에서 Port-Channel(EtherChannel) 인터페이스를 보유한 장비 목록은? [답변 형식: 장비명 리스트],NOT_CONFIGURED,set,[],,"{""snapshot"": ""LabA_Research_Institute_DC_10nodes"", ""metric"": ""port_channel_devices"", ""scope"": {""type"": ""GLOBAL""}, ""resample_pass"": 2, ""resample_index"": 15}",bd1a393,"['leaf1.cfg', 'leaf2.cfg', 'leaf3.cfg', 'leaf4.cfg', 'p1.cfg', 'p2.cfg', 'p3.cfg', 'p4.cfg', 'pe1.cfg', 'pe2.cfg']"
PORT_CHANNEL_DEVICES__rs1__rs4__rs16,port_channel_devices:566d4b6821-rs1-rs4-rs16,Hardware_Inventory,L1,네트워크 전체에서 Port-Channel(EtherChannel) 인터페이스를 보유한 장비 목록은? [답변 형식: 장비명 리스트],NOT_CONFIGURED,set,[],,"{""snapshot"": ""LabA_Research_Institute_DC_10nodes"", ""metric"": ""port_channel_devices"", ""scope"": {""type"": ""GLOBAL""}, ""resample_pass"": 2, ""resample_index"": 16}",bd1a393,"['leaf1.cfg', 'leaf2.cfg', 'leaf3.cfg', 'leaf4.cfg', 'p1.cfg', 'p2.cfg', 'p3.cfg', 'p4.cfg', 'pe1.cfg', 'pe2.cfg']"
SERIAL_INTERFACE_DEVICES__rs9__rs17,serial_interface_devices:566d4b6821-rs9-rs17,Hardware_Inventory,L1,네트워크 전체에서 Serial 인터페이스를 보유한 장비 목록은? [답변 형식: 장비명 리스트],NOT_CONFIGURED,set,[],,"{""snapshot"": ""LabA_Research_Institute_DC_10nodes"", ""metric"": ""serial_interface_devices"", ""scope"": {""type"": ""GLOBAL""}, ""resample_pass"": 2, ""resample_index"": 17}",bd1a393,"['leaf1.cfg', 'leaf2.cfg', 'leaf3.cfg', 'leaf4.cfg', 'p1.cfg', 'p2.cfg', 'p3.cfg', 'p4.cfg', 'pe1.cfg', 'pe2.cfg']"
VLAN_INTERFACE_DEVICES__rs18,vlan_interface_devices:566d4b6821-rs18,Hardware_Inventory,L1,네트워크 전체에서 VLAN 인터페이스(SVI)를 보유한 장비 목록은? [답변 형식: 장비명 리스트],NOT_CONFIGURED,set,[],,"{""snapshot"": ""LabA_Research_Institute_DC_10nodes"", ""metric"": ""vlan_interface_devices"", ""scope"": {""type"": ""GLOBAL""}, ""resample_pass"": 2, ""resample_index"": 18}",bd1a393,"['leaf1.cfg', 'leaf2.cfg', 'leaf3.cfg', 'leaf4.cfg', 'p1.cfg', 'p2.cfg', 'p3.cfg', 'p4.cfg', 'pe1.cfg', 'pe2.cfg']"
PORT_CHANNEL_DEVICES__rs15__rs19,port_channel_devices:566d4b6821-rs15-rs19,Hardware_Inventory,L1,네트워크 전체에서 Port-Channel(EtherChannel) 인터페이스를 보유한 장비 목록은? [답변 형식: 장비명 리스트],NOT_CONFIGURED,set,[],,"{""snapshot"": ""LabA_Research_Institute_DC_10nodes"", ""metric"": ""port_channel_devices"", ""scope"": {""type"": ""GLOBAL""}, ""resample_pass"": 2, ""resample_index"": 19}",bd1a393,"['leaf1.cfg', 'leaf2.cfg', 'leaf3.cfg', 'leaf4.cfg', 'p1.cfg', 'p2.cfg', 'p3.cfg', 'p4.cfg', 'pe1.cfg', 'pe2.cfg']"
PORT_CHANNEL_DEVICES__rs1__rs4__rs20,port_channel_devices:566d4b6821-rs1-rs4-rs20,Hardware_Inventory,L1,네트워크 전체에서 Port-Channel(EtherChannel) 인터페이스를 보유한 장비 목록은? [답변 형식: 장비명 리스트],NOT_CONFIGURED,set,[],,"{""snapshot"": ""LabA_Research_Institute_DC_10nodes"", ""metric"": ""port_channel_devices"", ""scope"": {""type"": ""GLOBAL""}, ""resample_pass"": 2, ""resample_index"": 20}",bd1a393,"['leaf1.cfg', 'leaf2.cfg', 'leaf3.cfg', 'leaf4.cfg', 'p1.cfg', 'p2.cfg', 'p3.cfg', 'p4.cfg', 'pe1.cfg', 'pe2.cfg']"
PORT_CHANNEL_DEVICES__rs15__rs21,port_channel_devices:566d4b6821-rs15-rs21,Hardware_Inventory,L1,네트워크 전체에서 Port-Channel(EtherChannel) 인터페이스를 보유한 장비 목록은? [답변 형식: 장비명 리스트],NOT_CONFIGURED,set,[],,"{""snapshot"": ""LabA_Research_Institute_DC_10nodes"", ""metric"": ""port_channel_devices"", ""scope"": {""type"": ""GLOBAL""}, ""resample_pass"": 2, ""resample_index"": 21}",bd1a393,"['leaf1.cfg', 'leaf2.cfg', 'leaf3.cfg', 'leaf4.cfg', 'p1.cfg', 'p2.cfg', 'p3.cfg', 'p4.cfg', 'pe1.cfg', 'pe2.cfg']"
PORT_CHANNEL_DEVICES__rs1__rs4__rs16__rs22,port_channel_devices:566d4b6821-rs1-rs4-rs16-rs22,Hardware_Inventory,L1,네트워크 전체에서 Port-Channel(EtherChannel) 인터페이스를 보유한 장비 목록은? [답변 형식: 장비명 리스트],NOT_CONFIGURED,set,[],,"{""snapshot"": ""LabA_Research_Institute_DC_10nodes"", ""metric"": ""port_channel_devices"", ""scope"": {""type"": ""GLOBAL""}, ""resample_pass"": 2, ""resample_index"": 22}",bd1a393,"['leaf1.cfg', 'leaf2.cfg', 'leaf3.cfg', 'leaf4.cfg', 'p1.cfg', 'p2.cfg', 'p3.cfg', 'p4.cfg', 'pe1.cfg', 'pe2.cfg']"
TUNNEL_INTERFACE_DEVICES__rs23,tunnel_interface_devices:566d4b6821-rs23,Hardware_Inventory,L1,네트워크 전체에서 Tunnel 인터페이스를 보유한 장비 목록은? [답변 형식: 장비명 리스트],NOT_CONFIGURED,set,[],,"{""snapshot"": ""LabA_Research_Institute_DC_10nodes"", ""metric"": ""tunnel_interface_devices"", ""scope"": {""type"": ""GLOBAL""}, ""resample_pass"": 2, ""resample_index"": 23}",bd1a393,"['leaf1.cfg', 'leaf2.cfg', 'leaf3.cfg', 'leaf4.cfg', 'p1.cfg', 'p2.cfg', 'p3.cfg', 'p4.cfg', 'pe1.cfg', 'pe2.cfg']"
PORT_CHANNEL_DEVICES__rs1__rs4__rs16__rs24,port_channel_devices:566d4b6821-rs1-rs4-rs16-rs24,Hardware_Inventory,L1,네트워크 전체에서 Port-Channel(EtherChannel) 인터페이스를 보유한 장비 목록은? [답변 형식: 장비명 리스트],NOT_CONFIGURED,set,[],,"{""snapshot"": ""LabA_Research_Institute_DC_10nodes"", ""metric"": ""port_channel_devices"", ""scope"": {""type"": ""GLOBAL""}, ""resample_pass"": 2, ""resample_index"": 24}",bd1a393,"['leaf1.cfg', 'leaf2.cfg', 'leaf3.cfg', 'leaf4.cfg', 'p1.cfg', 'p2.cfg', 'p3.cfg', 'p4.cfg', 'pe1.cfg', 'pe2.cfg']"
PORT_CHANNEL_DEVICES__rs25,port_channel_devices:566d4b6821-rs25,Hardware_Inventory,L1,네트워크 전체에서 Port-Channel(EtherChannel) 인터페이스를 보유한 장비 목록은? [답변 형식: 장비명 리스트],NOT_CONFIGURED,set,[],,"{""snapshot"": ""LabA_Research_Institute_DC_10nodes"", ""metric"": ""port_channel_devices"", ""scope"": {""type"": ""GLOBAL""}, ""resample_pass"": 2, ""resample_index"": 25}",bd1a393,"['leaf1.cfg', 'leaf2.cfg', 'leaf3.cfg', 'leaf4.cfg', 'p1.cfg', 'p2.cfg', 'p3.cfg', 'p4.cfg', 'pe1.cfg', 'pe2.cfg']"
PORT_CHANNEL_DEVICES__rs1__rs4__rs5__rs10__rs26,port_channel_devices:566d4b6821-rs1-rs4-rs5-rs10-rs26,Hardware_Inventory,L1,네트워크 전체에서 Port-Channel(EtherChannel) 인터페이스를 보유한 장비 목록은? [답변 형식: 장비명 리스트],NOT_CONFIGURED,set,[],,"{""snapshot"": ""LabA_Research_Institute_DC_10nodes"", ""metric"": ""port_channel_devices"", ""scope"": {""type"": ""GLOBAL""}, ""resample_pass"": 2, ""resample_index"": 26}",bd1a393,"['leaf1.cfg', 'leaf2.cfg', 'leaf3.cfg', 'leaf4.cfg', 'p1.cfg', 'p2.cfg', 'p3.cfg', 'p4.cfg', 'pe1.cfg', 'pe2.cfg']"
VLAN_INTERFACE_DEVICES__rs18__rs27,vlan_interface_devices:566d4b6821-rs18-rs27,Hardware_Inventory,L1,네트워크 전체에서 VLAN 인터페이스(SVI)를 보유한 장비 목록은? [답변 형식: 장비명 리스트],NOT_CONFIGURED,set,[],,"{""snapshot"": ""LabA_Research_Institute_DC_10nodes"", ""metric"": ""vlan_interface_devices"", ""scope"": {""type"": ""GLOBAL""}, ""resample_pass"": 2, ""resample_index"": 27}",bd1a393,"['leaf1.cfg', 'leaf2.cfg', 'leaf3.cfg', 'leaf4.cfg', 'p1.cfg', 'p2.cfg', 'p3.cfg', 'p4.cfg', 'pe1.cfg', 'pe2.cfg']"
PORT_CHANNEL_DEVICES__rs15__rs28,port_channel_devices:566d4b6821-rs15-rs28,Hardware_Inventory,L1,네트워크 전체에서 Port-Channel(EtherChannel) 인터페이스를 보유한 장비 목록은? [답변 형식: 장비명 리스트],NOT_CONFIGURED,set,[],,"{""snapshot"": ""LabA_Research_Institute_DC_10nodes"", ""metric"": ""port_channel_devices"", ""scope"": {""type"": ""GLOBAL""}, ""resample_pass"": 2, ""resample_index"": 28}",bd1a393,"['leaf1.cfg', 'leaf2.cfg', 'leaf3.cfg', 'leaf4.cfg', 'p1.cfg', 'p2.cfg', 'p3.cfg', 'p4.cfg', 'pe1.cfg', 'pe2.cfg']"
SERIAL_INTERFACE_DEVICES__rs9__rs17__rs29,serial_interface_devices:566d4b6821-rs9-rs17-rs29,Hardware_Inventory,L1,네트워크 전체에서 Serial 인터페이스를 보유한 장비 목록은? [답변 형식: 장비명 리스트],NOT_CONFIGURED,set,[],,"{""snapshot"": ""LabA_Research_Institute_DC_10nodes"", ""metric"": ""serial_interface_devices"", ""scope"": {""type"": ""GLOBAL""}, ""resample_pass"": 2, ""resample_index"": 29}",bd1a393,"['leaf1.cfg', 'leaf2.cfg', 'leaf3.cfg', 'leaf4.cfg', 'p1.cfg', 'p2.cfg', 'p3.cfg', 'p4.cfg', 'pe1.cfg', 'pe2.cfg']"
SERIAL_INTERFACE_DEVICES__rs2__rs13__rs30,serial_interface_devices:566d4b6821-rs2-rs13-rs30,Hardware_Inventory,L1,네트워크 전체에서 Serial 인터페이스를 보유한 장비 목록은? [답변 형식: 장비명 리스트],NOT_CONFIGURED,set,[],,"{""snapshot"": ""LabA_Research_Institute_DC_10nodes"", ""metric"": ""serial_interface_devices"", ""scope"": {""type"": ""GLOBAL""}, ""resample_pass"": 2, ""resample_index"": 30}",bd1a393,"['leaf1.cfg', 'leaf2.cfg', 'leaf3.cfg', 'leaf4.cfg', 'p1.cfg', 'p2.cfg', 'p3.cfg', 'p4.cfg', 'pe1.cfg', 'pe2.cfg']"
PORT_CHANNEL_DEVICES__rs1__rs4__rs5__rs10__rs31,port_channel_devices:566d4b6821-rs1-rs4-rs5-rs10-rs31,Hardware_Inventory,L1,네트워크 전체에서 Port-Channel(EtherChannel) 인터페이스를 보유한 장비 목록은? [답변 형식: 장비명 리스트],NOT_CONFIGURED,set,[],,"{""snapshot"": ""LabA_Research_Institute_DC_10nodes"", ""metric"": ""port_channel_devices"", ""scope"": {""type"": ""GLOBAL""}, ""resample_pass"": 2, ""resample_index"": 31}",bd1a393,"['leaf1.cfg', 'leaf2.cfg', 'leaf3.cfg', 'leaf4.cfg', 'p1.cfg', 'p2.cfg', 'p3.cfg', 'p4.cfg', 'pe1.cfg', 'pe2.cfg']"
SERIAL_INTERFACE_DEVICES__rs9__rs17__rs32,serial_interface_devices:566d4b6821-rs9-rs17-rs32,Hardware_Inventory,L1,네트워크 전체에서 Serial 인터페이스를 보유한 장비 목록은? [답변 형식: 장비명 리스트],NOT_CONFIGURED,set,[],,"{""snapshot"": ""LabA_Research_Institute_DC_10nodes"", ""metric"": ""serial_interface_devices"", ""scope"": {""type"": ""GLOBAL""}, ""resample_pass"": 2, ""resample_index"": 32}",bd1a393,"['leaf1.cfg', 'leaf2.cfg', 'leaf3.cfg', 'leaf4.cfg', 'p1.cfg', 'p2.cfg', 'p3.cfg', 'p4.cfg', 'pe1.cfg', 'pe2.cfg']"
PORT_CHANNEL_DEVICES__rs1__rs4__rs5__rs10__rs12__rs33,port_channel_devices:566d4b6821-rs1-rs4-rs5-rs10-rs12-rs33,Hardware_Inventory,L1,네트워크 전체에서 Port-Channel(EtherChannel) 인터페이스를 보유한 장비 목록은? [답변 형식: 장비명 리스트],NOT_CONFIGURED,set,[],,"{""snapshot"": ""LabA_Research_Institute_DC_10nodes"", ""metric"": ""port_channel_devices"", ""scope"": {""type"": ""GLOBAL""}, ""resample_pass"": 2, ""resample_index"": 33}",bd1a393,"['leaf1.cfg', 'leaf2.cfg', 'leaf3.cfg', 'leaf4.cfg', 'p1.cfg', 'p2.cfg', 'p3.cfg', 'p4.cfg', 'pe1.cfg', 'pe2.cfg']"
SERIAL_INTERFACE_DEVICES__rs2__rs13__rs34,serial_interface_devices:566d4b6821-rs2-rs13-rs34,Hardware_Inventory,L1,네트워크 전체에서 Serial 인터페이스를 보유한 장비 목록은? [답변 형식: 장비명 리스트],NOT_CONFIGURED,set,[],,"{""snapshot"": ""LabA_Research_Institute_DC_10nodes"", ""metric"": ""serial_interface_devices"", ""scope"": {""type"": ""GLOBAL""}, ""resample_pass"": 2, ""resample_index"": 34}",bd1a393,"['leaf1.cfg', 'leaf2.cfg', 'leaf3.cfg', 'leaf4.cfg', 'p1.cfg', 'p2.cfg', 'p3.cfg', 'p4.cfg', 'pe1.cfg', 'pe2.cfg']"
PORT_CHANNEL_DEVICES__rs1__rs4__rs16__rs22__rs35,port_channel_devices:566d4b6821-rs1-rs4-rs16-rs22-rs35,Hardware_Inventory,L1,네트워크 전체에서 Port-Channel(EtherChannel) 인터페이스를 보유한 장비 목록은? [답변 형식: 장비명 리스트],NOT_CONFIGURED,set,[],,"{""snapshot"": ""LabA_Research_Institute_DC_10nodes"", ""metric"": ""port_channel_devices"", ""scope"": {""type"": ""GLOBAL""}, ""resample_pass"": 2, ""resample_index"": 35}",bd1a393,"['leaf1.cfg', 'leaf2.cfg', 'leaf3.cfg', 'leaf4.cfg', 'p1.cfg', 'p2.cfg', 'p3.cfg', 'p4.cfg', 'pe1.cfg', 'pe2.cfg']"
PORT_CHANNEL_DEVICES__rs1__rs4__rs5__rs36,port_channel_devices:566d4b6821-rs1-rs4-rs5-rs36,Hardware_Inventory,L1,네트워크 전체에서 Port-Channel(EtherChannel) 인터페이스를 보유한 장비 목록은? [답변 형식: 장비명 리스트],NOT_CONFIGURED,set,[],,"{""snapshot"": ""LabA_Research_Institute_DC_10nodes"", ""metric"": ""port_channel_devices"", ""scope"": {""type"": ""GLOBAL""}, ""resample_pass"": 2, ""resample_index"": 36}",bd1a393,"['leaf1.cfg', 'leaf2.cfg', 'leaf3.cfg', 'leaf4.cfg', 'p1.cfg', 'p2.cfg', 'p3.cfg', 'p4.cfg', 'pe1.cfg', 'pe2.cfg']"
PORT_CHANNEL_DEVICES__rs1__rs4__rs16__rs37,port_channel_devices:566d4b6821-rs1-rs4-rs16-rs37,Hardware_Inventory,L1,네트워크 전체에서 Port-Channel(EtherChannel) 인터페이스를 보유한 장비 목록은? [답변 형식: 장비명 리스트],NOT_CONFIGURED,set,[],,"{""snapshot"": ""LabA_Research_Institute_DC_10nodes"", ""metric"": ""port_channel_devices"", ""scope"": {""type"": ""GLOBAL""}, ""resample_pass"": 2, ""resample_index"": 37}",bd1a393,"['leaf1.cfg', 'leaf2.cfg', 'leaf3.cfg', 'leaf4.cfg', 'p1.cfg', 'p2.cfg', 'p3.cfg', 'p4.cfg', 'pe1.cfg', 'pe2.cfg']"
PORT_CHANNEL_DEVICES__rs1__rs4__rs5__rs10__rs26__rs38,port_channel_devices:566d4b6821-rs1-rs4-rs5-rs10-rs26-rs38,Hardware_Inventory,L1,네트워크 전체에서 Port-Channel(EtherChannel) 인터페이스를 보유한 장비 목록은? [답변 형식: 장비명 리스트],NOT_CONFIGURED,set,[],,"{""snapshot"": ""LabA_Research_Institute_DC_10nodes"", ""metric"": ""port_channel_devices"", ""scope"": {""type"": ""GLOBAL""}, ""resample_pass"": 2, ""resample_index"": 38}",bd1a393,"['leaf1.cfg', 'leaf2.cfg', 'leaf3.cfg', 'leaf4.cfg', 'p1.cfg', 'p2.cfg', 'p3.cfg', 'p4.cfg', 'pe1.cfg', 'pe2.cfg']"
SERIAL_INTERFACE_DEVICES__rs9__rs17__rs39,serial_interface_devices:566d4b6821-rs9-rs17-rs39,Hardware_Inventory,L1,네트워크 전체에서 Serial 인터페이스를 보유한 장비 목록은? [답변 형식: 장비명 리스트],NOT_CONFIGURED,set,[],,"{""snapshot"": ""LabA_Research_Institute_DC_10nodes"", ""metric"": ""serial_interface_devices"", ""scope"": {""type"": ""GLOBAL""}, ""resample_pass"": 2, ""resample_index"": 39}",bd1a393,"['leaf1.cfg', 'leaf2.cfg', 'leaf3.cfg', 'leaf4.cfg', 'p1.cfg', 'p2.cfg', 'p3.cfg', 'p4.cfg', 'pe1.cfg', 'pe2.cfg']"
PORT_CHANNEL_DEVICES__rs1__rs40,port_channel_devices:566d4b6821-rs1-rs40,Hardware_Inventory,L1,네트워크 전체에서 Port-Channel(EtherChannel) 인터페이스를 보유한 장비 목록은? [답변 형식: 장비명 리스트],NOT_CONFIGURED,set,[],,"{""snapshot"": ""LabA_Research_Institute_DC_10nodes"", ""metric"": ""port_channel_devices"", ""scope"": {""type"": ""GLOBAL""}, ""resample_pass"": 2, ""resample_index"": 40}",bd1a393,"['leaf1.cfg', 'leaf2.cfg', 'leaf3.cfg', 'leaf4.cfg', 'p1.cfg', 'p2.cfg', 'p3.cfg', 'p4.cfg', 'pe1.cfg', 'pe2.cfg']"
SERIAL_INTERFACE_DEVICES__rs41,serial_interface_devices:566d4b6821-rs41,Hardware_Inventory,L1,네트워크 전체에서 Serial 인터페이스를 보유한 장비 목록은? [답변 형식: 장비명 리스트],NOT_CONFIGURED,set,[],,"{""snapshot"": ""LabA_Research_Institute_DC_10nodes"", ""metric"": ""serial_interface_devices"", ""scope"": {""type"": ""GLOBAL""}, ""resample_pass"": 2, ""resample_index"": 41}",bd1a393,"['leaf1.cfg', 'leaf2.cfg', 'leaf3.cfg', 'leaf4.cfg', 'p1.cfg', 'p2.cfg', 'p3.cfg', 'p4.cfg', 'pe1.cfg', 'pe2.cfg']"
PORT_CHANNEL_DEVICES__rs1__rs4__rs5__rs10__rs26__rs42,port_channel_devices:566d4b6821-rs1-rs4-rs5-rs10-rs26-rs42,Hardware_Inventory,L1,네트워크 전체에서 Port-Channel(EtherChannel) 인터페이스를 보유한 장비 목록은? [답변 형식: 장비명 리스트],NOT_CONFIGURED,set,[],,"{""snapshot"": ""LabA_Research_Institute_DC_10nodes"", ""metric"": ""port_channel_devices"", ""scope"": {""type"": ""GLOBAL""}, ""resample_pass"": 2, ""resample_index"": 42}",bd1a393,"['leaf1.cfg', 'leaf2.cfg', 'leaf3.cfg', 'leaf4.cfg', 'p1.cfg', 'p2.cfg', 'p3.cfg', 'p4.cfg', 'pe1.cfg', 'pe2.cfg']"
PORT_CHANNEL_DEVICES__rs1__rs4__rs5__rs36__rs43,port_channel_devices:566d4b6821-rs1-rs4-rs5-rs36-rs43,Hardware_Inventory,L1,네트워크 전체에서 Port-Channel(EtherChannel) 인터페이스를 보유한 장비 목록은? [답변 형식: 장비명 리스트],NOT_CONFIGURED,set,[],,"{""snapshot"": ""LabA_Research_Institute_DC_10nodes"", ""metric"": ""port_channel_devices"", ""scope"": {""type"": ""GLOBAL""}, ""resample_pass"": 2, ""resample_index"": 43}",bd1a393,"['leaf1.cfg', 'leaf2.cfg', 'leaf3.cfg', 'leaf4.cfg', 'p1.cfg', 'p2.cfg', 'p3.cfg', 'p4.cfg', 'pe1.cfg', 'pe2.cfg']"
PORT_CHANNEL_DEVICES__rs1__rs4__rs5__rs10__rs12__rs33__rs44,port_channel_devices:566d4b6821-rs1-rs4-rs5-rs10-rs12-rs33-rs44,Hardware_Inventory,L1,네트워크 전체에서 Port-Channel(EtherChannel) 인터페이스를 보유한 장비 목록은? [답변 형식: 장비명 리스트],NOT_CONFIGURED,set,[],,"{""snapshot"": ""LabA_Research_Institute_DC_10nodes"", ""metric"": ""port_channel_devices"", ""scope"": {""type"": ""GLOBAL""}, ""resample_pass"": 2, ""resample_index"": 44}",bd1a393,"['leaf1.cfg', 'leaf2.cfg', 'leaf3.cfg', 'leaf4.cfg', 'p1.cfg', 'p2.cfg', 'p3.cfg', 'p4.cfg', 'pe1.cfg', 'pe2.cfg']"
SERIAL_INTERFACE_DEVICES__rs3__rs45,serial_interface_devices:566d4b6821-rs3-rs45,Hardware_Inventory,L1,네트워크 전체에서 Serial 인터페이스를 보유한 장비 목록은? [답변 형식: 장비명 리스트],NOT_CONFIGURED,set,[],,"{""snapshot"": ""LabA_Research_Institute_DC_10nodes"", ""metric"": ""serial_interface_devices"", ""scope"": {""type"": ""GLOBAL""}, ""resample_pass"": 2, ""resample_index"": 45}",bd1a393,"['leaf1.cfg', 'leaf2.cfg', 'leaf3.cfg', 'leaf4.cfg', 'p1.cfg', 'p2.cfg', 'p3.cfg', 'p4.cfg', 'pe1.cfg', 'pe2.cfg']"
PORT_CHANNEL_DEVICES__rs1__rs46,port_channel_devices:566d4b6821-rs1-rs46,Hardware_Inventory,L1,네트워크 전체에서 Port-Channel(EtherChannel) 인터페이스를 보유한 장비 목록은? [답변 형식: 장비명 리스트],NOT_CONFIGURED,set,[],,"{""snapshot"": ""LabA_Research_Institute_DC_10nodes"", ""metric"": ""port_channel_devices"", ""scope"": {""type"": ""GLOBAL""}, ""resample_pass"": 2, ""resample_index"": 46}",bd1a393,"['leaf1.cfg', 'leaf2.cfg', 'leaf3.cfg', 'leaf4.cfg', 'p1.cfg', 'p2.cfg', 'p3.cfg', 'p4.cfg', 'pe1.cfg', 'pe2.cfg']"
VTY_LOGIN_MODE_TEXT_leaf3__rs1,vty_login_mode_text:6a7c231d8b-rs1,Security_Inventory,L1,leaf3 장비의 VTY line 로그인 방식은 무엇입니까? [답변 형식: 설정값 또는 null],OK,text,"""local""",,"{""snapshot"": ""LabA_Research_Institute_DC_10nodes"", ""metric"": ""vty_login_mode_text"", ""scope"": {""type"": ""DEVICE"", ""host"": ""leaf3""}, ""resample_pass"": 2, ""resample_index"": 1}",bd1a393,['leaf3.cfg']
AAA_AUTHENTICATION_METHOD_leaf2__rs2,aaa_authentication_method:6e35c43dba-rs2,Security_Inventory,L1,"leaf2 장비의 AAA 인증 방식은 무엇입니까? [답변 형식: local, tacacs+, radius 중 하나 또는 빈 값]",NOT_CONFIGURED,text,null,,"{""snapshot"": ""LabA_Research_Institute_DC_10nodes"", ""metric"": ""aaa_authentication_method"", ""scope"": {""type"": ""DEVICE"", ""host"": ""leaf2""}, ""resample_pass"": 2, ""resample_index"": 2}",bd1a393,['leaf2.cfg']
VTY_LOGIN_MODE_TEXT_pe2__rs3,vty_login_mode_text:3603999311-rs3,Security_Inventory,L1,pe2 장비의 VTY line 로그인 방식은 무엇입니까? [답변 형식: 설정값 또는 null],OK,text,"""local""",,"{""snapshot"": ""LabA_Research_Institute_DC_10nodes"", ""metric"": ""vty_login_mode_text"", ""scope"": {""type"": ""DEVICE"", ""host"": ""pe2""}, ""resample_pass"": 2, ""resample_index"": 3}",bd1a393,['pe2.cfg']
AAA_AUTHENTICATION_METHOD_leaf1__rs4,aaa_authentication_method:f3e677391b-rs4,Security_Inventory,L1,"leaf1 장비의 AAA 인증 방식은 무엇입니까? [답변 형식: local, tacacs+, radius 중 하나 또는 빈 값]",NOT_CONFIGURED,text,null,,"{""snapshot"": ""LabA_Research_Institute_DC_10nodes"", ""metric"": ""aaa_authentication_method"", ""scope"": {""type"": ""DEVICE"", ""host"": ""leaf1""}, ""resample_pass"": 2, ""resample_index"": 4}",bd1a393,['leaf1.cfg']
SSH_VERSION_TEXT_leaf4__rs5,ssh_version_text:45a2dbebe1-rs5,Security_Inventory,L1,leaf4 장비의 SSH 버전은 무엇입니까? [답변 형식: 정확한 값만],OK,text,"""2""",,"{""snapshot"": ""LabA_Research_Institute_DC_10nodes"", ""metric"": ""ssh_version_text"", ""scope"": {""type"": ""DEVICE"", ""host"": ""leaf4""}, ""resample_pass"": 2, ""resample_index"": 5}",bd1a393,['leaf4.cfg']
VTY_TRANSPORT_INPUT_TEXT_p2__rs6,vty_transport_input_text:f84ad4329a-rs6,Security_Inventory,L1,p2 장비의 VTY transport input 설정은 무엇입니까? [답변 형식: 설정값 또는 null],OK,text,"""ssh""",,"{""snapshot"": ""LabA_Research_Institute_DC_10nodes"", ""metric"": ""vty_transport_input_text"", ""scope"": {""type"": ""DEVICE"", ""host"": ""p2""}, ""resample_pass"": 2, ""resample_index"": 6}",bd1a393,['p2.cfg']
SSH_VERSION_TEXT_pe1__rs7,ssh_version_text:4f36bb8808-rs7,Security_Inventory,L1,pe1 장비의 SSH 버전은 무엇입니까? [답변 형식: 정확한 값만],OK,text,"""2""",,"{""snapshot"": ""LabA_Research_Institute_DC_10nodes"", ""metric"": ""ssh_version_text"", ""scope"": {""type"": ""DEVICE"", ""host"": ""pe1""}, ""resample_pass"": 2, ""resample_index"": 7}",bd1a393,['pe1.cfg']
AAA_AUTHENTICATION_METHOD_p3__rs8,aaa_authentication_method:40d255b5d8-rs8,Security_Inventory,L1,"p3 장비의 AAA 인증 방식은 무엇입니까? [답변 형식: local, tacacs+, radius 중 하나 또는 빈 값]",NOT_CONFIGURED,text,null,,"{""snapshot"": ""LabA_Research_Institute_DC_10nodes"", ""metric"": ""aaa_authentication_method"", ""scope"": {""type"": ""DEVICE"", ""host"": ""p3""}, ""resample_pass"": 2, ""resample_index"": 8}",bd1a393,['p3.cfg']
VTY_TRANSPORT_INPUT_TEXT_leaf3__rs9,vty_transport_input_text:6a7c231d8b-rs9,Security_Inventory,L1,leaf3 장비의 VTY transport input 설정은 무엇입니까? [답변 형식: 설정값 또는 null],OK,text,"""ssh""",,"{""snapshot"": ""LabA_Research_Institute_DC_10nodes"", ""metric"": ""vty_transport_input_text"", ""scope"": {""type"": ""DEVICE"", ""host"": ""leaf3""}, ""resample_pass"": 2, ""resample_index"": 9}",bd1a393,['leaf3.cfg']
AAA_AUTHENTICATION_METHOD_pe1__rs10,aaa_authentication_method:4f36bb8808-rs10,Security_Inventory,L1,"pe1 장비의 AAA 인증 방식은 무엇입니까? [답변 형식: local, tacacs+, radius 중 하나 또는 빈 값]",NOT_CONFIGURED,text,null,,"{""snapshot"": ""LabA_Research_Institute_DC_10nodes"", ""metric"": ""aaa_authentication_method"", ""scope"": {""type"": ""DEVICE"", ""host"": ""pe1""}, ""resample_pass"": 2, ""resample_index"": 10}",bd1a393,['pe1.cfg']
INTERFACE_IP_MAP_p4__rs1,interface_ip_map:8eb660897d-rs1,Interface_Inventory,L1,p4 장비의 각 인터페이스에 할당된 IP 주소를 알려주세요. [답변 형식: {{'인터페이스': 'IP'}}],OK,map,"{""GigabitEthernet0/0"": ""10.0.0.5/31"", ""GigabitEthernet0/1"": ""10.0.0.6/31"", ""GigabitEthernet0/2"": ""10.10.10.14/24"", ""GigabitEthernet0/3"": """", ""Loopback0"": ""10.255.0.4/32""}",,"{""snapshot"": ""LabA_Research_Institute_DC_10nodes"", ""metric"": ""interface_ip_map"", ""scope"": {""type"": ""DEVICE"", ""host"": ""p4""}, ""resample_pass"": 2, ""resample_index"": 1}",bd1a393,['p4.cfg']
SUBINTERFACE_COUNT_leaf1__rs2,subinterface_count:f3e677391b-rs2,Interface_Inventory,L1,leaf1 장비에 설정된 서브인터페이스는 총 몇 개입니까? [답변 형식: 숫자],NOT_CONFIGURED,number,0,,"{""snapshot"": ""LabA_Research_Institute_DC_10nodes"", ""metric"": ""subinterface_count"", ""scope"": {""type"": ""DEVICE"", ""host"": ""leaf1""}, ""resample_pass"": 2, ""resample_index"": 2}",bd1a393,['leaf1.cfg']
VRF_BIND_MAP_pe1__rs3,vrf_bind_map:4f36bb8808-rs3,Interface_Inventory,L1,pe1 장비의 각 인터페이스별 VRF 바인딩 현황을 알려주세요. [답변 형식: {{'인터페이스': 'VRF'}}],OK,map,"{""GigabitEthernet0/0"": ""default"", ""GigabitEthernet0/1"": ""VRF_AI"", ""GigabitEthernet0/2"": ""VRF_BIO"", ""GigabitEthernet0/3"": ""default"", ""Loopback0"": ""default""}",,"{""snapshot"": ""LabA_Research_Institute_DC_10nodes"", ""metric"": ""vrf_bind_map"", ""scope"": {""type"": ""DEVICE"", ""host"": ""pe1""}, ""resample_pass"": 2, ""resample_index"": 3}",bd1a393,['pe1.cfg']
INTERFACE_IP_MAP_p1__rs4,interface_ip_map:980d4425bd-rs4,Interface_Inventory,L1,p1 장비의 각 인터페이스에 할당된 IP 주소를 알려주세요. [답변 형식: {{'인터페이스': 'IP'}}],OK,map,"{""GigabitEthernet0/0"": ""10.0.0.0/31"", ""GigabitEthernet0/1"": ""10.0.0.7/31"", ""GigabitEthernet0/2"": ""10.10.10.11/24"", ""GigabitEthernet0/3"": """", ""Loopback0"": ""10.255.0.1/32""}",,"{""snapshot"": ""LabA_Research_Institute_DC_10nodes"", ""metric"": ""interface_ip_map"", ""scope"": {""type"": ""DEVICE"", ""host"": ""p1""}, ""resample_pass"": 2, ""resample_index"": 4}",bd1a393,['p1.cfg']
VRF_BIND_MAP_leaf2__rs5,vrf_bind_map:6e35c43dba-rs5,Interface_Inventory,L1,leaf2 장비의 각 인터페이스별 VRF 바인딩 현황을 알려주세요. [답변 형식: {{'인터페이스': 'VRF'}}],OK,map,"{""GigabitEthernet0/0"": ""default"", ""GigabitEthernet0/1"": ""default"", ""GigabitEthernet0/2"": ""default"", ""GigabitEthernet0/3"": ""default""}",,"{""snapshot"": ""LabA_Research_Institute_DC_10nodes"", ""metric"": ""vrf_bind_map"", ""scope"": {""type"": ""DEVICE"", ""host"": ""leaf2""}, ""resample_pass"": 2, ""resample_index"": 5}",bd1a393,['leaf2.cfg']
SUBINTERFACE_COUNT_leaf1__rs2__rs6,subinterface_count:f3e677391b-rs2-rs6,Interface_Inventory,L1,leaf1 장비에 설정된 서브인터페이스는 총 몇 개입니까? [답변 형식: 숫자],NOT_CONFIGURED,number,0,,"{""snapshot"": ""LabA_Research_Institute_DC_10nodes"", ""metric"": ""subinterface_count"", ""scope"": {""type"": ""DEVICE"", ""host"": ""leaf1""}, ""resample_pass"": 2, ""resample_index"": 6}",bd1a393,['leaf1.cfg']
VRF_BIND_MAP_p2__rs7,vrf_bind_map:f84ad4329a-rs7,Interface_Inventory,L1,p2 장비의 각 인터페이스별 VRF 바인딩 현황을 알려주세요. [답변 형식: {{'인터페이스': 'VRF'}}],OK,map,"{""GigabitEthernet0/0"": ""default"", ""GigabitEthernet0/1"": ""default"", ""GigabitEthernet0/2"": ""default"", ""GigabitEthernet0/3"": ""default"", ""Loopback0"": ""default""}",,"{""snapshot"": ""LabA_Research_Institute_DC_10nodes"", ""metric"": ""vrf_bind_map"", ""scope"": {""type"": ""DEVICE"", ""host"": ""p2""}, ""resample_pass"": 2, ""resample_index"": 7}",bd1a393,['p2.cfg']
INTERFACE_COUNT_leaf4__rs8,interface_count:45a2dbebe1-rs8,Interface_Inventory,L1,leaf4 장비에 설정된 네트워크 인터페이스는 총 몇 개입니까? [답변 형식: 숫자],OK,number,4,,"{""snapshot"": ""LabA_Research_Institute_DC_10nodes"", ""metric"": ""interface_count"", ""scope"": {""type"": ""DEVICE"", ""host"": ""leaf4""}, ""resample_pass"": 2, ""resample_index"": 8}",bd1a393,['leaf4.cfg']
VRF_BIND_MAP_pe1__rs3__rs9,vrf_bind_map:4f36bb8808-rs3-rs9,Interface_Inventory,L1,pe1 장비의 각 인터페이스별 VRF 바인딩 현황을 알려주세요. [답변 형식: {{'인터페이스': 'VRF'}}],OK,map,"{""GigabitEthernet0/0"": ""default"", ""GigabitEthernet0/1"": ""VRF_AI"", ""GigabitEthernet0/2"": ""VRF_BIO"", ""GigabitEthernet0/3"": ""default"", ""Loopback0"": ""default""}",,"{""snapshot"": ""LabA_Research_Institute_DC_10nodes"", ""metric"": ""vrf_bind_map"", ""scope"": {""type"": ""DEVICE"", ""host"": ""pe1""}, ""resample_pass"": 2, ""resample_index"": 9}",bd1a393,['pe1.cfg']
VRF_BIND_MAP_p1__rs10,vrf_bind_map:980d4425bd-rs10,Interface_Inventory,L1,p1 장비의 각 인터페이스별 VRF 바인딩 현황을 알려주세요. [답변 형식: {{'인터페이스': 'VRF'}}],OK,map,"{""GigabitEthernet0/0"": ""default"", ""GigabitEthernet0/1"": ""default"", ""GigabitEthernet0/2"": ""default"", ""GigabitEthernet0/3"": ""default"", ""Loopback0"": ""default""}",,"{""snapshot"": ""LabA_Research_Institute_DC_10nodes"", ""metric"": ""vrf_bind_map"", ""scope"": {""type"": ""DEVICE"", ""host"": ""p1""}, ""resample_pass"": 2, ""resample_index"": 10}",bd1a393,['p1.cfg']
AAA_MISSING_DEVICES__rs1,aaa_missing_devices:566d4b6821-rs1,Security_Policy,L2,AAA 기능이 비활성화된 장비 목록을 알려주세요. [답변 형식: 리스트],OK,set,"[""leaf1"", ""leaf2"", ""leaf3"", ""leaf4"", ""p1"", ""p2"", ""p3"", ""p4"", ""pe1"", ""pe2""]",,"{""snapshot"": ""LabA_Research_Institute_DC_10nodes"", ""metric"": ""aaa_missing_devices"", ""scope"": {""type"": ""GLOBAL""}, ""resample_pass"": 2, ""resample_index"": 1}",bd1a393,"['leaf1.cfg', 'leaf2.cfg', 'leaf3.cfg', 'leaf4.cfg', 'p1.cfg', 'p2.cfg', 'p3.cfg', 'p4.cfg', 'pe1.cfg', 'pe2.cfg']"
SSH_MISSING_DEVICES__rs2,ssh_missing_devices:566d4b6821-rs2,Security_Policy,L2,SSH 접속이 불가능한 장비 목록을 알려주세요. [답변 형식: 리스트],OK,set,[],,"{""snapshot"": ""LabA_Research_Institute_DC_10nodes"", ""metric"": ""ssh_missing_devices"", ""scope"": {""type"": ""GLOBAL""}, ""resample_pass"": 2, ""resample_index"": 2}",bd1a393,"['leaf1.cfg', 'leaf2.cfg', 'leaf3.cfg', 'leaf4.cfg', 'p1.cfg', 'p2.cfg', 'p3.cfg', 'p4.cfg', 'pe1.cfg', 'pe2.cfg']"
SSH_MISSING_COUNT__rs3,ssh_missing_count:566d4b6821-rs3,Security_Policy,L2,SSH 접속이 불가능한 장비는 총 몇 대입니까? [답변 형식: 숫자],OK,number,0,,"{""snapshot"": ""LabA_Research_Institute_DC_10nodes"", ""metric"": ""ssh_missing_count"", ""scope"": {""type"": ""GLOBAL""}, ""resample_pass"": 2, ""resample_index"": 3}",bd1a393,"['leaf1.cfg', 'leaf2.cfg', 'leaf3.cfg', 'leaf4.cfg', 'p1.cfg', 'p2.cfg', 'p3.cfg', 'p4.cfg', 'pe1.cfg', 'pe2.cfg']"
AAA_MISSING_DEVICES__rs4,aaa_missing_devices:566d4b6821-rs4,Security_Policy,L2,AAA 기능이 비활성화된 장비 목록을 알려주세요. [답변 형식: 리스트],OK,set,"[""leaf1"", ""leaf2"", ""leaf3"", ""leaf4"", ""p1"", ""p2"", ""p3"", ""p4"", ""pe1"", ""pe2""]",,"{""snapshot"": ""LabA_Research_Institute_DC_10nodes"", ""metric"": ""aaa_missing_devices"", ""scope"": {""type"": ""GLOBAL""}, ""resample_pass"": 2, ""resample_index"": 4}",bd1a393,"['leaf1.cfg', 'leaf2.cfg', 'leaf3.cfg', 'leaf4.cfg', 'p1.cfg', 'p2.cfg', 'p3.cfg', 'p4.cfg', 'pe1.cfg', 'pe2.cfg']"
SSH_MISSING_DEVICES__rs5,ssh_missing_devices:566d4b6821-rs5,Security_Policy,L2,SSH 접속이 불가능한 장비 목록을 알려주세요. [답변 형식: 리스트],OK,set,[],,"{""snapshot"": ""LabA_Research_Institute_DC_10nodes"", ""metric"": ""ssh_missing_devices"", ""scope"": {""type"": ""GLOBAL""}, ""resample_pass"": 2, ""resample_index"": 5}",bd1a393,"['leaf1.cfg', 'leaf2.cfg', 'leaf3.cfg', 'leaf4.cfg', 'p1.cfg', 'p2.cfg', 'p3.cfg', 'p4.cfg', 'pe1.cfg', 'pe2.cfg']"
SSH_MISSING_DEVICES__rs6,ssh_missing_devices:566d4b6821-rs6,Security_Policy,L2,SSH 접속이 불가능한 장비 목록을 알려주세요. [답변 형식: 리스트],OK,set,[],,"{""snapshot"": ""LabA_Research_Institute_DC_10nodes"", ""metric"": ""ssh_missing_devices"", ""scope"": {""type"": ""GLOBAL""}, ""resample_pass"": 2, ""resample_index"": 6}",bd1a393,"['leaf1.cfg', 'leaf2.cfg', 'leaf3.cfg', 'leaf4.cfg', 'p1.cfg', 'p2.cfg', 'p3.cfg', 'p4.cfg', 'pe1.cfg', 'pe2.cfg']"
AAA_MISSING_DEVICES__rs4__rs7,aaa_missing_devices:566d4b6821-rs4-rs7,Security_Policy,L2,AAA 기능이 비활성화된 장비 목록을 알려주세요. [답변 형식: 리스트],OK,set,"[""leaf1"", ""leaf2"", ""leaf3"", ""leaf4"", ""p1"", ""p2"", ""p3"", ""p4"", ""pe1"", ""pe2""]",,"{""snapshot"": ""LabA_Research_Institute_DC_10nodes"", ""metric"": ""aaa_missing_devices"", ""scope"": {""type"": ""GLOBAL""}, ""resample_pass"": 2, ""resample_index"": 7}",bd1a393,"['leaf1.cfg', 'leaf2.cfg', 'leaf3.cfg', 'leaf4.cfg', 'p1.cfg', 'p2.cfg', 'p3.cfg', 'p4.cfg', 'pe1.cfg', 'pe2.cfg']"
AAA_MISSING_DEVICES__rs1__rs8,aaa_missing_devices:566d4b6821-rs1-rs8,Security_Policy,L2,AAA 기능이 비활성화된 장비 목록을 알려주세요. [답변 형식: 리스트],OK,set,"[""leaf1"", ""leaf2"", ""leaf3"", ""leaf4"", ""p1"", ""p2"", ""p3"", ""p4"", ""pe1"", ""pe2""]",,"{""snapshot"": ""LabA_Research_Institute_DC_10nodes"", ""metric"": ""aaa_missing_devices"", ""scope"": {""type"": ""GLOBAL""}, ""resample_pass"": 2, ""resample_index"": 8}",bd1a393,"['leaf1.cfg', 'leaf2.cfg', 'leaf3.cfg', 'leaf4.cfg', 'p1.cfg', 'p2.cfg', 'p3.cfg', 'p4.cfg', 'pe1.cfg', 'pe2.cfg']"
AAA_MISSING_DEVICES__rs9,aaa_missing_devices:566d4b6821-rs9,Security_Policy,L2,AAA 기능이 비활성화된 장비 목록을 알려주세요. [답변 형식: 리스트],OK,set,"[""leaf1"", ""leaf2"", ""leaf3"", ""leaf4"", ""p1"", ""p2"", ""p3"", ""p4"", ""pe1"", ""pe2""]",,"{""snapshot"": ""LabA_Research_Institute_DC_10nodes"", ""metric"": ""aaa_missing_devices"", ""scope"": {""type"": ""GLOBAL""}, ""resample_pass"": 2, ""resample_index"": 9}",bd1a393,"['leaf1.cfg', 'leaf2.cfg', 'leaf3.cfg', 'leaf4.cfg', 'p1.cfg', 'p2.cfg', 'p3.cfg', 'p4.cfg', 'pe1.cfg', 'pe2.cfg']"
AAA_MISSING_DEVICES__rs1__rs10,aaa_missing_devices:566d4b6821-rs1-rs10,Security_Policy,L2,AAA 기능이 비활성화된 장비 목록을 알려주세요. [답변 형식: 리스트],OK,set,"[""leaf1"", ""leaf2"", ""leaf3"", ""leaf4"", ""p1"", ""p2"", ""p3"", ""p4"", ""pe1"", ""pe2""]",,"{""snapshot"": ""LabA_Research_Institute_DC_10nodes"", ""metric"": ""aaa_missing_devices"", ""scope"": {""type"": ""GLOBAL""}, ""resample_pass"": 2, ""resample_index"": 10}",bd1a393,"['leaf1.cfg', 'leaf2.cfg', 'leaf3.cfg', 'leaf4.cfg', 'p1.cfg', 'p2.cfg', 'p3.cfg', 'p4.cfg', 'pe1.cfg', 'pe2.cfg']"
SSH_MISSING_DEVICES__rs2__rs11,ssh_missing_devices:566d4b6821-rs2-rs11,Security_Policy,L2,SSH 접속이 불가능한 장비 목록을 알려주세요. [답변 형식: 리스트],OK,set,[],,"{""snapshot"": ""LabA_Research_Institute_DC_10nodes"", ""metric"": ""ssh_missing_devices"", ""scope"": {""type"": ""GLOBAL""}, ""resample_pass"": 2, ""resample_index"": 11}",bd1a393,"['leaf1.cfg', 'leaf2.cfg', 'leaf3.cfg', 'leaf4.cfg', 'p1.cfg', 'p2.cfg', 'p3.cfg', 'p4.cfg', 'pe1.cfg', 'pe2.cfg']"
DEVICES_WITH_SAME_VRF_VRF_AI__rs12,devices_with_same_vrf:d9debd50c2-rs12,Security_Policy,L2,VRF_AI VRF를 사용하는 장비 목록을 알려주세요. [답변 형식: 리스트],OK,set,"[""pe1"", ""pe2""]",,"{""snapshot"": ""LabA_Research_Institute_DC_10nodes"", ""metric"": ""devices_with_same_vrf"", ""scope"": {""type"": ""VRF"", ""vrf"": ""VRF_AI""}, ""resample_pass"": 2, ""resample_index"": 12}",bd1a393,"['pe1.cfg', 'pe2.cfg']"
SSH_MISSING_COUNT__rs3__rs13,ssh_missing_count:566d4b6821-rs3-rs13,Security_Policy,L2,SSH 접속이 불가능한 장비는 총 몇 대입니까? [답변 형식: 숫자],OK,number,0,,"{""snapshot"": ""LabA_Research_Institute_DC_10nodes"", ""metric"": ""ssh_missing_count"", ""scope"": {""type"": ""GLOBAL""}, ""resample_pass"": 2, ""resample_index"": 13}",bd1a393,"['leaf1.cfg', 'leaf2.cfg', 'leaf3.cfg', 'leaf4.cfg', 'p1.cfg', 'p2.cfg', 'p3.cfg', 'p4.cfg', 'pe1.cfg', 'pe2.cfg']"
DEVICES_WITH_SAME_VRF_VRF_AI__rs14,devices_with_same_vrf:d9debd50c2-rs14,Security_Policy,L2,VRF_AI VRF를 사용하는 장비 목록을 알려주세요. [답변 형식: 리스트],OK,set,"[""pe1"", ""pe2""]",,"{""snapshot"": ""LabA_Research_Institute_DC_10nodes"", ""metric"": ""devices_with_same_vrf"", ""scope"": {""type"": ""VRF"", ""vrf"": ""VRF_AI""}, ""resample_pass"": 2, ""resample_index"": 14}",bd1a393,"['pe1.cfg', 'pe2.cfg']"
DEVICES_WITH_SAME_VRF_VRF_AI__rs14__rs15,devices_with_same_vrf:d9debd50c2-rs14-rs15,Security_Policy,L2,VRF_AI VRF를 사용하는 장비 목록을 알려주세요. [답변 형식: 리스트],OK,set,"[""pe1"", ""pe2""]",,"{""snapshot"": ""LabA_Research_Institute_DC_10nodes"", ""metric"": ""devices_with_same_vrf"", ""scope"": {""type"": ""VRF"", ""vrf"": ""VRF_AI""}, ""resample_pass"": 2, ""resample_index"": 15}",bd1a393,"['pe1.cfg', 'pe2.cfg']"
SSH_MISSING_COUNT__rs3__rs13__rs16,ssh_missing_count:566d4b6821-rs3-rs13-rs16,Security_Policy,L2,SSH 접속이 불가능한 장비는 총 몇 대입니까? [답변 형식: 숫자],OK,number,0,,"{""snapshot"": ""LabA_Research_Institute_DC_10nodes"", ""metric"": ""ssh_missing_count"", ""scope"": {""type"": ""GLOBAL""}, ""resample_pass"": 2, ""resample_index"": 16}",bd1a393,"['leaf1.cfg', 'leaf2.cfg', 'leaf3.cfg', 'leaf4.cfg', 'p1.cfg', 'p2.cfg', 'p3.cfg', 'p4.cfg', 'pe1.cfg', 'pe2.cfg']"
AAA_MISSING_DEVICES__rs1__rs17,aaa_missing_devices:566d4b6821-rs1-rs17,Security_Policy,L2,AAA 기능이 비활성화된 장비 목록을 알려주세요. [답변 형식: 리스트],OK,set,"[""leaf1"", ""leaf2"", ""leaf3"", ""leaf4"", ""p1"", ""p2"", ""p3"", ""p4"", ""pe1"", ""pe2""]",,"{""snapshot"": ""LabA_Research_Institute_DC_10nodes"", ""metric"": ""aaa_missing_devices"", ""scope"": {""type"": ""GLOBAL""}, ""resample_pass"": 2, ""resample_index"": 17}",bd1a393,"['leaf1.cfg', 'leaf2.cfg', 'leaf3.cfg', 'leaf4.cfg', 'p1.cfg', 'p2.cfg', 'p3.cfg', 'p4.cfg', 'pe1.cfg', 'pe2.cfg']"
AAA_MISSING_DEVICES__rs9__rs18,aaa_missing_devices:566d4b6821-rs9-rs18,Security_Policy,L2,AAA 기능이 비활성화된 장비 목록을 알려주세요. [답변 형식: 리스트],OK,set,"[""leaf1"", ""leaf2"", ""leaf3"", ""leaf4"", ""p1"", ""p2"", ""p3"", ""p4"", ""pe1"", ""pe2""]",,"{""snapshot"": ""LabA_Research_Institute_DC_10nodes"", ""metric"": ""aaa_missing_devices"", ""scope"": {""type"": ""GLOBAL""}, ""resample_pass"": 2, ""resample_index"": 18}",bd1a393,"['leaf1.cfg', 'leaf2.cfg', 'leaf3.cfg', 'leaf4.cfg', 'p1.cfg', 'p2.cfg', 'p3.cfg', 'p4.cfg', 'pe1.cfg', 'pe2.cfg']"
AAA_MISSING_DEVICES__rs1__rs8__rs19,aaa_missing_devices:566d4b6821-rs1-rs8-rs19,Security_Policy,L2,AAA 기능이 비활성화된 장비 목록을 알려주세요. [답변 형식: 리스트],OK,set,"[""leaf1"", ""leaf2"", ""leaf3"", ""leaf4"", ""p1"", ""p2"", ""p3"", ""p4"", ""pe1"", ""pe2""]",,"{""snapshot"": ""LabA_Research_Institute_DC_10nodes"", ""metric"": ""aaa_missing_devices"", ""scope"": {""type"": ""GLOBAL""}, ""resample_pass"": 2, ""resample_index"": 19}",bd1a393,"['leaf1.cfg', 'leaf2.cfg', 'leaf3.cfg', 'leaf4.cfg', 'p1.cfg', 'p2.cfg', 'p3.cfg', 'p4.cfg', 'pe1.cfg', 'pe2.cfg']"
AAA_MISSING_DEVICES__rs1__rs20,aaa_missing_devices:566d4b6821-rs1-rs20,Security_Policy,L2,AAA 기능이 비활성화된 장비 목록을 알려주세요. [답변 형식: 리스트],OK,set,"[""leaf1"", ""leaf2"", ""leaf3"", ""leaf4"", ""p1"", ""p2"", ""p3"", ""p4"", ""pe1"", ""pe2""]",,"{""snapshot"": ""LabA_Research_Institute_DC_10nodes"", ""metric"": ""aaa_missing_devices"", ""scope"": {""type"": ""GLOBAL""}, ""resample_pass"": 2, ""resample_index"": 20}",bd1a393,"['leaf1.cfg', 'leaf2.cfg', 'leaf3.cfg', 'leaf4.cfg', 'p1.cfg', 'p2.cfg', 'p3.cfg', 'p4.cfg', 'pe1.cfg', 'pe2.cfg']"
AAA_MISSING_DEVICES__rs1__rs20__rs21,aaa_missing_devices:566d4b6821-rs1-rs20-rs21,Security_Policy,L2,AAA 기능이 비활성화된 장비 목록을 알려주세요. [답변 형식: 리스트],OK,set,"[""leaf1"", ""leaf2"", ""leaf3"", ""leaf4"", ""p1"", ""p2"", ""p3"", ""p4"", ""pe1"", ""pe2""]",,"{""snapshot"": ""LabA_Research_Institute_DC_10nodes"", ""metric"": ""aaa_missing_devices"", ""scope"": {""type"": ""GLOBAL""}, ""resample_pass"": 2, ""resample_index"": 21}",bd1a393,"['leaf1.cfg', 'leaf2.cfg', 'leaf3.cfg', 'leaf4.cfg', 'p1.cfg', 'p2.cfg', 'p3.cfg', 'p4.cfg', 'pe1.cfg', 'pe2.cfg']"
SSH_MISSING_DEVICES__rs22,ssh_missing_devices:566d4b6821-rs22,Security_Policy,L2,SSH 접속이 불가능한 장비 목록을 알려주세요. [답변 형식: 리스트],OK,set,[],,"{""snapshot"": ""LabA_Research_Institute_DC_10nodes"", ""metric"": ""ssh_missing_devices"", ""scope"": {""type"": ""GLOBAL""}, ""resample_pass"": 2, ""resample_index"": 22}",bd1a393,"['leaf1.cfg', 'leaf2.cfg', 'leaf3.cfg', 'leaf4.cfg', 'p1.cfg', 'p2.cfg', 'p3.cfg', 'p4.cfg', 'pe1.cfg', 'pe2.cfg']"
SSH_MISSING_COUNT__rs23,ssh_missing_count:566d4b6821-rs23,Security_Policy,L2,SSH 접속이 불가능한 장비는 총 몇 대입니까? [답변 형식: 숫자],OK,number,0,,"{""snapshot"": ""LabA_Research_Institute_DC_10nodes"", ""metric"": ""ssh_missing_count"", ""scope"": {""type"": ""GLOBAL""}, ""resample_pass"": 2, ""resample_index"": 23}",bd1a393,"['leaf1.cfg', 'leaf2.cfg', 'leaf3.cfg', 'leaf4.cfg', 'p1.cfg', 'p2.cfg', 'p3.cfg', 'p4.cfg', 'pe1.cfg', 'pe2.cfg']"
SSH_MISSING_COUNT__rs3__rs13__rs24,ssh_missing_count:566d4b6821-rs3-rs13-rs24,Security_Policy,L2,SSH 접속이 불가능한 장비는 총 몇 대입니까? [답변 형식: 숫자],OK,number,0,,"{""snapshot"": ""LabA_Research_Institute_DC_10nodes"", ""metric"": ""ssh_missing_count"", ""scope"": {""type"": ""GLOBAL""}, ""resample_pass"": 2, ""resample_index"": 24}",bd1a393,"['leaf1.cfg', 'leaf2.cfg', 'leaf3.cfg', 'leaf4.cfg', 'p1.cfg', 'p2.cfg', 'p3.cfg', 'p4.cfg', 'pe1.cfg', 'pe2.cfg']"
AAA_MISSING_DEVICES__rs1__rs20__rs25,aaa_missing_devices:566d4b6821-rs1-rs20-rs25,Security_Policy,L2,AAA 기능이 비활성화된 장비 목록을 알려주세요. [답변 형식: 리스트],OK,set,"[""leaf1"", ""leaf2"", ""leaf3"", ""leaf4"", ""p1"", ""p2"", ""p3"", ""p4"", ""pe1"", ""pe2""]",,"{""snapshot"": ""LabA_Research_Institute_DC_10nodes"", ""metric"": ""aaa_missing_devices"", ""scope"": {""type"": ""GLOBAL""}, ""resample_pass"": 2, ""resample_index"": 25}",bd1a393,"['leaf1.cfg', 'leaf2.cfg', 'leaf3.cfg', 'leaf4.cfg', 'p1.cfg', 'p2.cfg', 'p3.cfg', 'p4.cfg', 'pe1.cfg', 'pe2.cfg']"
AAA_MISSING_DEVICES__rs1__rs10__rs26,aaa_missing_devices:566d4b6821-rs1-rs10-rs26,Security_Policy,L2,AAA 기능이 비활성화된 장비 목록을 알려주세요. [답변 형식: 리스트],OK,set,"[""leaf1"", ""leaf2"", ""leaf3"", ""leaf4"", ""p1"", ""p2"", ""p3"", ""p4"", ""pe1"", ""pe2""]",,"{""snapshot"": ""LabA_Research_Institute_DC_10nodes"", ""metric"": ""aaa_missing_devices"", ""scope"": {""type"": ""GLOBAL""}, ""resample_pass"": 2, ""resample_index"": 26}",bd1a393,"['leaf1.cfg', 'leaf2.cfg', 'leaf3.cfg', 'leaf4.cfg', 'p1.cfg', 'p2.cfg', 'p3.cfg', 'p4.cfg', 'pe1.cfg', 'pe2.cfg']"
SSH_MISSING_COUNT__rs27,ssh_missing_count:566d4b6821-rs27,Security_Policy,L2,SSH 접속이 불가능한 장비는 총 몇 대입니까? [답변 형식: 숫자],OK,number,0,,"{""snapshot"": ""LabA_Research_Institute_DC_10nodes"", ""metric"": ""ssh_missing_count"", ""scope"": {""type"": ""GLOBAL""}, ""resample_pass"": 2, ""resample_index"": 27}",bd1a393,"['leaf1.cfg', 'leaf2.cfg', 'leaf3.cfg', 'leaf4.cfg', 'p1.cfg', 'p2.cfg', 'p3.cfg', 'p4.cfg', 'pe1.cfg', 'pe2.cfg']"
SSH_ENABLED_DEVICES__rs28,ssh_enabled_devices:566d4b6821-rs28,Security_Policy,L2,SSH 접속이 가능한 장비 목록을 알려주세요. [답변 형식: 리스트],OK,set,"[""leaf1"", ""leaf2"", ""leaf3"", ""leaf4"", ""p1"", ""p2"", ""p3"", ""p4"", ""pe1"", ""pe2""]",,"{""snapshot"": ""LabA_Research_Institute_DC_10nodes"", ""metric"": ""ssh_enabled_devices"", ""scope"": {""type"": ""GLOBAL""}, ""resample_pass"": 2, ""resample_index"": 28}",bd1a393,"['leaf1.cfg', 'leaf2.cfg', 'leaf3.cfg', 'leaf4.cfg', 'p1.cfg', 'p2.cfg', 'p3.cfg', 'p4.cfg', 'pe1.cfg', 'pe2.cfg']"
DEVICES_WITH_SAME_VRF_VRF_AI__rs14__rs29,devices_with_same_vrf:d9debd50c2-rs14-rs29,Security_Policy,L2,VRF_AI VRF를 사용하는 장비 목록을 알려주세요. [답변 형식: 리스트],OK,set,"[""pe1"", ""pe2""]",,"{""snapshot"": ""LabA_Research_Institute_DC_10nodes"", ""metric"": ""devices_with_same_vrf"", ""scope"": {""type"": ""VRF"", ""vrf"": ""VRF_AI""}, ""resample_pass"": 2, ""resample_index"": 29}",bd1a393,"['pe1.cfg', 'pe2.cfg']"
AAA_MISSING_DEVICES__rs1__rs30,aaa_missing_devices:566d4b6821-rs1-rs30,Security_Policy,L2,AAA 기능이 비활성화된 장비 목록을 알려주세요. [답변 형식: 리스트],OK,set,"[""leaf1"", ""leaf2"", ""leaf3"", ""leaf4"", ""p1"", ""p2"", ""p3"", ""p4"", ""pe1"", ""pe2""]",,"{""snapshot"": ""LabA_Research_Institute_DC_10nodes"", ""metric"": ""aaa_missing_devices"", ""scope"": {""type"": ""GLOBAL""}, ""resample_pass"": 2, ""resample_index"": 30}",bd1a393,"['leaf1.cfg', 'leaf2.cfg', 'leaf3.cfg', 'leaf4.cfg', 'p1.cfg', 'p2.cfg', 'p3.cfg', 'p4.cfg', 'pe1.cfg', 'pe2.cfg']"
AAA_MISSING_DEVICES__rs9__rs31,aaa_missing_devices:566d4b6821-rs9-rs31,Security_Policy,L2,AAA 기능이 비활성화된 장비 목록을 알려주세요. [답변 형식: 리스트],OK,set,"[""leaf1"", ""leaf2"", ""leaf3"", ""leaf4"", ""p1"", ""p2"", ""p3"", ""p4"", ""pe1"", ""pe2""]",,"{""snapshot"": ""LabA_Research_Institute_DC_10nodes"", ""metric"": ""aaa_missing_devices"", ""scope"": {""type"": ""GLOBAL""}, ""resample_pass"": 2, ""resample_index"": 31}",bd1a393,"['leaf1.cfg', 'leaf2.cfg', 'leaf3.cfg', 'leaf4.cfg', 'p1.cfg', 'p2.cfg', 'p3.cfg', 'p4.cfg', 'pe1.cfg', 'pe2.cfg']"
SSH_MISSING_COUNT__rs3__rs32,ssh_missing_count:566d4b6821-rs3-rs32,Security_Policy,L2,SSH 접속이 불가능한 장비는 총 몇 대입니까? [답변 형식: 숫자],OK,number,0,,"{""snapshot"": ""LabA_Research_Institute_DC_10nodes"", ""metric"": ""ssh_missing_count"", ""scope"": {""type"": ""GLOBAL""}, ""resample_pass"": 2, ""resample_index"": 32}",bd1a393,"['leaf1.cfg', 'leaf2.cfg', 'leaf3.cfg', 'leaf4.cfg', 'p1.cfg', 'p2.cfg', 'p3.cfg', 'p4.cfg', 'pe1.cfg', 'pe2.cfg']"
AAA_MISSING_DEVICES__rs1__rs20__rs21__rs33,aaa_missing_devices:566d4b6821-rs1-rs20-rs21-rs33,Security_Policy,L2,AAA 기능이 비활성화된 장비 목록을 알려주세요. [답변 형식: 리스트],OK,set,"[""leaf1"", ""leaf2"", ""leaf3"", ""leaf4"", ""p1"", ""p2"", ""p3"", ""p4"", ""pe1"", ""pe2""]",,"{""snapshot"": ""LabA_Research_Institute_DC_10nodes"", ""metric"": ""aaa_missing_devices"", ""scope"": {""type"": ""GLOBAL""}, ""resample_pass"": 2, ""resample_index"": 33}",bd1a393,"['leaf1.cfg', 'leaf2.cfg', 'leaf3.cfg', 'leaf4.cfg', 'p1.cfg', 'p2.cfg', 'p3.cfg', 'p4.cfg', 'pe1.cfg', 'pe2.cfg']"
SSH_ENABLED_DEVICES__rs28__rs34,ssh_enabled_devices:566d4b6821-rs28-rs34,Security_Policy,L2,SSH 접속이 가능한 장비 목록을 알려주세요. [답변 형식: 리스트],OK,set,"[""leaf1"", ""leaf2"", ""leaf3"", ""leaf4"", ""p1"", ""p2"", ""p3"", ""p4"", ""pe1"", ""pe2""]",,"{""snapshot"": ""LabA_Research_Institute_DC_10nodes"", ""metric"": ""ssh_enabled_devices"", ""scope"": {""type"": ""GLOBAL""}, ""resample_pass"": 2, ""resample_index"": 34}",bd1a393,"['leaf1.cfg', 'leaf2.cfg', 'leaf3.cfg', 'leaf4.cfg', 'p1.cfg', 'p2.cfg', 'p3.cfg', 'p4.cfg', 'pe1.cfg', 'pe2.cfg']"
AAA_MISSING_DEVICES__rs1__rs20__rs35,aaa_missing_devices:566d4b6821-rs1-rs20-rs35,Security_Policy,L2,AAA 기능이 비활성화된 장비 목록을 알려주세요. [답변 형식: 리스트],OK,set,"[""leaf1"", ""leaf2"", ""leaf3"", ""leaf4"", ""p1"", ""p2"", ""p3"", ""p4"", ""pe1"", ""pe2""]",,"{""snapshot"": ""LabA_Research_Institute_DC_10nodes"", ""metric"": ""aaa_missing_devices"", ""scope"": {""type"": ""GLOBAL""}, ""resample_pass"": 2, ""resample_index"": 35}",bd1a393,"['leaf1.cfg', 'leaf2.cfg', 'leaf3.cfg', 'leaf4.cfg', 'p1.cfg', 'p2.cfg', 'p3.cfg', 'p4.cfg', 'pe1.cfg', 'pe2.cfg']"
SSH_ENABLED_DEVICES__rs28__rs36,ssh_enabled_devices:566d4b6821-rs28-rs36,Security_Policy,L2,SSH 접속이 가능한 장비 목록을 알려주세요. [답변 형식: 리스트],OK,set,"[""leaf1"", ""leaf2"", ""leaf3"", ""leaf4"", ""p1"", ""p2"", ""p3"", ""p4"", ""pe1"", ""pe2""]",,"{""snapshot"": ""LabA_Research_Institute_DC_10nodes"", ""metric"": ""ssh_enabled_devices"", ""scope"": {""type"": ""GLOBAL""}, ""resample_pass"": 2, ""resample_index"": 36}",bd1a393,"['leaf1.cfg', 'leaf2.cfg', 'leaf3.cfg', 'leaf4.cfg', 'p1.cfg', 'p2.cfg', 'p3.cfg', 'p4.cfg', 'pe1.cfg', 'pe2.cfg']"
SSH_ENABLED_DEVICES__rs37,ssh_enabled_devices:566d4b6821-rs37,Security_Policy,L2,SSH 접속이 가능한 장비 목록을 알려주세요. [답변 형식: 리스트],OK,set,"[""leaf1"", ""leaf2"", ""leaf3"", ""leaf4"", ""p1"", ""p2"", ""p3"", ""p4"", ""pe1"", ""pe2""]",,"{""snapshot"": ""LabA_Research_Institute_DC_10nodes"", ""metric"": ""ssh_enabled_devices"", ""scope"": {""type"": ""GLOBAL""}, ""resample_pass"": 2, ""resample_index"": 37}",bd1a393,"['leaf1.cfg', 'leaf2.cfg', 'leaf3.cfg', 'leaf4.cfg', 'p1.cfg', 'p2.cfg', 'p3.cfg', 'p4.cfg', 'pe1.cfg', 'pe2.cfg']"
DEVICES_WITH_SAME_VRF_VRF_HPC__rs38,devices_with_same_vrf:b85d5b601c-rs38,Security_Policy,L2,VRF_HPC VRF를 사용하는 장비 목록을 알려주세요. [답변 형식: 리스트],OK,set,"[""pe1"", ""pe2""]",,"{""snapshot"": ""LabA_Research_Institute_DC_10nodes"", ""metric"": ""devices_with_same_vrf"", ""scope"": {""type"": ""VRF"", ""vrf"": ""VRF_HPC""}, ""resample_pass"": 2, ""resample_index"": 38}",bd1a393,"['pe1.cfg', 'pe2.cfg']"
AAA_MISSING_DEVICES__rs39,aaa_missing_devices:566d4b6821-rs39,Security_Policy,L2,AAA 기능이 비활성화된 장비 목록을 알려주세요. [답변 형식: 리스트],OK,set,"[""leaf1"", ""leaf2"", ""leaf3"", ""leaf4"", ""p1"", ""p2"", ""p3"", ""p4"", ""pe1"", ""pe2""]",,"{""snapshot"": ""LabA_Research_Institute_DC_10nodes"", ""metric"": ""aaa_missing_devices"", ""scope"": {""type"": ""GLOBAL""}, ""resample_pass"": 2, ""resample_index"": 39}",bd1a393,"['leaf1.cfg', 'leaf2.cfg', 'leaf3.cfg', 'leaf4.cfg', 'p1.cfg', 'p2.cfg', 'p3.cfg', 'p4.cfg', 'pe1.cfg', 'pe2.cfg']"
SSH_ENABLED_DEVICES__rs37__rs40,ssh_enabled_devices:566d4b6821-rs37-rs40,Security_Policy,L2,SSH 접속이 가능한 장비 목록을 알려주세요. [답변 형식: 리스트],OK,set,"[""leaf1"", ""leaf2"", ""leaf3"", ""leaf4"", ""p1"", ""p2"", ""p3"", ""p4"", ""pe1"", ""pe2""]",,"{""snapshot"": ""LabA_Research_Institute_DC_10nodes"", ""metric"": ""ssh_enabled_devices"", ""scope"": {""type"": ""GLOBAL""}, ""resample_pass"": 2, ""resample_index"": 40}",bd1a393,"['leaf1.cfg', 'leaf2.cfg', 'leaf3.cfg', 'leaf4.cfg', 'p1.cfg', 'p2.cfg', 'p3.cfg', 'p4.cfg', 'pe1.cfg', 'pe2.cfg']"
SSH_MISSING_DEVICES__rs2__rs41,ssh_missing_devices:566d4b6821-rs2-rs41,Security_Policy,L2,SSH 접속이 불가능한 장비 목록을 알려주세요. [답변 형식: 리스트],OK,set,[],,"{""snapshot"": ""LabA_Research_Institute_DC_10nodes"", ""metric"": ""ssh_missing_devices"", ""scope"": {""type"": ""GLOBAL""}, ""resample_pass"": 2, ""resample_index"": 41}",bd1a393,"['leaf1.cfg', 'leaf2.cfg', 'leaf3.cfg', 'leaf4.cfg', 'p1.cfg', 'p2.cfg', 'p3.cfg', 'p4.cfg', 'pe1.cfg', 'pe2.cfg']"
SSH_MISSING_COUNT__rs27__rs42,ssh_missing_count:566d4b6821-rs27-rs42,Security_Policy,L2,SSH 접속이 불가능한 장비는 총 몇 대입니까? [답변 형식: 숫자],OK,number,0,,"{""snapshot"": ""LabA_Research_Institute_DC_10nodes"", ""metric"": ""ssh_missing_count"", ""scope"": {""type"": ""GLOBAL""}, ""resample_pass"": 2, ""resample_index"": 42}",bd1a393,"['leaf1.cfg', 'leaf2.cfg', 'leaf3.cfg', 'leaf4.cfg', 'p1.cfg', 'p2.cfg', 'p3.cfg', 'p4.cfg', 'pe1.cfg', 'pe2.cfg']"
OSPF_AREA_MEMBERSHIP_0__rs1,ospf_area_membership:0ba8b6abd2-rs1,OSPF_Consistency,L2,OSPF Area 0에 속한 장비 목록을 알려주세요. [답변 형식: 리스트],OK,set,"[""p1"", ""p2"", ""p3"", ""p4"", ""pe1"", ""pe2""]",,"{""snapshot"": ""LabA_Research_Institute_DC_10nodes"", ""metric"": ""ospf_area_membership"", ""scope"": {""type"": ""OSPF_AREA"", ""area"": ""0""}, ""resample_pass"": 2, ""resample_index"": 1}",bd1a393,"['p1.cfg', 'p2.cfg', 'p3.cfg', 'p4.cfg', 'pe1.cfg', 'pe2.cfg']"
OSPF_AREA0_IF_COUNT_p4__rs2,ospf_area0_if_count:8eb660897d-rs2,OSPF_Consistency,L2,p4 장비의 OSPF Area 0에 연결된 인터페이스는 총 몇 개입니까? [답변 형식: 숫자],OK,number,3,,"{""snapshot"": ""LabA_Research_Institute_DC_10nodes"", ""metric"": ""ospf_area0_if_count"", ""scope"": {""type"": ""DEVICE"", ""host"": ""p4""}, ""resample_pass"": 2, ""resample_index"": 2}",bd1a393,['p4.cfg']
OSPF_AREA0_IF_COUNT_leaf2__rs3,ospf_area0_if_count:6e35c43dba-rs3,OSPF_Consistency,L2,leaf2 장비의 OSPF Area 0에 연결된 인터페이스는 총 몇 개입니까? [답변 형식: 숫자],OK,number,0,,"{""snapshot"": ""LabA_Research_Institute_DC_10nodes"", ""metric"": ""ospf_area0_if_count"", ""scope"": {""type"": ""DEVICE"", ""host"": ""leaf2""}, ""resample_pass"": 2, ""resample_index"": 3}",bd1a393,['leaf2.cfg']
OSPF_AREA0_IF_COUNT_p3__rs4,ospf_area0_if_count:40d255b5d8-rs4,OSPF_Consistency,L2,p3 장비의 OSPF Area 0에 연결된 인터페이스는 총 몇 개입니까? [답변 형식: 숫자],OK,number,4,,"{""snapshot"": ""LabA_Research_Institute_DC_10nodes"", ""metric"": ""ospf_area0_if_count"", ""scope"": {""type"": ""DEVICE"", ""host"": ""p3""}, ""resample_pass"": 2, ""resample_index"": 4}",bd1a393,['p3.cfg']
OSPF_AREA0_IF_COUNT_leaf3__rs5,ospf_area0_if_count:6a7c231d8b-rs5,OSPF_Consistency,L2,leaf3 장비의 OSPF Area 0에 연결된 인터페이스는 총 몇 개입니까? [답변 형식: 숫자],OK,number,0,,"{""snapshot"": ""LabA_Research_Institute_DC_10nodes"", ""metric"": ""ospf_area0_if_count"", ""scope"": {""type"": ""DEVICE"", ""host"": ""leaf3""}, ""resample_pass"": 2, ""resample_index"": 5}",bd1a393,['leaf3.cfg']
OSPF_AREA0_IF_COUNT_p4__rs2__rs6,ospf_area0_if_count:8eb660897d-rs2-rs6,OSPF_Consistency,L2,p4 장비의 OSPF Area 0에 연결된 인터페이스는 총 몇 개입니까? [답변 형식: 숫자],OK,number,3,,"{""snapshot"": ""LabA_Research_Institute_DC_10nodes"", ""metric"": ""ospf_area0_if_count"", ""scope"": {""type"": ""DEVICE"", ""host"": ""p4""}, ""resample_pass"": 2, ""resample_index"": 6}",bd1a393,['p4.cfg']
OSPF_AREA0_IF_COUNT_leaf3__rs7,ospf_area0_if_count:6a7c231d8b-rs7,OSPF_Consistency,L2,leaf3 장비의 OSPF Area 0에 연결된 인터페이스는 총 몇 개입니까? [답변 형식: 숫자],OK,number,0,,"{""snapshot"": ""LabA_Research_Institute_DC_10nodes"", ""metric"": ""ospf_area0_if_count"", ""scope"": {""type"": ""DEVICE"", ""host"": ""leaf3""}, ""resample_pass"": 2, ""resample_index"": 7}",bd1a393,['leaf3.cfg']
OSPF_AREA0_IF_COUNT_leaf4__rs8,ospf_area0_if_count:45a2dbebe1-rs8,OSPF_Consistency,L2,leaf4 장비의 OSPF Area 0에 연결된 인터페이스는 총 몇 개입니까? [답변 형식: 숫자],OK,number,0,,"{""snapshot"": ""LabA_Research_Institute_DC_10nodes"", ""metric"": ""ospf_area0_if_count"", ""scope"": {""type"": ""DEVICE"", ""host"": ""leaf4""}, ""resample_pass"": 2, ""resample_index"": 8}",bd1a393,['leaf4.cfg']
OSPF_AREA0_IF_COUNT_leaf2__rs9,ospf_area0_if_count:6e35c43dba-rs9,OSPF_Consistency,L2,leaf2 장비의 OSPF Area 0에 연결된 인터페이스는 총 몇 개입니까? [답변 형식: 숫자],OK,number,0,,"{""snapshot"": ""LabA_Research_Institute_DC_10nodes"", ""metric"": ""ospf_area0_if_count"", ""scope"": {""type"": ""DEVICE"", ""host"": ""leaf2""}, ""resample_pass"": 2, ""resample_index"": 9}",bd1a393,['leaf2.cfg']
OSPF_NEIGHBOR_COUNT_PER_AREA_0__rs10,ospf_neighbor_count_per_area:0ba8b6abd2-rs10,OSPF_Consistency,L2,OSPF Area 0의 이웃 관계는 총 몇 개입니까? [답변 형식: 숫자],OK,number,0,,"{""snapshot"": ""LabA_Research_Institute_DC_10nodes"", ""metric"": ""ospf_neighbor_count_per_area"", ""scope"": {""type"": ""OSPF_AREA"", ""area"": ""0""}, ""resample_pass"": 2, ""resample_index"": 10}",bd1a393,"['leaf1.cfg', 'leaf2.cfg', 'leaf3.cfg', 'leaf4.cfg', 'p1.cfg', 'p2.cfg', 'p3.cfg', 'p4.cfg', 'pe1.cfg', 'pe2.cfg']"
OSPF_AREA0_IF_COUNT_leaf4__rs11,ospf_area0_if_count:45a2dbebe1-rs11,OSPF_Consistency,L2,leaf4 장비의 OSPF Area 0에 연결된 인터페이스는 총 몇 개입니까? [답변 형식: 숫자],OK,number,0,,"{""snapshot"": ""LabA_Research_Institute_DC_10nodes"", ""metric"": ""ospf_area0_if_count"", ""scope"": {""type"": ""DEVICE"", ""host"": ""leaf4""}, ""resample_pass"": 2, ""resample_index"": 11}",bd1a393,['leaf4.cfg']
OSPF_NEIGHBOR_COUNT_PER_AREA_0__rs12,ospf_neighbor_count_per_area:0ba8b6abd2-rs12,OSPF_Consistency,L2,OSPF Area 0의 이웃 관계는 총 몇 개입니까? [답변 형식: 숫자],OK,number,0,,"{""snapshot"": ""LabA_Research_Institute_DC_10nodes"", ""metric"": ""ospf_neighbor_count_per_area"", ""scope"": {""type"": ""OSPF_AREA"", ""area"": ""0""}, ""resample_pass"": 2, ""resample_index"": 12}",bd1a393,"['leaf1.cfg', 'leaf2.cfg', 'leaf3.cfg', 'leaf4.cfg', 'p1.cfg', 'p2.cfg', 'p3.cfg', 'p4.cfg', 'pe1.cfg', 'pe2.cfg']"
OSPF_AREA0_IF_COUNT_p1__rs13,ospf_area0_if_count:980d4425bd-rs13,OSPF_Consistency,L2,p1 장비의 OSPF Area 0에 연결된 인터페이스는 총 몇 개입니까? [답변 형식: 숫자],OK,number,3,,"{""snapshot"": ""LabA_Research_Institute_DC_10nodes"", ""metric"": ""ospf_area0_if_count"", ""scope"": {""type"": ""DEVICE"", ""host"": ""p1""}, ""resample_pass"": 2, ""resample_index"": 13}",bd1a393,['p1.cfg']
OSPF_NEIGHBOR_COUNT_PER_AREA_0__rs10__rs14,ospf_neighbor_count_per_area:0ba8b6abd2-rs10-rs14,OSPF_Consistency,L2,OSPF Area 0의 이웃 관계는 총 몇 개입니까? [답변 형식: 숫자],OK,number,0,,"{""snapshot"": ""LabA_Research_Institute_DC_10nodes"", ""metric"": ""ospf_neighbor_count_per_area"", ""scope"": {""type"": ""OSPF_AREA"", ""area"": ""0""}, ""resample_pass"": 2, ""resample_index"": 14}",bd1a393,"['leaf1.cfg', 'leaf2.cfg', 'leaf3.cfg', 'leaf4.cfg', 'p1.cfg', 'p2.cfg', 'p3.cfg', 'p4.cfg', 'pe1.cfg', 'pe2.cfg']"
OSPF_AREA0_IF_COUNT_p2__rs15,ospf_area0_if_count:f84ad4329a-rs15,OSPF_Consistency,L2,p2 장비의 OSPF Area 0에 연결된 인터페이스는 총 몇 개입니까? [답변 형식: 숫자],OK,number,4,,"{""snapshot"": ""LabA_Research_Institute_DC_10nodes"", ""metric"": ""ospf_area0_if_count"", ""scope"": {""type"": ""DEVICE"", ""host"": ""p2""}, ""resample_pass"": 2, ""resample_index"": 15}",bd1a393,['p2.cfg']
OSPF_NEIGHBOR_COUNT_PER_AREA_0__rs10__rs16,ospf_neighbor_count_per_area:0ba8b6abd2-rs10-rs16,OSPF_Consistency,L2,OSPF Area 0의 이웃 관계는 총 몇 개입니까? [답변 형식: 숫자],OK,number,0,,"{""snapshot"": ""LabA_Research_Institute_DC_10nodes"", ""metric"": ""ospf_neighbor_count_per_area"", ""scope"": {""type"": ""OSPF_AREA"", ""area"": ""0""}, ""resample_pass"": 2, ""resample_index"": 16}",bd1a393,"['leaf1.cfg', 'leaf2.cfg', 'leaf3.cfg', 'leaf4.cfg', 'p1.cfg', 'p2.cfg', 'p3.cfg', 'p4.cfg', 'pe1.cfg', 'pe2.cfg']"
OSPF_AREA0_IF_COUNT_pe1__rs17,ospf_area0_if_count:4f36bb8808-rs17,OSPF_Consistency,L2,pe1 장비의 OSPF Area 0에 연결된 인터페이스는 총 몇 개입니까? [답변 형식: 숫자],OK,number,2,,"{""snapshot"": ""LabA_Research_Institute_DC_10nodes"", ""metric"": ""ospf_area0_if_count"", ""scope"": {""type"": ""DEVICE"", ""host"": ""pe1""}, ""resample_pass"": 2, ""resample_index"": 17}",bd1a393,['pe1.cfg']
OSPF_NEIGHBOR_COUNT_PER_AREA_0__rs18,ospf_neighbor_count_per_area:0ba8b6abd2-rs18,OSPF_Consistency,L2,OSPF Area 0의 이웃 관계는 총 몇 개입니까? [답변 형식: 숫자],OK,number,0,,"{""snapshot"": ""LabA_Research_Institute_DC_10nodes"", ""metric"": ""ospf_neighbor_count_per_area"", ""scope"": {""type"": ""OSPF_AREA"", ""area"": ""0""}, ""resample_pass"": 2, ""resample_index"": 18}",bd1a393,"['leaf1.cfg', 'leaf2.cfg', 'leaf3.cfg', 'leaf4.cfg', 'p1.cfg', 'p2.cfg', 'p3.cfg', 'p4.cfg', 'pe1.cfg', 'pe2.cfg']"
OSPF_AREA0_IF_COUNT_p1__rs13__rs19,ospf_area0_if_count:980d4425bd-rs13-rs19,OSPF_Consistency,L2,p1 장비의 OSPF Area 0에 연결된 인터페이스는 총 몇 개입니까? [답변 형식: 숫자],OK,number,3,,"{""snapshot"": ""LabA_Research_Institute_DC_10nodes"", ""metric"": ""ospf_area0_if_count"", ""scope"": {""type"": ""DEVICE"", ""host"": ""p1""}, ""resample_pass"": 2, ""resample_index"": 19}",bd1a393,['p1.cfg']
OSPF_AREA0_IF_COUNT_p4__rs2__rs6__rs20,ospf_area0_if_count:8eb660897d-rs2-rs6-rs20,OSPF_Consistency,L2,p4 장비의 OSPF Area 0에 연결된 인터페이스는 총 몇 개입니까? [답변 형식: 숫자],OK,number,3,,"{""snapshot"": ""LabA_Research_Institute_DC_10nodes"", ""metric"": ""ospf_area0_if_count"", ""scope"": {""type"": ""DEVICE"", ""host"": ""p4""}, ""resample_pass"": 2, ""resample_index"": 20}",bd1a393,['p4.cfg']
OSPF_AREA0_IF_COUNT_p2__rs15__rs21,ospf_area0_if_count:f84ad4329a-rs15-rs21,OSPF_Consistency,L2,p2 장비의 OSPF Area 0에 연결된 인터페이스는 총 몇 개입니까? [답변 형식: 숫자],OK,number,4,,"{""snapshot"": ""LabA_Research_Institute_DC_10nodes"", ""metric"": ""ospf_area0_if_count"", ""scope"": {""type"": ""DEVICE"", ""host"": ""p2""}, ""resample_pass"": 2, ""resample_index"": 21}",bd1a393,['p2.cfg']
OSPF_AREA0_IF_COUNT_leaf2__rs22,ospf_area0_if_count:6e35c43dba-rs22,OSPF_Consistency,L2,leaf2 장비의 OSPF Area 0에 연결된 인터페이스는 총 몇 개입니까? [답변 형식: 숫자],OK,number,0,,"{""snapshot"": ""LabA_Research_Institute_DC_10nodes"", ""metric"": ""ospf_area0_if_count"", ""scope"": {""type"": ""DEVICE"", ""host"": ""leaf2""}, ""resample_pass"": 2, ""resample_index"": 22}",bd1a393,['leaf2.cfg']
OSPF_AREA0_IF_COUNT_p3__rs4__rs23,ospf_area0_if_count:40d255b5d8-rs4-rs23,OSPF_Consistency,L2,p3 장비의 OSPF Area 0에 연결된 인터페이스는 총 몇 개입니까? [답변 형식: 숫자],OK,number,4,,"{""snapshot"": ""LabA_Research_Institute_DC_10nodes"", ""metric"": ""ospf_area0_if_count"", ""scope"": {""type"": ""DEVICE"", ""host"": ""p3""}, ""resample_pass"": 2, ""resample_index"": 23}",bd1a393,['p3.cfg']
OSPF_AREA0_IF_COUNT_pe2__rs24,ospf_area0_if_count:3603999311-rs24,OSPF_Consistency,L2,pe2 장비의 OSPF Area 0에 연결된 인터페이스는 총 몇 개입니까? [답변 형식: 숫자],OK,number,2,,"{""snapshot"": ""LabA_Research_Institute_DC_10nodes"", ""metric"": ""ospf_area0_if_count"", ""scope"": {""type"": ""DEVICE"", ""host"": ""pe2""}, ""resample_pass"": 2, ""resample_index"": 24}",bd1a393,['pe2.cfg']
OSPF_NEIGHBOR_COUNT_PER_AREA_0__rs25,ospf_neighbor_count_per_area:0ba8b6abd2-rs25,OSPF_Consistency,L2,OSPF Area 0의 이웃 관계는 총 몇 개입니까? [답변 형식: 숫자],OK,number,0,,"{""snapshot"": ""LabA_Research_Institute_DC_10nodes"", ""metric"": ""ospf_neighbor_count_per_area"", ""scope"": {""type"": ""OSPF_AREA"", ""area"": ""0""}, ""resample_pass"": 2, ""resample_index"": 25}",bd1a393,"['leaf1.cfg', 'leaf2.cfg', 'leaf3.cfg', 'leaf4.cfg', 'p1.cfg', 'p2.cfg', 'p3.cfg', 'p4.cfg', 'pe1.cfg', 'pe2.cfg']"
OSPF_AREA0_IF_COUNT_p2__rs15__rs26,ospf_area0_if_count:f84ad4329a-rs15-rs26,OSPF_Consistency,L2,p2 장비의 OSPF Area 0에 연결된 인터페이스는 총 몇 개입니까? [답변 형식: 숫자],OK,number,4,,"{""snapshot"": ""LabA_Research_Institute_DC_10nodes"", ""metric"": ""ospf_area0_if_count"", ""scope"": {""type"": ""DEVICE"", ""host"": ""p2""}, ""resample_pass"": 2, ""resample_index"": 26}",bd1a393,['p2.cfg']
OSPF_AREA0_IF_COUNT_leaf4__rs27,ospf_area0_if_count:45a2dbebe1-rs27,OSPF_Consistency,L2,leaf4 장비의 OSPF Area 0에 연결된 인터페이스는 총 몇 개입니까? [답변 형식: 숫자],OK,number,0,,"{""snapshot"": ""LabA_Research_Institute_DC_10nodes"", ""metric"": ""ospf_area0_if_count"", ""scope"": {""type"": ""DEVICE"", ""host"": ""leaf4""}, ""resample_pass"": 2, ""resample_index"": 27}",bd1a393,['leaf4.cfg']
OSPF_NEIGHBOR_COUNT_PER_AREA_0__rs28,ospf_neighbor_count_per_area:0ba8b6abd2-rs28,OSPF_Consistency,L2,OSPF Area 0의 이웃 관계는 총 몇 개입니까? [답변 형식: 숫자],OK,number,0,,"{""snapshot"": ""LabA_Research_Institute_DC_10nodes"", ""metric"": ""ospf_neighbor_count_per_area"", ""scope"": {""type"": ""OSPF_AREA"", ""area"": ""0""}, ""resample_pass"": 2, ""resample_index"": 28}",bd1a393,"['leaf1.cfg', 'leaf2.cfg', 'leaf3.cfg', 'leaf4.cfg', 'p1.cfg', 'p2.cfg', 'p3.cfg', 'p4.cfg', 'pe1.cfg', 'pe2.cfg']"
OSPF_NEIGHBOR_COUNT_PER_AREA_0__rs10__rs29,ospf_neighbor_count_per_area:0ba8b6abd2-rs10-rs29,OSPF_Consistency,L2,OSPF Area 0의 이웃 관계는 총 몇 개입니까? [답변 형식: 숫자],OK,number,0,,"{""snapshot"": ""LabA_Research_Institute_DC_10nodes"", ""metric"": ""ospf_neighbor_count_per_area"", ""scope"": {""type"": ""OSPF_AREA"", ""area"": ""0""}, ""resample_pass"": 2, ""resample_index"": 29}",bd1a393,"['leaf1.cfg', 'leaf2.cfg', 'leaf3.cfg', 'leaf4.cfg', 'p1.cfg', 'p2.cfg', 'p3.cfg', 'p4.cfg', 'pe1.cfg', 'pe2.cfg']"
OSPF_AREA0_IF_COUNT_p2__rs15__rs30,ospf_area0_if_count:f84ad4329a-rs15-rs30,OSPF_Consistency,L2,p2 장비의 OSPF Area 0에 연결된 인터페이스는 총 몇 개입니까? [답변 형식: 숫자],OK,number,4,,"{""snapshot"": ""LabA_Research_Institute_DC_10nodes"", ""metric"": ""ospf_area0_if_count"", ""scope"": {""type"": ""DEVICE"", ""host"": ""p2""}, ""resample_pass"": 2, ""resample_index"": 30}",bd1a393,['p2.cfg']
OSPF_AREA0_IF_COUNT_p3__rs4__rs31,ospf_area0_if_count:40d255b5d8-rs4-rs31,OSPF_Consistency,L2,p3 장비의 OSPF Area 0에 연결된 인터페이스는 총 몇 개입니까? [답변 형식: 숫자],OK,number,4,,"{""snapshot"": ""LabA_Research_Institute_DC_10nodes"", ""metric"": ""ospf_area0_if_count"", ""scope"": {""type"": ""DEVICE"", ""host"": ""p3""}, ""resample_pass"": 2, ""resample_index"": 31}",bd1a393,['p3.cfg']
OSPF_AREA0_IF_COUNT_p4__rs2__rs6__rs32,ospf_area0_if_count:8eb660897d-rs2-rs6-rs32,OSPF_Consistency,L2,p4 장비의 OSPF Area 0에 연결된 인터페이스는 총 몇 개입니까? [답변 형식: 숫자],OK,number,3,,"{""snapshot"": ""LabA_Research_Institute_DC_10nodes"", ""metric"": ""ospf_area0_if_count"", ""scope"": {""type"": ""DEVICE"", ""host"": ""p4""}, ""resample_pass"": 2, ""resample_index"": 32}",bd1a393,['p4.cfg']
OSPF_AREA0_IF_COUNT_pe2__rs33,ospf_area0_if_count:3603999311-rs33,OSPF_Consistency,L2,pe2 장비의 OSPF Area 0에 연결된 인터페이스는 총 몇 개입니까? [답변 형식: 숫자],OK,number,2,,"{""snapshot"": ""LabA_Research_Institute_DC_10nodes"", ""metric"": ""ospf_area0_if_count"", ""scope"": {""type"": ""DEVICE"", ""host"": ""pe2""}, ""resample_pass"": 2, ""resample_index"": 33}",bd1a393,['pe2.cfg']
OSPF_AREA0_IF_COUNT_pe2__rs33__rs34,ospf_area0_if_count:3603999311-rs33-rs34,OSPF_Consistency,L2,pe2 장비의 OSPF Area 0에 연결된 인터페이스는 총 몇 개입니까? [답변 형식: 숫자],OK,number,2,,"{""snapshot"": ""LabA_Research_Institute_DC_10nodes"", ""metric"": ""ospf_area0_if_count"", ""scope"": {""type"": ""DEVICE"", ""host"": ""pe2""}, ""resample_pass"": 2, ""resample_index"": 34}",bd1a393,['pe2.cfg']
OSPF_AREA0_IF_COUNT_p1__rs35,ospf_area0_if_count:980d4425bd-rs35,OSPF_Consistency,L2,p1 장비의 OSPF Area 0에 연결된 인터페이스는 총 몇 개입니까? [답변 형식: 숫자],OK,number,3,,"{""snapshot"": ""LabA_Research_Institute_DC_10nodes"", ""metric"": ""ospf_area0_if_count"", ""scope"": {""type"": ""DEVICE"", ""host"": ""p1""}, ""resample_pass"": 2, ""resample_index"": 35}",bd1a393,['p1.cfg']
OSPF_AREA0_IF_COUNT_p1__rs13__rs36,ospf_area0_if_count:980d4425bd-rs13-rs36,OSPF_Consistency,L2,p1 장비의 OSPF Area 0에 연결된 인터페이스는 총 몇 개입니까? [답변 형식: 숫자],OK,number,3,,"{""snapshot"": ""LabA_Research_Institute_DC_10nodes"", ""metric"": ""ospf_area0_if_count"", ""scope"": {""type"": ""DEVICE"", ""host"": ""p1""}, ""resample_pass"": 2, ""resample_index"": 36}",bd1a393,['p1.cfg']
OSPF_AREA0_IF_COUNT_leaf1__rs37,ospf_area0_if_count:f3e677391b-rs37,OSPF_Consistency,L2,leaf1 장비의 OSPF Area 0에 연결된 인터페이스는 총 몇 개입니까? [답변 형식: 숫자],OK,number,0,,"{""snapshot"": ""LabA_Research_Institute_DC_10nodes"", ""metric"": ""ospf_area0_if_count"", ""scope"": {""type"": ""DEVICE"", ""host"": ""leaf1""}, ""resample_pass"": 2, ""resample_index"": 37}",bd1a393,['leaf1.cfg']
OSPF_AREA0_IF_COUNT_p1__rs13__rs19__rs38,ospf_area0_if_count:980d4425bd-rs13-rs19-rs38,OSPF_Consistency,L2,p1 장비의 OSPF Area 0에 연결된 인터페이스는 총 몇 개입니까? [답변 형식: 숫자],OK,number,3,,"{""snapshot"": ""LabA_Research_Institute_DC_10nodes"", ""metric"": ""ospf_area0_if_count"", ""scope"": {""type"": ""DEVICE"", ""host"": ""p1""}, ""resample_pass"": 2, ""resample_index"": 38}",bd1a393,['p1.cfg']
IBGP_MISSING_PAIRS_COUNT_65000__rs1,ibgp_missing_pairs_count:be0094711b-rs1,BGP_Consistency,L3,AS 65000의 iBGP Full-Mesh에서 누락된 링크는 총 몇 개입니까? [답변 형식: 숫자],OK,number,0,,"{""snapshot"": ""LabA_Research_Institute_DC_10nodes"", ""metric"": ""ibgp_missing_pairs_count"", ""scope"": {""type"": ""AS"", ""asn"": ""65000""}, ""resample_pass"": 2, ""resample_index"": 1}",bd1a393,"['leaf1.cfg', 'leaf2.cfg', 'leaf3.cfg', 'leaf4.cfg', 'p1.cfg', 'p2.cfg', 'p3.cfg', 'p4.cfg', 'pe1.cfg', 'pe2.cfg']"
IBGP_MISSING_PAIRS_COUNT_65000__rs2,ibgp_missing_pairs_count:be0094711b-rs2,BGP_Consistency,L3,AS 65000의 iBGP Full-Mesh에서 누락된 링크는 총 몇 개입니까? [답변 형식: 숫자],OK,number,0,,"{""snapshot"": ""LabA_Research_Institute_DC_10nodes"", ""metric"": ""ibgp_missing_pairs_count"", ""scope"": {""type"": ""AS"", ""asn"": ""65000""}, ""resample_pass"": 2, ""resample_index"": 2}",bd1a393,"['leaf1.cfg', 'leaf2.cfg', 'leaf3.cfg', 'leaf4.cfg', 'p1.cfg', 'p2.cfg', 'p3.cfg', 'p4.cfg', 'pe1.cfg', 'pe2.cfg']"
IBGP_UNDER_PEERED_COUNT_65000__rs3,ibgp_under_peered_count:be0094711b-rs3,BGP_Consistency,L3,AS 65000에서 iBGP 피어 수가 부족한 장비는 총 몇 대입니까? [답변 형식: 숫자],OK,number,0,,"{""snapshot"": ""LabA_Research_Institute_DC_10nodes"", ""metric"": ""ibgp_under_peered_count"", ""scope"": {""type"": ""AS"", ""asn"": ""65000""}, ""resample_pass"": 2, ""resample_index"": 3}",bd1a393,"['leaf1.cfg', 'leaf2.cfg', 'leaf3.cfg', 'leaf4.cfg', 'p1.cfg', 'p2.cfg', 'p3.cfg', 'p4.cfg', 'pe1.cfg', 'pe2.cfg']"
IBGP_UNDER_PEERED_DEVICES_65000__rs4,ibgp_under_peered_devices:be0094711b-rs4,BGP_Consistency,L3,AS 65000에서 iBGP 피어 수가 부족한 장비 목록을 알려주세요. [답변 형식: 리스트],OK,set,[],,"{""snapshot"": ""LabA_Research_Institute_DC_10nodes"", ""metric"": ""ibgp_under_peered_devices"", ""scope"": {""type"": ""AS"", ""asn"": ""65000""}, ""resample_pass"": 2, ""resample_index"": 4}",bd1a393,"['leaf1.cfg', 'leaf2.cfg', 'leaf3.cfg', 'leaf4.cfg', 'p1.cfg', 'p2.cfg', 'p3.cfg', 'p4.cfg', 'pe1.cfg', 'pe2.cfg']"
IBGP_MISSING_PAIRS_COUNT_65000__rs1__rs5,ibgp_missing_pairs_count:be0094711b-rs1-rs5,BGP_Consistency,L3,AS 65000의 iBGP Full-Mesh에서 누락된 링크는 총 몇 개입니까? [답변 형식: 숫자],OK,number,0,,"{""snapshot"": ""LabA_Research_Institute_DC_10nodes"", ""metric"": ""ibgp_missing_pairs_count"", ""scope"": {""type"": ""AS"", ""asn"": ""65000""}, ""resample_pass"": 2, ""resample_index"": 5}",bd1a393,"['leaf1.cfg', 'leaf2.cfg', 'leaf3.cfg', 'leaf4.cfg', 'p1.cfg', 'p2.cfg', 'p3.cfg', 'p4.cfg', 'pe1.cfg', 'pe2.cfg']"
IBGP_UNDER_PEERED_COUNT_65000__rs6,ibgp_under_peered_count:be0094711b-rs6,BGP_Consistency,L3,AS 65000에서 iBGP 피어 수가 부족한 장비는 총 몇 대입니까? [답변 형식: 숫자],OK,number,0,,"{""snapshot"": ""LabA_Research_Institute_DC_10nodes"", ""metric"": ""ibgp_under_peered_count"", ""scope"": {""type"": ""AS"", ""asn"": ""65000""}, ""resample_pass"": 2, ""resample_index"": 6}",bd1a393,"['leaf1.cfg', 'leaf2.cfg', 'leaf3.cfg', 'leaf4.cfg', 'p1.cfg', 'p2.cfg', 'p3.cfg', 'p4.cfg', 'pe1.cfg', 'pe2.cfg']"
IBGP_UNDER_PEERED_COUNT_65000__rs7,ibgp_under_peered_count:be0094711b-rs7,BGP_Consistency,L3,AS 65000에서 iBGP 피어 수가 부족한 장비는 총 몇 대입니까? [답변 형식: 숫자],OK,number,0,,"{""snapshot"": ""LabA_Research_Institute_DC_10nodes"", ""metric"": ""ibgp_under_peered_count"", ""scope"": {""type"": ""AS"", ""asn"": ""65000""}, ""resample_pass"": 2, ""resample_index"": 7}",bd1a393,"['leaf1.cfg', 'leaf2.cfg', 'leaf3.cfg', 'leaf4.cfg', 'p1.cfg', 'p2.cfg', 'p3.cfg', 'p4.cfg', 'pe1.cfg', 'pe2.cfg']"
IBGP_MISSING_PAIRS_65000__rs8,ibgp_missing_pairs:be0094711b-rs8,BGP_Consistency,L3,AS 65000의 iBGP Full-Mesh에서 누락된 장비쌍 목록을 알려주세요. [답변 형식: 리스트],OK,set,[],,"{""snapshot"": ""LabA_Research_Institute_DC_10nodes"", ""metric"": ""ibgp_missing_pairs"", ""scope"": {""type"": ""AS"", ""asn"": ""65000""}, ""resample_pass"": 2, ""resample_index"": 8}",bd1a393,"['leaf1.cfg', 'leaf2.cfg', 'leaf3.cfg', 'leaf4.cfg', 'p1.cfg', 'p2.cfg', 'p3.cfg', 'p4.cfg', 'pe1.cfg', 'pe2.cfg']"
IBGP_UNDER_PEERED_COUNT_65000__rs7__rs9,ibgp_under_peered_count:be0094711b-rs7-rs9,BGP_Consistency,L3,AS 65000에서 iBGP 피어 수가 부족한 장비는 총 몇 대입니까? [답변 형식: 숫자],OK,number,0,,"{""snapshot"": ""LabA_Research_Institute_DC_10nodes"", ""metric"": ""ibgp_under_peered_count"", ""scope"": {""type"": ""AS"", ""asn"": ""65000""}, ""resample_pass"": 2, ""resample_index"": 9}",bd1a393,"['leaf1.cfg', 'leaf2.cfg', 'leaf3.cfg', 'leaf4.cfg', 'p1.cfg', 'p2.cfg', 'p3.cfg', 'p4.cfg', 'pe1.cfg', 'pe2.cfg']"
IBGP_UNDER_PEERED_COUNT_65000__rs10,ibgp_under_peered_count:be0094711b-rs10,BGP_Consistency,L3,AS 65000에서 iBGP 피어 수가 부족한 장비는 총 몇 대입니까? [답변 형식: 숫자],OK,number,0,,"{""snapshot"": ""LabA_Research_Institute_DC_10nodes"", ""metric"": ""ibgp_under_peered_count"", ""scope"": {""type"": ""AS"", ""asn"": ""65000""}, ""resample_pass"": 2, ""resample_index"": 10}",bd1a393,"['leaf1.cfg', 'leaf2.cfg', 'leaf3.cfg', 'leaf4.cfg', 'p1.cfg', 'p2.cfg', 'p3.cfg', 'p4.cfg', 'pe1.cfg', 'pe2.cfg']"
IBGP_UNDER_PEERED_COUNT_65000__rs3__rs11,ibgp_under_peered_count:be0094711b-rs3-rs11,BGP_Consistency,L3,AS 65000에서 iBGP 피어 수가 부족한 장비는 총 몇 대입니까? [답변 형식: 숫자],OK,number,0,,"{""snapshot"": ""LabA_Research_Institute_DC_10nodes"", ""metric"": ""ibgp_under_peered_count"", ""scope"": {""type"": ""AS"", ""asn"": ""65000""}, ""resample_pass"": 2, ""resample_index"": 11}",bd1a393,"['leaf1.cfg', 'leaf2.cfg', 'leaf3.cfg', 'leaf4.cfg', 'p1.cfg', 'p2.cfg', 'p3.cfg', 'p4.cfg', 'pe1.cfg', 'pe2.cfg']"
IBGP_MISSING_PAIRS_COUNT_65000__rs2__rs12,ibgp_missing_pairs_count:be0094711b-rs2-rs12,BGP_Consistency,L3,AS 65000의 iBGP Full-Mesh에서 누락된 링크는 총 몇 개입니까? [답변 형식: 숫자],OK,number,0,,"{""snapshot"": ""LabA_Research_Institute_DC_10nodes"", ""metric"": ""ibgp_missing_pairs_count"", ""scope"": {""type"": ""AS"", ""asn"": ""65000""}, ""resample_pass"": 2, ""resample_index"": 12}",bd1a393,"['leaf1.cfg', 'leaf2.cfg', 'leaf3.cfg', 'leaf4.cfg', 'p1.cfg', 'p2.cfg', 'p3.cfg', 'p4.cfg', 'pe1.cfg', 'pe2.cfg']"
IBGP_MISSING_PAIRS_COUNT_65000__rs1__rs5__rs13,ibgp_missing_pairs_count:be0094711b-rs1-rs5-rs13,BGP_Consistency,L3,AS 65000의 iBGP Full-Mesh에서 누락된 링크는 총 몇 개입니까? [답변 형식: 숫자],OK,number,0,,"{""snapshot"": ""LabA_Research_Institute_DC_10nodes"", ""metric"": ""ibgp_missing_pairs_count"", ""scope"": {""type"": ""AS"", ""asn"": ""65000""}, ""resample_pass"": 2, ""resample_index"": 13}",bd1a393,"['leaf1.cfg', 'leaf2.cfg', 'leaf3.cfg', 'leaf4.cfg', 'p1.cfg', 'p2.cfg', 'p3.cfg', 'p4.cfg', 'pe1.cfg', 'pe2.cfg']"
IBGP_UNDER_PEERED_DEVICES_65000__rs14,ibgp_under_peered_devices:be0094711b-rs14,BGP_Consistency,L3,AS 65000에서 iBGP 피어 수가 부족한 장비 목록을 알려주세요. [답변 형식: 리스트],OK,set,[],,"{""snapshot"": ""LabA_Research_Institute_DC_10nodes"", ""metric"": ""ibgp_under_peered_devices"", ""scope"": {""type"": ""AS"", ""asn"": ""65000""}, ""resample_pass"": 2, ""resample_index"": 14}",bd1a393,"['leaf1.cfg', 'leaf2.cfg', 'leaf3.cfg', 'leaf4.cfg', 'p1.cfg', 'p2.cfg', 'p3.cfg', 'p4.cfg', 'pe1.cfg', 'pe2.cfg']"
IBGP_MISSING_PAIRS_COUNT_65000__rs1__rs5__rs15,ibgp_missing_pairs_count:be0094711b-rs1-rs5-rs15,BGP_Consistency,L3,AS 65000의 iBGP Full-Mesh에서 누락된 링크는 총 몇 개입니까? [답변 형식: 숫자],OK,number,0,,"{""snapshot"": ""LabA_Research_Institute_DC_10nodes"", ""metric"": ""ibgp_missing_pairs_count"", ""scope"": {""type"": ""AS"", ""asn"": ""65000""}, ""resample_pass"": 2, ""resample_index"": 15}",bd1a393,"['leaf1.cfg', 'leaf2.cfg', 'leaf3.cfg', 'leaf4.cfg', 'p1.cfg', 'p2.cfg', 'p3.cfg', 'p4.cfg', 'pe1.cfg', 'pe2.cfg']"
IBGP_MISSING_PAIRS_65000__rs8__rs16,ibgp_missing_pairs:be0094711b-rs8-rs16,BGP_Consistency,L3,AS 65000의 iBGP Full-Mesh에서 누락된 장비쌍 목록을 알려주세요. [답변 형식: 리스트],OK,set,[],,"{""snapshot"": ""LabA_Research_Institute_DC_10nodes"", ""metric"": ""ibgp_missing_pairs"", ""scope"": {""type"": ""AS"", ""asn"": ""65000""}, ""resample_pass"": 2, ""resample_index"": 16}",bd1a393,"['leaf1.cfg', 'leaf2.cfg', 'leaf3.cfg', 'leaf4.cfg', 'p1.cfg', 'p2.cfg', 'p3.cfg', 'p4.cfg', 'pe1.cfg', 'pe2.cfg']"
IBGP_MISSING_PAIRS_COUNT_65000__rs1__rs5__rs13__rs17,ibgp_missing_pairs_count:be0094711b-rs1-rs5-rs13-rs17,BGP_Consistency,L3,AS 65000의 iBGP Full-Mesh에서 누락된 링크는 총 몇 개입니까? [답변 형식: 숫자],OK,number,0,,"{""snapshot"": ""LabA_Research_Institute_DC_10nodes"", ""metric"": ""ibgp_missing_pairs_count"", ""scope"": {""type"": ""AS"", ""asn"": ""65000""}, ""resample_pass"": 2, ""resample_index"": 17}",bd1a393,"['leaf1.cfg', 'leaf2.cfg', 'leaf3.cfg', 'leaf4.cfg', 'p1.cfg', 'p2.cfg', 'p3.cfg', 'p4.cfg', 'pe1.cfg', 'pe2.cfg']"
IBGP_UNDER_PEERED_COUNT_65000__rs7__rs9__rs18,ibgp_under_peered_count:be0094711b-rs7-rs9-rs18,BGP_Consistency,L3,AS 65000에서 iBGP 피어 수가 부족한 장비는 총 몇 대입니까? [답변 형식: 숫자],OK,number,0,,"{""snapshot"": ""LabA_Research_Institute_DC_10nodes"", ""metric"": ""ibgp_under_peered_count"", ""scope"": {""type"": ""AS"", ""asn"": ""65000""}, ""resample_pass"": 2, ""resample_index"": 18}",bd1a393,"['leaf1.cfg', 'leaf2.cfg', 'leaf3.cfg', 'leaf4.cfg', 'p1.cfg', 'p2.cfg', 'p3.cfg', 'p4.cfg', 'pe1.cfg', 'pe2.cfg']"
IBGP_UNDER_PEERED_COUNT_65000__rs7__rs9__rs18__rs19,ibgp_under_peered_count:be0094711b-rs7-rs9-rs18-rs19,BGP_Consistency,L3,AS 65000에서 iBGP 피어 수가 부족한 장비는 총 몇 대입니까? [답변 형식: 숫자],OK,number,0,,"{""snapshot"": ""LabA_Research_Institute_DC_10nodes"", ""metric"": ""ibgp_under_peered_count"", ""scope"": {""type"": ""AS"", ""asn"": ""65000""}, ""resample_pass"": 2, ""resample_index"": 19}",bd1a393,"['leaf1.cfg', 'leaf2.cfg', 'leaf3.cfg', 'leaf4.cfg', 'p1.cfg', 'p2.cfg', 'p3.cfg', 'p4.cfg', 'pe1.cfg', 'pe2.cfg']"
IBGP_UNDER_PEERED_DEVICES_65000__rs14__rs20,ibgp_under_peered_devices:be0094711b-rs14-rs20,BGP_Consistency,L3,AS 65000에서 iBGP 피어 수가 부족한 장비 목록을 알려주세요. [답변 형식: 리스트],OK,set,[],,"{""snapshot"": ""LabA_Research_Institute_DC_10nodes"", ""metric"": ""ibgp_under_peered_devices"", ""scope"": {""type"": ""AS"", ""asn"": ""65000""}, ""resample_pass"": 2, ""resample_index"": 20}",bd1a393,"['leaf1.cfg', 'leaf2.cfg', 'leaf3.cfg', 'leaf4.cfg', 'p1.cfg', 'p2.cfg', 'p3.cfg', 'p4.cfg', 'pe1.cfg', 'pe2.cfg']"
IBGP_UNDER_PEERED_COUNT_65000__rs7__rs21,ibgp_under_peered_count:be0094711b-rs7-rs21,BGP_Consistency,L3,AS 65000에서 iBGP 피어 수가 부족한 장비는 총 몇 대입니까? [답변 형식: 숫자],OK,number,0,,"{""snapshot"": ""LabA_Research_Institute_DC_10nodes"", ""metric"": ""ibgp_under_peered_count"", ""scope"": {""type"": ""AS"", ""asn"": ""65000""}, ""resample_pass"": 2, ""resample_index"": 21}",bd1a393,"['leaf1.cfg', 'leaf2.cfg', 'leaf3.cfg', 'leaf4.cfg', 'p1.cfg', 'p2.cfg', 'p3.cfg', 'p4.cfg', 'pe1.cfg', 'pe2.cfg']"
IBGP_MISSING_PAIRS_65000__rs22,ibgp_missing_pairs:be0094711b-rs22,BGP_Consistency,L3,AS 65000의 iBGP Full-Mesh에서 누락된 장비쌍 목록을 알려주세요. [답변 형식: 리스트],OK,set,[],,"{""snapshot"": ""LabA_Research_Institute_DC_10nodes"", ""metric"": ""ibgp_missing_pairs"", ""scope"": {""type"": ""AS"", ""asn"": ""65000""}, ""resample_pass"": 2, ""resample_index"": 22}",bd1a393,"['leaf1.cfg', 'leaf2.cfg', 'leaf3.cfg', 'leaf4.cfg', 'p1.cfg', 'p2.cfg', 'p3.cfg', 'p4.cfg', 'pe1.cfg', 'pe2.cfg']"
IBGP_UNDER_PEERED_COUNT_65000__rs23,ibgp_under_peered_count:be0094711b-rs23,BGP_Consistency,L3,AS 65000에서 iBGP 피어 수가 부족한 장비는 총 몇 대입니까? [답변 형식: 숫자],OK,number,0,,"{""snapshot"": ""LabA_Research_Institute_DC_10nodes"", ""metric"": ""ibgp_under_peered_count"", ""scope"": {""type"": ""AS"", ""asn"": ""65000""}, ""resample_pass"": 2, ""resample_index"": 23}",bd1a393,"['leaf1.cfg', 'leaf2.cfg', 'leaf3.cfg', 'leaf4.cfg', 'p1.cfg', 'p2.cfg', 'p3.cfg', 'p4.cfg', 'pe1.cfg', 'pe2.cfg']"
IBGP_MISSING_PAIRS_COUNT_65000__rs1__rs5__rs24,ibgp_missing_pairs_count:be0094711b-rs1-rs5-rs24,BGP_Consistency,L3,AS 65000의 iBGP Full-Mesh에서 누락된 링크는 총 몇 개입니까? [답변 형식: 숫자],OK,number,0,,"{""snapshot"": ""LabA_Research_Institute_DC_10nodes"", ""metric"": ""ibgp_missing_pairs_count"", ""scope"": {""type"": ""AS"", ""asn"": ""65000""}, ""resample_pass"": 2, ""resample_index"": 24}",bd1a393,"['leaf1.cfg', 'leaf2.cfg', 'leaf3.cfg', 'leaf4.cfg', 'p1.cfg', 'p2.cfg', 'p3.cfg', 'p4.cfg', 'pe1.cfg', 'pe2.cfg']"
IBGP_MISSING_PAIRS_COUNT_65000__rs2__rs25,ibgp_missing_pairs_count:be0094711b-rs2-rs25,BGP_Consistency,L3,AS 65000의 iBGP Full-Mesh에서 누락된 링크는 총 몇 개입니까? [답변 형식: 숫자],OK,number,0,,"{""snapshot"": ""LabA_Research_Institute_DC_10nodes"", ""metric"": ""ibgp_missing_pairs_count"", ""scope"": {""type"": ""AS"", ""asn"": ""65000""}, ""resample_pass"": 2, ""resample_index"": 25}",bd1a393,"['leaf1.cfg', 'leaf2.cfg', 'leaf3.cfg', 'leaf4.cfg', 'p1.cfg', 'p2.cfg', 'p3.cfg', 'p4.cfg', 'pe1.cfg', 'pe2.cfg']"
IBGP_MISSING_PAIRS_COUNT_65000__rs1__rs5__rs15__rs26,ibgp_missing_pairs_count:be0094711b-rs1-rs5-rs15-rs26,BGP_Consistency,L3,AS 65000의 iBGP Full-Mesh에서 누락된 링크는 총 몇 개입니까? [답변 형식: 숫자],OK,number,0,,"{""snapshot"": ""LabA_Research_Institute_DC_10nodes"", ""metric"": ""ibgp_missing_pairs_count"", ""scope"": {""type"": ""AS"", ""asn"": ""65000""}, ""resample_pass"": 2, ""resample_index"": 26}",bd1a393,"['leaf1.cfg', 'leaf2.cfg', 'leaf3.cfg', 'leaf4.cfg', 'p1.cfg', 'p2.cfg', 'p3.cfg', 'p4.cfg', 'pe1.cfg', 'pe2.cfg']"
IBGP_MISSING_PAIRS_COUNT_65000__rs1__rs5__rs27,ibgp_missing_pairs_count:be0094711b-rs1-rs5-rs27,BGP_Consistency,L3,AS 65000의 iBGP Full-Mesh에서 누락된 링크는 총 몇 개입니까? [답변 형식: 숫자],OK,number,0,,"{""snapshot"": ""LabA_Research_Institute_DC_10nodes"", ""metric"": ""ibgp_missing_pairs_count"", ""scope"": {""type"": ""AS"", ""asn"": ""65000""}, ""resample_pass"": 2, ""resample_index"": 27}",bd1a393,"['leaf1.cfg', 'leaf2.cfg', 'leaf3.cfg', 'leaf4.cfg', 'p1.cfg', 'p2.cfg', 'p3.cfg', 'p4.cfg', 'pe1.cfg', 'pe2.cfg']"
IBGP_MISSING_PAIRS_COUNT_65000__rs28,ibgp_missing_pairs_count:be0094711b-rs28,BGP_Consistency,L3,AS 65000의 iBGP Full-Mesh에서 누락된 링크는 총 몇 개입니까? [답변 형식: 숫자],OK,number,0,,"{""snapshot"": ""LabA_Research_Institute_DC_10nodes"", ""metric"": ""ibgp_missing_pairs_count"", ""scope"": {""type"": ""AS"", ""asn"": ""65000""}, ""resample_pass"": 2, ""resample_index"": 28}",bd1a393,"['leaf1.cfg', 'leaf2.cfg', 'leaf3.cfg', 'leaf4.cfg', 'p1.cfg', 'p2.cfg', 'p3.cfg', 'p4.cfg', 'pe1.cfg', 'pe2.cfg']"
IBGP_UNDER_PEERED_COUNT_65000__rs3__rs29,ibgp_under_peered_count:be0094711b-rs3-rs29,BGP_Consistency,L3,AS 65000에서 iBGP 피어 수가 부족한 장비는 총 몇 대입니까? [답변 형식: 숫자],OK,number,0,,"{""snapshot"": ""LabA_Research_Institute_DC_10nodes"", ""metric"": ""ibgp_under_peered_count"", ""scope"": {""type"": ""AS"", ""asn"": ""65000""}, ""resample_pass"": 2, ""resample_index"": 29}",bd1a393,"['leaf1.cfg', 'leaf2.cfg', 'leaf3.cfg', 'leaf4.cfg', 'p1.cfg', 'p2.cfg', 'p3.cfg', 'p4.cfg', 'pe1.cfg', 'pe2.cfg']"
IBGP_MISSING_PAIRS_COUNT_65000__rs1__rs5__rs24__rs30,ibgp_missing_pairs_count:be0094711b-rs1-rs5-rs24-rs30,BGP_Consistency,L3,AS 65000의 iBGP Full-Mesh에서 누락된 링크는 총 몇 개입니까? [답변 형식: 숫자],OK,number,0,,"{""snapshot"": ""LabA_Research_Institute_DC_10nodes"", ""metric"": ""ibgp_missing_pairs_count"", ""scope"": {""type"": ""AS"", ""asn"": ""65000""}, ""resample_pass"": 2, ""resample_index"": 30}",bd1a393,"['leaf1.cfg', 'leaf2.cfg', 'leaf3.cfg', 'leaf4.cfg', 'p1.cfg', 'p2.cfg', 'p3.cfg', 'p4.cfg', 'pe1.cfg', 'pe2.cfg']"
IBGP_UNDER_PEERED_COUNT_65000__rs7__rs9__rs18__rs19__rs31,ibgp_under_peered_count:be0094711b-rs7-rs9-rs18-rs19-rs31,BGP_Consistency,L3,AS 65000에서 iBGP 피어 수가 부족한 장비는 총 몇 대입니까? [답변 형식: 숫자],OK,number,0,,"{""snapshot"": ""LabA_Research_Institute_DC_10nodes"", ""metric"": ""ibgp_under_peered_count"", ""scope"": {""type"": ""AS"", ""asn"": ""65000""}, ""resample_pass"": 2, ""resample_index"": 31}",bd1a393,"['leaf1.cfg', 'leaf2.cfg', 'leaf3.cfg', 'leaf4.cfg', 'p1.cfg', 'p2.cfg', 'p3.cfg', 'p4.cfg', 'pe1.cfg', 'pe2.cfg']"
IBGP_MISSING_PAIRS_COUNT_65000__rs1__rs5__rs13__rs17__rs32,ibgp_missing_pairs_count:be0094711b-rs1-rs5-rs13-rs17-rs32,BGP_Consistency,L3,AS 65000의 iBGP Full-Mesh에서 누락된 링크는 총 몇 개입니까? [답변 형식: 숫자],OK,number,0,,"{""snapshot"": ""LabA_Research_Institute_DC_10nodes"", ""metric"": ""ibgp_missing_pairs_count"", ""scope"": {""type"": ""AS"", ""asn"": ""65000""}, ""resample_pass"": 2, ""resample_index"": 32}",bd1a393,"['leaf1.cfg', 'leaf2.cfg', 'leaf3.cfg', 'leaf4.cfg', 'p1.cfg', 'p2.cfg', 'p3.cfg', 'p4.cfg', 'pe1.cfg', 'pe2.cfg']"
IBGP_MISSING_PAIRS_COUNT_65000__rs1__rs5__rs24__rs33,ibgp_missing_pairs_count:be0094711b-rs1-rs5-rs24-rs33,BGP_Consistency,L3,AS 65000의 iBGP Full-Mesh에서 누락된 링크는 총 몇 개입니까? [답변 형식: 숫자],OK,number,0,,"{""snapshot"": ""LabA_Research_Institute_DC_10nodes"", ""metric"": ""ibgp_missing_pairs_count"", ""scope"": {""type"": ""AS"", ""asn"": ""65000""}, ""resample_pass"": 2, ""resample_index"": 33}",bd1a393,"['leaf1.cfg', 'leaf2.cfg', 'leaf3.cfg', 'leaf4.cfg', 'p1.cfg', 'p2.cfg', 'p3.cfg', 'p4.cfg', 'pe1.cfg', 'pe2.cfg']"
IBGP_UNDER_PEERED_COUNT_65000__rs3__rs29__rs34,ibgp_under_peered_count:be0094711b-rs3-rs29-rs34,BGP_Consistency,L3,AS 65000에서 iBGP 피어 수가 부족한 장비는 총 몇 대입니까? [답변 형식: 숫자],OK,number,0,,"{""snapshot"": ""LabA_Research_Institute_DC_10nodes"", ""metric"": ""ibgp_under_peered_count"", ""scope"": {""type"": ""AS"", ""asn"": ""65000""}, ""resample_pass"": 2, ""resample_index"": 34}",bd1a393,"['leaf1.cfg', 'leaf2.cfg', 'leaf3.cfg', 'leaf4.cfg', 'p1.cfg', 'p2.cfg', 'p3.cfg', 'p4.cfg', 'pe1.cfg', 'pe2.cfg']"
IBGP_UNDER_PEERED_DEVICES_65000__rs4__rs35,ibgp_under_peered_devices:be0094711b-rs4-rs35,BGP_Consistency,L3,AS 65000에서 iBGP 피어 수가 부족한 장비 목록을 알려주세요. [답변 형식: 리스트],OK,set,[],,"{""snapshot"": ""LabA_Research_Institute_DC_10nodes"", ""metric"": ""ibgp_under_peered_devices"", ""scope"": {""type"": ""AS"", ""asn"": ""65000""}, ""resample_pass"": 2, ""resample_index"": 35}",bd1a393,"['leaf1.cfg', 'leaf2.cfg', 'leaf3.cfg', 'leaf4.cfg', 'p1.cfg', 'p2.cfg', 'p3.cfg', 'p4.cfg', 'pe1.cfg', 'pe2.cfg']"
IBGP_UNDER_PEERED_COUNT_65000__rs7__rs21__rs36,ibgp_under_peered_count:be0094711b-rs7-rs21-rs36,BGP_Consistency,L3,AS 65000에서 iBGP 피어 수가 부족한 장비는 총 몇 대입니까? [답변 형식: 숫자],OK,number,0,,"{""snapshot"": ""LabA_Research_Institute_DC_10nodes"", ""metric"": ""ibgp_under_peered_count"", ""scope"": {""type"": ""AS"", ""asn"": ""65000""}, ""resample_pass"": 2, ""resample_index"": 36}",bd1a393,"['leaf1.cfg', 'leaf2.cfg', 'leaf3.cfg', 'leaf4.cfg', 'p1.cfg', 'p2.cfg', 'p3.cfg', 'p4.cfg', 'pe1.cfg', 'pe2.cfg']"
IBGP_MISSING_PAIRS_COUNT_65000__rs1__rs5__rs24__rs33__rs37,ibgp_missing_pairs_count:be0094711b-rs1-rs5-rs24-rs33-rs37,BGP_Consistency,L3,AS 65000의 iBGP Full-Mesh에서 누락된 링크는 총 몇 개입니까? [답변 형식: 숫자],OK,number,0,,"{""snapshot"": ""LabA_Research_Institute_DC_10nodes"", ""metric"": ""ibgp_missing_pairs_count"", ""scope"": {""type"": ""AS"", ""asn"": ""65000""}, ""resample_pass"": 2, ""resample_index"": 37}",bd1a393,"['leaf1.cfg', 'leaf2.cfg', 'leaf3.cfg', 'leaf4.cfg', 'p1.cfg', 'p2.cfg', 'p3.cfg', 'p4.cfg', 'pe1.cfg', 'pe2.cfg']"
IBGP_UNDER_PEERED_COUNT_65000__rs7__rs9__rs38,ibgp_under_peered_count:be0094711b-rs7-rs9-rs38,BGP_Consistency,L3,AS 65000에서 iBGP 피어 수가 부족한 장비는 총 몇 대입니까? [답변 형식: 숫자],OK,number,0,,"{""snapshot"": ""LabA_Research_Institute_DC_10nodes"", ""metric"": ""ibgp_under_peered_count"", ""scope"": {""type"": ""AS"", ""asn"": ""65000""}, ""resample_pass"": 2, ""resample_index"": 38}",bd1a393,"['leaf1.cfg', 'leaf2.cfg', 'leaf3.cfg', 'leaf4.cfg', 'p1.cfg', 'p2.cfg', 'p3.cfg', 'p4.cfg', 'pe1.cfg', 'pe2.cfg']"
IBGP_MISSING_PAIRS_COUNT_65000__rs1__rs5__rs13__rs39,ibgp_missing_pairs_count:be0094711b-rs1-rs5-rs13-rs39,BGP_Consistency,L3,AS 65000의 iBGP Full-Mesh에서 누락된 링크는 총 몇 개입니까? [답변 형식: 숫자],OK,number,0,,"{""snapshot"": ""LabA_Research_Institute_DC_10nodes"", ""metric"": ""ibgp_missing_pairs_count"", ""scope"": {""type"": ""AS"", ""asn"": ""65000""}, ""resample_pass"": 2, ""resample_index"": 39}",bd1a393,"['leaf1.cfg', 'leaf2.cfg', 'leaf3.cfg', 'leaf4.cfg', 'p1.cfg', 'p2.cfg', 'p3.cfg', 'p4.cfg', 'pe1.cfg', 'pe2.cfg']"
IBGP_UNDER_PEERED_DEVICES_65000__rs40,ibgp_under_peered_devices:be0094711b-rs40,BGP_Consistency,L3,AS 65000에서 iBGP 피어 수가 부족한 장비 목록을 알려주세요. [답변 형식: 리스트],OK,set,[],,"{""snapshot"": ""LabA_Research_Institute_DC_10nodes"", ""metric"": ""ibgp_under_peered_devices"", ""scope"": {""type"": ""AS"", ""asn"": ""65000""}, ""resample_pass"": 2, ""resample_index"": 40}",bd1a393,"['leaf1.cfg', 'leaf2.cfg', 'leaf3.cfg', 'leaf4.cfg', 'p1.cfg', 'p2.cfg', 'p3.cfg', 'p4.cfg', 'pe1.cfg', 'pe2.cfg']"
IBGP_MISSING_PAIRS_COUNT_65000__rs1__rs5__rs24__rs41,ibgp_missing_pairs_count:be0094711b-rs1-rs5-rs24-rs41,BGP_Consistency,L3,AS 65000의 iBGP Full-Mesh에서 누락된 링크는 총 몇 개입니까? [답변 형식: 숫자],OK,number,0,,"{""snapshot"": ""LabA_Research_Institute_DC_10nodes"", ""metric"": ""ibgp_missing_pairs_count"", ""scope"": {""type"": ""AS"", ""asn"": ""65000""}, ""resample_pass"": 2, ""resample_index"": 41}",bd1a393,"['leaf1.cfg', 'leaf2.cfg', 'leaf3.cfg', 'leaf4.cfg', 'p1.cfg', 'p2.cfg', 'p3.cfg', 'p4.cfg', 'pe1.cfg', 'pe2.cfg']"
IBGP_MISSING_PAIRS_65000__rs42,ibgp_missing_pairs:be0094711b-rs42,BGP_Consistency,L3,AS 65000의 iBGP Full-Mesh에서 누락된 장비쌍 목록을 알려주세요. [답변 형식: 리스트],OK,set,[],,"{""snapshot"": ""LabA_Research_Institute_DC_10nodes"", ""metric"": ""ibgp_missing_pairs"", ""scope"": {""type"": ""AS"", ""asn"": ""65000""}, ""resample_pass"": 2, ""resample_index"": 42}",bd1a393,"['leaf1.cfg', 'leaf2.cfg', 'leaf3.cfg', 'leaf4.cfg', 'p1.cfg', 'p2.cfg', 'p3.cfg', 'p4.cfg', 'pe1.cfg', 'pe2.cfg']"
IBGP_MISSING_PAIRS_COUNT_65000__rs1__rs5__rs24__rs30__rs43,ibgp_missing_pairs_count:be0094711b-rs1-rs5-rs24-rs30-rs43,BGP_Consistency,L3,AS 65000의 iBGP Full-Mesh에서 누락된 링크는 총 몇 개입니까? [답변 형식: 숫자],OK,number,0,,"{""snapshot"": ""LabA_Research_Institute_DC_10nodes"", ""metric"": ""ibgp_missing_pairs_count"", ""scope"": {""type"": ""AS"", ""asn"": ""65000""}, ""resample_pass"": 2, ""resample_index"": 43}",bd1a393,"['leaf1.cfg', 'leaf2.cfg', 'leaf3.cfg', 'leaf4.cfg', 'p1.cfg', 'p2.cfg', 'p3.cfg', 'p4.cfg', 'pe1.cfg', 'pe2.cfg']"
IBGP_UNDER_PEERED_COUNT_65000__rs7__rs9__rs18__rs19__rs31__rs44,ibgp_under_peered_count:be0094711b-rs7-rs9-rs18-rs19-rs31-rs44,BGP_Consistency,L3,AS 65000에서 iBGP 피어 수가 부족한 장비는 총 몇 대입니까? [답변 형식: 숫자],OK,number,0,,"{""snapshot"": ""LabA_Research_Institute_DC_10nodes"", ""metric"": ""ibgp_under_peered_count"", ""scope"": {""type"": ""AS"", ""asn"": ""65000""}, ""resample_pass"": 2, ""resample_index"": 44}",bd1a393,"['leaf1.cfg', 'leaf2.cfg', 'leaf3.cfg', 'leaf4.cfg', 'p1.cfg', 'p2.cfg', 'p3.cfg', 'p4.cfg', 'pe1.cfg', 'pe2.cfg']"
IBGP_UNDER_PEERED_DEVICES_65000__rs40__rs45,ibgp_under_peered_devices:be0094711b-rs40-rs45,BGP_Consistency,L3,AS 65000에서 iBGP 피어 수가 부족한 장비 목록을 알려주세요. [답변 형식: 리스트],OK,set,[],,"{""snapshot"": ""LabA_Research_Institute_DC_10nodes"", ""metric"": ""ibgp_under_peered_devices"", ""scope"": {""type"": ""AS"", ""asn"": ""65000""}, ""resample_pass"": 2, ""resample_index"": 45}",bd1a393,"['leaf1.cfg', 'leaf2.cfg', 'leaf3.cfg', 'leaf4.cfg', 'p1.cfg', 'p2.cfg', 'p3.cfg', 'p4.cfg', 'pe1.cfg', 'pe2.cfg']"
IBGP_MISSING_PAIRS_COUNT_65000__rs1__rs5__rs24__rs30__rs43__rs46,ibgp_missing_pairs_count:be0094711b-rs1-rs5-rs24-rs30-rs43-rs46,BGP_Consistency,L3,AS 65000의 iBGP Full-Mesh에서 누락된 링크는 총 몇 개입니까? [답변 형식: 숫자],OK,number,0,,"{""snapshot"": ""LabA_Research_Institute_DC_10nodes"", ""metric"": ""ibgp_missing_pairs_count"", ""scope"": {""type"": ""AS"", ""asn"": ""65000""}, ""resample_pass"": 2, ""resample_index"": 46}",bd1a393,"['leaf1.cfg', 'leaf2.cfg', 'leaf3.cfg', 'leaf4.cfg', 'p1.cfg', 'p2.cfg', 'p3.cfg', 'p4.cfg', 'pe1.cfg', 'pe2.cfg']"
VRF_RT_LIST_PER_DEVICE_p2__rs1,vrf_rt_list_per_device:f84ad4329a-rs1,VRF_Consistency,L3,p2 장비에 설정된 route-target(중복 제거) 전체 목록을 알려주세요. [답변 형식: 리스트],OK,set,[],,"{""snapshot"": ""LabA_Research_Institute_DC_10nodes"", ""metric"": ""vrf_rt_list_per_device"", ""scope"": {""type"": ""DEVICE"", ""host"": ""p2""}, ""resample_pass"": 2, ""resample_index"": 1}",bd1a393,['p2.cfg']
VRF_RT_LIST_PER_DEVICE_p2__rs2,vrf_rt_list_per_device:f84ad4329a-rs2,VRF_Consistency,L3,p2 장비에 설정된 route-target(중복 제거) 전체 목록을 알려주세요. [답변 형식: 리스트],OK,set,[],,"{""snapshot"": ""LabA_Research_Institute_DC_10nodes"", ""metric"": ""vrf_rt_list_per_device"", ""scope"": {""type"": ""DEVICE"", ""host"": ""p2""}, ""resample_pass"": 2, ""resample_index"": 2}",bd1a393,['p2.cfg']
VRF_RT_LIST_PER_DEVICE_leaf4__rs3,vrf_rt_list_per_device:45a2dbebe1-rs3,VRF_Consistency,L3,leaf4 장비에 설정된 route-target(중복 제거) 전체 목록을 알려주세요. [답변 형식: 리스트],OK,set,[],,"{""snapshot"": ""LabA_Research_Institute_DC_10nodes"", ""metric"": ""vrf_rt_list_per_device"", ""scope"": {""type"": ""DEVICE"", ""host"": ""leaf4""}, ""resample_pass"": 2, ""resample_index"": 3}",bd1a393,['leaf4.cfg']
VRF_RT_LIST_PER_DEVICE_leaf1__rs4,vrf_rt_list_per_device:f3e677391b-rs4,VRF_Consistency,L3,leaf1 장비에 설정된 route-target(중복 제거) 전체 목록을 알려주세요. [답변 형식: 리스트],OK,set,[],,"{""snapshot"": ""LabA_Research_Institute_DC_10nodes"", ""metric"": ""vrf_rt_list_per_device"", ""scope"": {""type"": ""DEVICE"", ""host"": ""leaf1""}, ""resample_pass"": 2, ""resample_index"": 4}",bd1a393,['leaf1.cfg']
VRF_RT_LIST_PER_DEVICE_p2__rs5,vrf_rt_list_per_device:f84ad4329a-rs5,VRF_Consistency,L3,p2 장비에 설정된 route-target(중복 제거) 전체 목록을 알려주세요. [답변 형식: 리스트],OK,set,[],,"{""snapshot"": ""LabA_Research_Institute_DC_10nodes"", ""metric"": ""vrf_rt_list_per_device"", ""scope"": {""type"": ""DEVICE"", ""host"": ""p2""}, ""resample_pass"": 2, ""resample_index"": 5}",bd1a393,['p2.cfg']
VRF_RT_LIST_PER_DEVICE_p2__rs2__rs6,vrf_rt_list_per_device:f84ad4329a-rs2-rs6,VRF_Consistency,L3,p2 장비에 설정된 route-target(중복 제거) 전체 목록을 알려주세요. [답변 형식: 리스트],OK,set,[],,"{""snapshot"": ""LabA_Research_Institute_DC_10nodes"", ""metric"": ""vrf_rt_list_per_device"", ""scope"": {""type"": ""DEVICE"", ""host"": ""p2""}, ""resample_pass"": 2, ""resample_index"": 6}",bd1a393,['p2.cfg']
VRF_RT_LIST_PER_DEVICE_p4__rs7,vrf_rt_list_per_device:8eb660897d-rs7,VRF_Consistency,L3,p4 장비에 설정된 route-target(중복 제거) 전체 목록을 알려주세요. [답변 형식: 리스트],OK,set,[],,"{""snapshot"": ""LabA_Research_Institute_DC_10nodes"", ""metric"": ""vrf_rt_list_per_device"", ""scope"": {""type"": ""DEVICE"", ""host"": ""p4""}, ""resample_pass"": 2, ""resample_index"": 7}",bd1a393,['p4.cfg']
VRF_RT_LIST_PER_DEVICE_leaf4__rs8,vrf_rt_list_per_device:45a2dbebe1-rs8,VRF_Consistency,L3,leaf4 장비에 설정된 route-target(중복 제거) 전체 목록을 알려주세요. [답변 형식: 리스트],OK,set,[],,"{""snapshot"": ""LabA_Research_Institute_DC_10nodes"", ""metric"": ""vrf_rt_list_per_device"", ""scope"": {""type"": ""DEVICE"", ""host"": ""leaf4""}, ""resample_pass"": 2, ""resample_index"": 8}",bd1a393,['leaf4.cfg']
VRF_RT_LIST_PER_DEVICE_leaf4__rs8__rs9,vrf_rt_list_per_device:45a2dbebe1-rs8-rs9,VRF_Consistency,L3,leaf4 장비에 설정된 route-target(중복 제거) 전체 목록을 알려주세요. [답변 형식: 리스트],OK,set,[],,"{""snapshot"": ""LabA_Research_Institute_DC_10nodes"", ""metric"": ""vrf_rt_list_per_device"", ""scope"": {""type"": ""DEVICE"", ""host"": ""leaf4""}, ""resample_pass"": 2, ""resample_index"": 9}",bd1a393,['leaf4.cfg']
VRF_RT_LIST_PER_DEVICE_leaf4__rs10,vrf_rt_list_per_device:45a2dbebe1-rs10,VRF_Consistency,L3,leaf4 장비에 설정된 route-target(중복 제거) 전체 목록을 알려주세요. [답변 형식: 리스트],OK,set,[],,"{""snapshot"": ""LabA_Research_Institute_DC_10nodes"", ""metric"": ""vrf_rt_list_per_device"", ""scope"": {""type"": ""DEVICE"", ""host"": ""leaf4""}, ""resample_pass"": 2, ""resample_index"": 10}",bd1a393,['leaf4.cfg']
VRF_RT_LIST_PER_DEVICE_leaf4__rs10__rs11,vrf_rt_list_per_device:45a2dbebe1-rs10-rs11,VRF_Consistency,L3,leaf4 장비에 설정된 route-target(중복 제거) 전체 목록을 알려주세요. [답변 형식: 리스트],OK,set,[],,"{""snapshot"": ""LabA_Research_Institute_DC_10nodes"", ""metric"": ""vrf_rt_list_per_device"", ""scope"": {""type"": ""DEVICE"", ""host"": ""leaf4""}, ""resample_pass"": 2, ""resample_index"": 11}",bd1a393,['leaf4.cfg']
VRF_RT_LIST_PER_DEVICE_leaf1__rs12,vrf_rt_list_per_device:f3e677391b-rs12,VRF_Consistency,L3,leaf1 장비에 설정된 route-target(중복 제거) 전체 목록을 알려주세요. [답변 형식: 리스트],OK,set,[],,"{""snapshot"": ""LabA_Research_Institute_DC_10nodes"", ""metric"": ""vrf_rt_list_per_device"", ""scope"": {""type"": ""DEVICE"", ""host"": ""leaf1""}, ""resample_pass"": 2, ""resample_index"": 12}",bd1a393,['leaf1.cfg']
VRF_RT_LIST_PER_DEVICE_leaf1__rs12__rs13,vrf_rt_list_per_device:f3e677391b-rs12-rs13,VRF_Consistency,L3,leaf1 장비에 설정된 route-target(중복 제거) 전체 목록을 알려주세요. [답변 형식: 리스트],OK,set,[],,"{""snapshot"": ""LabA_Research_Institute_DC_10nodes"", ""metric"": ""vrf_rt_list_per_device"", ""scope"": {""type"": ""DEVICE"", ""host"": ""leaf1""}, ""resample_pass"": 2, ""resample_index"": 13}",bd1a393,['leaf1.cfg']
VRF_RT_LIST_PER_DEVICE_p1__rs14,vrf_rt_list_per_device:980d4425bd-rs14,VRF_Consistency,L3,p1 장비에 설정된 route-target(중복 제거) 전체 목록을 알려주세요. [답변 형식: 리스트],OK,set,[],,"{""snapshot"": ""LabA_Research_Institute_DC_10nodes"", ""metric"": ""vrf_rt_list_per_device"", ""scope"": {""type"": ""DEVICE"", ""host"": ""p1""}, ""resample_pass"": 2, ""resample_index"": 14}",bd1a393,['p1.cfg']
VRF_RT_LIST_PER_DEVICE_p2__rs5__rs15,vrf_rt_list_per_device:f84ad4329a-rs5-rs15,VRF_Consistency,L3,p2 장비에 설정된 route-target(중복 제거) 전체 목록을 알려주세요. [답변 형식: 리스트],OK,set,[],,"{""snapshot"": ""LabA_Research_Institute_DC_10nodes"", ""metric"": ""vrf_rt_list_per_device"", ""scope"": {""type"": ""DEVICE"", ""host"": ""p2""}, ""resample_pass"": 2, ""resample_index"": 15}",bd1a393,['p2.cfg']
VRF_RT_LIST_PER_DEVICE_p1__rs16,vrf_rt_list_per_device:980d4425bd-rs16,VRF_Consistency,L3,p1 장비에 설정된 route-target(중복 제거) 전체 목록을 알려주세요. [답변 형식: 리스트],OK,set,[],,"{""snapshot"": ""LabA_Research_Institute_DC_10nodes"", ""metric"": ""vrf_rt_list_per_device"", ""scope"": {""type"": ""DEVICE"", ""host"": ""p1""}, ""resample_pass"": 2, ""resample_index"": 16}",bd1a393,['p1.cfg']
VRF_RT_LIST_PER_DEVICE_leaf4__rs10__rs17,vrf_rt_list_per_device:45a2dbebe1-rs10-rs17,VRF_Consistency,L3,leaf4 장비에 설정된 route-target(중복 제거) 전체 목록을 알려주세요. [답변 형식: 리스트],OK,set,[],,"{""snapshot"": ""LabA_Research_Institute_DC_10nodes"", ""metric"": ""vrf_rt_list_per_device"", ""scope"": {""type"": ""DEVICE"", ""host"": ""leaf4""}, ""resample_pass"": 2, ""resample_index"": 17}",bd1a393,['leaf4.cfg']
VRF_RT_LIST_PER_DEVICE_p2__rs2__rs18,vrf_rt_list_per_device:f84ad4329a-rs2-rs18,VRF_Consistency,L3,p2 장비에 설정된 route-target(중복 제거) 전체 목록을 알려주세요. [답변 형식: 리스트],OK,set,[],,"{""snapshot"": ""LabA_Research_Institute_DC_10nodes"", ""metric"": ""vrf_rt_list_per_device"", ""scope"": {""type"": ""DEVICE"", ""host"": ""p2""}, ""resample_pass"": 2, ""resample_index"": 18}",bd1a393,['p2.cfg']
VRF_RT_LIST_PER_DEVICE_leaf4__rs19,vrf_rt_list_per_device:45a2dbebe1-rs19,VRF_Consistency,L3,leaf4 장비에 설정된 route-target(중복 제거) 전체 목록을 알려주세요. [답변 형식: 리스트],OK,set,[],,"{""snapshot"": ""LabA_Research_Institute_DC_10nodes"", ""metric"": ""vrf_rt_list_per_device"", ""scope"": {""type"": ""DEVICE"", ""host"": ""leaf4""}, ""resample_pass"": 2, ""resample_index"": 19}",bd1a393,['leaf4.cfg']
VRF_RT_LIST_PER_DEVICE_p2__rs1__rs20,vrf_rt_list_per_device:f84ad4329a-rs1-rs20,VRF_Consistency,L3,p2 장비에 설정된 route-target(중복 제거) 전체 목록을 알려주세요. [답변 형식: 리스트],OK,set,[],,"{""snapshot"": ""LabA_Research_Institute_DC_10nodes"", ""metric"": ""vrf_rt_list_per_device"", ""scope"": {""type"": ""DEVICE"", ""host"": ""p2""}, ""resample_pass"": 2, ""resample_index"": 20}",bd1a393,['p2.cfg']
VRF_RT_LIST_PER_DEVICE_p4__rs7__rs21,vrf_rt_list_per_device:8eb660897d-rs7-rs21,VRF_Consistency,L3,p4 장비에 설정된 route-target(중복 제거) 전체 목록을 알려주세요. [답변 형식: 리스트],OK,set,[],,"{""snapshot"": ""LabA_Research_Institute_DC_10nodes"", ""metric"": ""vrf_rt_list_per_device"", ""scope"": {""type"": ""DEVICE"", ""host"": ""p4""}, ""resample_pass"": 2, ""resample_index"": 21}",bd1a393,['p4.cfg']
VRF_RT_LIST_PER_DEVICE_pe1__rs22,vrf_rt_list_per_device:4f36bb8808-rs22,VRF_Consistency,L3,pe1 장비에 설정된 route-target(중복 제거) 전체 목록을 알려주세요. [답변 형식: 리스트],OK,set,"[""65000:1"", ""65000:2"", ""65000:3""]",,"{""snapshot"": ""LabA_Research_Institute_DC_10nodes"", ""metric"": ""vrf_rt_list_per_device"", ""scope"": {""type"": ""DEVICE"", ""host"": ""pe1""}, ""resample_pass"": 2, ""resample_index"": 22}",bd1a393,['pe1.cfg']
VRF_RT_LIST_PER_DEVICE_p2__rs1__rs23,vrf_rt_list_per_device:f84ad4329a-rs1-rs23,VRF_Consistency,L3,p2 장비에 설정된 route-target(중복 제거) 전체 목록을 알려주세요. [답변 형식: 리스트],OK,set,[],,"{""snapshot"": ""LabA_Research_Institute_DC_10nodes"", ""metric"": ""vrf_rt_list_per_device"", ""scope"": {""type"": ""DEVICE"", ""host"": ""p2""}, ""resample_pass"": 2, ""resample_index"": 23}",bd1a393,['p2.cfg']
VRF_RT_LIST_PER_DEVICE_p2__rs5__rs15__rs24,vrf_rt_list_per_device:f84ad4329a-rs5-rs15-rs24,VRF_Consistency,L3,p2 장비에 설정된 route-target(중복 제거) 전체 목록을 알려주세요. [답변 형식: 리스트],OK,set,[],,"{""snapshot"": ""LabA_Research_Institute_DC_10nodes"", ""metric"": ""vrf_rt_list_per_device"", ""scope"": {""type"": ""DEVICE"", ""host"": ""p2""}, ""resample_pass"": 2, ""resample_index"": 24}",bd1a393,['p2.cfg']
VRF_RT_LIST_PER_DEVICE_leaf1__rs12__rs13__rs25,vrf_rt_list_per_device:f3e677391b-rs12-rs13-rs25,VRF_Consistency,L3,leaf1 장비에 설정된 route-target(중복 제거) 전체 목록을 알려주세요. [답변 형식: 리스트],OK,set,[],,"{""snapshot"": ""LabA_Research_Institute_DC_10nodes"", ""metric"": ""vrf_rt_list_per_device"", ""scope"": {""type"": ""DEVICE"", ""host"": ""leaf1""}, ""resample_pass"": 2, ""resample_index"": 25}",bd1a393,['leaf1.cfg']
VRF_RT_LIST_PER_DEVICE_p2__rs26,vrf_rt_list_per_device:f84ad4329a-rs26,VRF_Consistency,L3,p2 장비에 설정된 route-target(중복 제거) 전체 목록을 알려주세요. [답변 형식: 리스트],OK,set,[],,"{""snapshot"": ""LabA_Research_Institute_DC_10nodes"", ""metric"": ""vrf_rt_list_per_device"", ""scope"": {""type"": ""DEVICE"", ""host"": ""p2""}, ""resample_pass"": 2, ""resample_index"": 26}",bd1a393,['p2.cfg']
VRF_RT_LIST_PER_DEVICE_leaf1__rs12__rs13__rs25__rs27,vrf_rt_list_per_device:f3e677391b-rs12-rs13-rs25-rs27,VRF_Consistency,L3,leaf1 장비에 설정된 route-target(중복 제거) 전체 목록을 알려주세요. [답변 형식: 리스트],OK,set,[],,"{""snapshot"": ""LabA_Research_Institute_DC_10nodes"", ""metric"": ""vrf_rt_list_per_device"", ""scope"": {""type"": ""DEVICE"", ""host"": ""leaf1""}, ""resample_pass"": 2, ""resample_index"": 27}",bd1a393,['leaf1.cfg']
VRF_RT_LIST_PER_DEVICE_leaf4__rs8__rs28,vrf_rt_list_per_device:45a2dbebe1-rs8-rs28,VRF_Consistency,L3,leaf4 장비에 설정된 route-target(중복 제거) 전체 목록을 알려주세요. [답변 형식: 리스트],OK,set,[],,"{""snapshot"": ""LabA_Research_Institute_DC_10nodes"", ""metric"": ""vrf_rt_list_per_device"", ""scope"": {""type"": ""DEVICE"", ""host"": ""leaf4""}, ""resample_pass"": 2, ""resample_index"": 28}",bd1a393,['leaf4.cfg']
VRF_RT_LIST_PER_DEVICE_p1__rs14__rs29,vrf_rt_list_per_device:980d4425bd-rs14-rs29,VRF_Consistency,L3,p1 장비에 설정된 route-target(중복 제거) 전체 목록을 알려주세요. [답변 형식: 리스트],OK,set,[],,"{""snapshot"": ""LabA_Research_Institute_DC_10nodes"", ""metric"": ""vrf_rt_list_per_device"", ""scope"": {""type"": ""DEVICE"", ""host"": ""p1""}, ""resample_pass"": 2, ""resample_index"": 29}",bd1a393,['p1.cfg']
VRF_RT_LIST_PER_DEVICE_p2__rs5__rs15__rs24__rs30,vrf_rt_list_per_device:f84ad4329a-rs5-rs15-rs24-rs30,VRF_Consistency,L3,p2 장비에 설정된 route-target(중복 제거) 전체 목록을 알려주세요. [답변 형식: 리스트],OK,set,[],,"{""snapshot"": ""LabA_Research_Institute_DC_10nodes"", ""metric"": ""vrf_rt_list_per_device"", ""scope"": {""type"": ""DEVICE"", ""host"": ""p2""}, ""resample_pass"": 2, ""resample_index"": 30}",bd1a393,['p2.cfg']
VRF_WITHOUT_RT_PAIRS__rs31,vrf_without_rt_pairs:566d4b6821-rs31,VRF_Consistency,L3,route-target이 없는 VRF(장비/VRF) 목록을 알려주세요. [답변 형식: 리스트],OK,set,[],,"{""snapshot"": ""LabA_Research_Institute_DC_10nodes"", ""metric"": ""vrf_without_rt_pairs"", ""scope"": {""type"": ""GLOBAL""}, ""resample_pass"": 2, ""resample_index"": 31}",bd1a393,"['leaf1.cfg', 'leaf2.cfg', 'leaf3.cfg', 'leaf4.cfg', 'p1.cfg', 'p2.cfg', 'p3.cfg', 'p4.cfg', 'pe1.cfg', 'pe2.cfg']"
VRF_RT_LIST_PER_DEVICE_leaf4__rs8__rs32,vrf_rt_list_per_device:45a2dbebe1-rs8-rs32,VRF_Consistency,L3,leaf4 장비에 설정된 route-target(중복 제거) 전체 목록을 알려주세요. [답변 형식: 리스트],OK,set,[],,"{""snapshot"": ""LabA_Research_Institute_DC_10nodes"", ""metric"": ""vrf_rt_list_per_device"", ""scope"": {""type"": ""DEVICE"", ""host"": ""leaf4""}, ""resample_pass"": 2, ""resample_index"": 32}",bd1a393,['leaf4.cfg']
VRF_RT_LIST_PER_DEVICE_p4__rs7__rs33,vrf_rt_list_per_device:8eb660897d-rs7-rs33,VRF_Consistency,L3,p4 장비에 설정된 route-target(중복 제거) 전체 목록을 알려주세요. [답변 형식: 리스트],OK,set,[],,"{""snapshot"": ""LabA_Research_Institute_DC_10nodes"", ""metric"": ""vrf_rt_list_per_device"", ""scope"": {""type"": ""DEVICE"", ""host"": ""p4""}, ""resample_pass"": 2, ""resample_index"": 33}",bd1a393,['p4.cfg']
VRF_RT_LIST_PER_DEVICE_p2__rs2__rs34,vrf_rt_list_per_device:f84ad4329a-rs2-rs34,VRF_Consistency,L3,p2 장비에 설정된 route-target(중복 제거) 전체 목록을 알려주세요. [답변 형식: 리스트],OK,set,[],,"{""snapshot"": ""LabA_Research_Institute_DC_10nodes"", ""metric"": ""vrf_rt_list_per_device"", ""scope"": {""type"": ""DEVICE"", ""host"": ""p2""}, ""resample_pass"": 2, ""resample_index"": 34}",bd1a393,['p2.cfg']
VRF_RT_LIST_PER_DEVICE_p1__rs16__rs35,vrf_rt_list_per_device:980d4425bd-rs16-rs35,VRF_Consistency,L3,p1 장비에 설정된 route-target(중복 제거) 전체 목록을 알려주세요. [답변 형식: 리스트],OK,set,[],,"{""snapshot"": ""LabA_Research_Institute_DC_10nodes"", ""metric"": ""vrf_rt_list_per_device"", ""scope"": {""type"": ""DEVICE"", ""host"": ""p1""}, ""resample_pass"": 2, ""resample_index"": 35}",bd1a393,['p1.cfg']
VRF_RT_LIST_PER_DEVICE_p2__rs26__rs36,vrf_rt_list_per_device:f84ad4329a-rs26-rs36,VRF_Consistency,L3,p2 장비에 설정된 route-target(중복 제거) 전체 목록을 알려주세요. [답변 형식: 리스트],OK,set,[],,"{""snapshot"": ""LabA_Research_Institute_DC_10nodes"", ""metric"": ""vrf_rt_list_per_device"", ""scope"": {""type"": ""DEVICE"", ""host"": ""p2""}, ""resample_pass"": 2, ""resample_index"": 36}",bd1a393,['p2.cfg']
VRF_RT_LIST_PER_DEVICE_leaf1__rs12__rs13__rs25__rs27__rs37,vrf_rt_list_per_device:f3e677391b-rs12-rs13-rs25-rs27-rs37,VRF_Consistency,L3,leaf1 장비에 설정된 route-target(중복 제거) 전체 목록을 알려주세요. [답변 형식: 리스트],OK,set,[],,"{""snapshot"": ""LabA_Research_Institute_DC_10nodes"", ""metric"": ""vrf_rt_list_per_device"", ""scope"": {""type"": ""DEVICE"", ""host"": ""leaf1""}, ""resample_pass"": 2, ""resample_index"": 37}",bd1a393,['leaf1.cfg']
VRF_RT_LIST_PER_DEVICE_p2__rs5__rs15__rs24__rs30__rs38,vrf_rt_list_per_device:f84ad4329a-rs5-rs15-rs24-rs30-rs38,VRF_Consistency,L3,p2 장비에 설정된 route-target(중복 제거) 전체 목록을 알려주세요. [답변 형식: 리스트],OK,set,[],,"{""snapshot"": ""LabA_Research_Institute_DC_10nodes"", ""metric"": ""vrf_rt_list_per_device"", ""scope"": {""type"": ""DEVICE"", ""host"": ""p2""}, ""resample_pass"": 2, ""resample_index"": 38}",bd1a393,['p2.cfg']
L2VPN_UNIDIR_COUNT__rs1,l2vpn_unidir_count:566d4b6821-rs1,L2VPN_Consistency,L3,단방향으로만 설정된 L2VPN 회선은 총 몇 개입니까? [답변 형식: 숫자],OK,number,0,,"{""snapshot"": ""LabA_Research_Institute_DC_10nodes"", ""metric"": ""l2vpn_unidir_count"", ""scope"": {""type"": ""GLOBAL""}, ""resample_pass"": 2, ""resample_index"": 1}",bd1a393,"['leaf1.cfg', 'leaf2.cfg', 'leaf3.cfg', 'leaf4.cfg', 'p1.cfg', 'p2.cfg', 'p3.cfg', 'p4.cfg', 'pe1.cfg', 'pe2.cfg']"
L2VPN_PWID_MISMATCH_PAIRS__rs2,l2vpn_pwid_mismatch_pairs:566d4b6821-rs2,L2VPN_Consistency,L3,PW-ID가 불일치하는 L2VPN 회선(장비쌍) 목록을 알려주세요. [답변 형식: 리스트],OK,set,[],,"{""snapshot"": ""LabA_Research_Institute_DC_10nodes"", ""metric"": ""l2vpn_pwid_mismatch_pairs"", ""scope"": {""type"": ""GLOBAL""}, ""resample_pass"": 2, ""resample_index"": 2}",bd1a393,"['leaf1.cfg', 'leaf2.cfg', 'leaf3.cfg', 'leaf4.cfg', 'p1.cfg', 'p2.cfg', 'p3.cfg', 'p4.cfg', 'pe1.cfg', 'pe2.cfg']"
L2VPN_PWID_MISMATCH_PAIRS__rs3,l2vpn_pwid_mismatch_pairs:566d4b6821-rs3,L2VPN_Consistency,L3,PW-ID가 불일치하는 L2VPN 회선(장비쌍) 목록을 알려주세요. [답변 형식: 리스트],OK,set,[],,"{""snapshot"": ""LabA_Research_Institute_DC_10nodes"", ""metric"": ""l2vpn_pwid_mismatch_pairs"", ""scope"": {""type"": ""GLOBAL""}, ""resample_pass"": 2, ""resample_index"": 3}",bd1a393,"['leaf1.cfg', 'leaf2.cfg', 'leaf3.cfg', 'leaf4.cfg', 'p1.cfg', 'p2.cfg', 'p3.cfg', 'p4.cfg', 'pe1.cfg', 'pe2.cfg']"
L2VPN_PWID_MISMATCH_PAIRS__rs3__rs4,l2vpn_pwid_mismatch_pairs:566d4b6821-rs3-rs4,L2VPN_Consistency,L3,PW-ID가 불일치하는 L2VPN 회선(장비쌍) 목록을 알려주세요. [답변 형식: 리스트],OK,set,[],,"{""snapshot"": ""LabA_Research_Institute_DC_10nodes"", ""metric"": ""l2vpn_pwid_mismatch_pairs"", ""scope"": {""type"": ""GLOBAL""}, ""resample_pass"": 2, ""resample_index"": 4}",bd1a393,"['leaf1.cfg', 'leaf2.cfg', 'leaf3.cfg', 'leaf4.cfg', 'p1.cfg', 'p2.cfg', 'p3.cfg', 'p4.cfg', 'pe1.cfg', 'pe2.cfg']"
L2VPN_PWID_MISMATCH_PAIRS__rs5,l2vpn_pwid_mismatch_pairs:566d4b6821-rs5,L2VPN_Consistency,L3,PW-ID가 불일치하는 L2VPN 회선(장비쌍) 목록을 알려주세요. [답변 형식: 리스트],OK,set,[],,"{""snapshot"": ""LabA_Research_Institute_DC_10nodes"", ""metric"": ""l2vpn_pwid_mismatch_pairs"", ""scope"": {""type"": ""GLOBAL""}, ""resample_pass"": 2, ""resample_index"": 5}",bd1a393,"['leaf1.cfg', 'leaf2.cfg', 'leaf3.cfg', 'leaf4.cfg', 'p1.cfg', 'p2.cfg', 'p3.cfg', 'p4.cfg', 'pe1.cfg', 'pe2.cfg']"
L2VPN_PWID_MISMATCH_PAIRS__rs3__rs4__rs6,l2vpn_pwid_mismatch_pairs:566d4b6821-rs3-rs4-rs6,L2VPN_Consistency,L3,PW-ID가 불일치하는 L2VPN 회선(장비쌍) 목록을 알려주세요. [답변 형식: 리스트],OK,set,[],,"{""snapshot"": ""LabA_Research_Institute_DC_10nodes"", ""metric"": ""l2vpn_pwid_mismatch_pairs"", ""scope"": {""type"": ""GLOBAL""}, ""resample_pass"": 2, ""resample_index"": 6}",bd1a393,"['leaf1.cfg', 'leaf2.cfg', 'leaf3.cfg', 'leaf4.cfg', 'p1.cfg', 'p2.cfg', 'p3.cfg', 'p4.cfg', 'pe1.cfg', 'pe2.cfg']"
L2VPN_PWID_MISMATCH_PAIRS__rs3__rs7,l2vpn_pwid_mismatch_pairs:566d4b6821-rs3-rs7,L2VPN_Consistency,L3,PW-ID가 불일치하는 L2VPN 회선(장비쌍) 목록을 알려주세요. [답변 형식: 리스트],OK,set,[],,"{""snapshot"": ""LabA_Research_Institute_DC_10nodes"", ""metric"": ""l2vpn_pwid_mismatch_pairs"", ""scope"": {""type"": ""GLOBAL""}, ""resample_pass"": 2, ""resample_index"": 7}",bd1a393,"['leaf1.cfg', 'leaf2.cfg', 'leaf3.cfg', 'leaf4.cfg', 'p1.cfg', 'p2.cfg', 'p3.cfg', 'p4.cfg', 'pe1.cfg', 'pe2.cfg']"
L2VPN_PWID_MISMATCH_PAIRS__rs3__rs7__rs8,l2vpn_pwid_mismatch_pairs:566d4b6821-rs3-rs7-rs8,L2VPN_Consistency,L3,PW-ID가 불일치하는 L2VPN 회선(장비쌍) 목록을 알려주세요. [답변 형식: 리스트],OK,set,[],,"{""snapshot"": ""LabA_Research_Institute_DC_10nodes"", ""metric"": ""l2vpn_pwid_mismatch_pairs"", ""scope"": {""type"": ""GLOBAL""}, ""resample_pass"": 2, ""resample_index"": 8}",bd1a393,"['leaf1.cfg', 'leaf2.cfg', 'leaf3.cfg', 'leaf4.cfg', 'p1.cfg', 'p2.cfg', 'p3.cfg', 'p4.cfg', 'pe1.cfg', 'pe2.cfg']"
L2VPN_UNIDIR_COUNT__rs9,l2vpn_unidir_count:566d4b6821-rs9,L2VPN_Consistency,L3,단방향으로만 설정된 L2VPN 회선은 총 몇 개입니까? [답변 형식: 숫자],OK,number,0,,"{""snapshot"": ""LabA_Research_Institute_DC_10nodes"", ""metric"": ""l2vpn_unidir_count"", ""scope"": {""type"": ""GLOBAL""}, ""resample_pass"": 2, ""resample_index"": 9}",bd1a393,"['leaf1.cfg', 'leaf2.cfg', 'leaf3.cfg', 'leaf4.cfg', 'p1.cfg', 'p2.cfg', 'p3.cfg', 'p4.cfg', 'pe1.cfg', 'pe2.cfg']"
L2VPN_PWID_MISMATCH_PAIRS__rs3__rs4__rs6__rs10,l2vpn_pwid_mismatch_pairs:566d4b6821-rs3-rs4-rs6-rs10,L2VPN_Consistency,L3,PW-ID가 불일치하는 L2VPN 회선(장비쌍) 목록을 알려주세요. [답변 형식: 리스트],OK,set,[],,"{""snapshot"": ""LabA_Research_Institute_DC_10nodes"", ""metric"": ""l2vpn_pwid_mismatch_pairs"", ""scope"": {""type"": ""GLOBAL""}, ""resample_pass"": 2, ""resample_index"": 10}",bd1a393,"['leaf1.cfg', 'leaf2.cfg', 'leaf3.cfg', 'leaf4.cfg', 'p1.cfg', 'p2.cfg', 'p3.cfg', 'p4.cfg', 'pe1.cfg', 'pe2.cfg']"
L2VPN_UNIDIRECTIONAL_PAIRS__rs11,l2vpn_unidirectional_pairs:566d4b6821-rs11,L2VPN_Consistency,L3,단방향으로만 설정된 L2VPN 회선(장비쌍) 목록을 알려주세요. [답변 형식: 리스트],OK,set,[],,"{""snapshot"": ""LabA_Research_Institute_DC_10nodes"", ""metric"": ""l2vpn_unidirectional_pairs"", ""scope"": {""type"": ""GLOBAL""}, ""resample_pass"": 2, ""resample_index"": 11}",bd1a393,"['leaf1.cfg', 'leaf2.cfg', 'leaf3.cfg', 'leaf4.cfg', 'p1.cfg', 'p2.cfg', 'p3.cfg', 'p4.cfg', 'pe1.cfg', 'pe2.cfg']"
L2VPN_PWID_MISMATCH_PAIRS__rs5__rs12,l2vpn_pwid_mismatch_pairs:566d4b6821-rs5-rs12,L2VPN_Consistency,L3,PW-ID가 불일치하는 L2VPN 회선(장비쌍) 목록을 알려주세요. [답변 형식: 리스트],OK,set,[],,"{""snapshot"": ""LabA_Research_Institute_DC_10nodes"", ""metric"": ""l2vpn_pwid_mismatch_pairs"", ""scope"": {""type"": ""GLOBAL""}, ""resample_pass"": 2, ""resample_index"": 12}",bd1a393,"['leaf1.cfg', 'leaf2.cfg', 'leaf3.cfg', 'leaf4.cfg', 'p1.cfg', 'p2.cfg', 'p3.cfg', 'p4.cfg', 'pe1.cfg', 'pe2.cfg']"
L2VPN_PWID_MISMATCH_PAIRS__rs5__rs12__rs13,l2vpn_pwid_mismatch_pairs:566d4b6821-rs5-rs12-rs13,L2VPN_Consistency,L3,PW-ID가 불일치하는 L2VPN 회선(장비쌍) 목록을 알려주세요. [답변 형식: 리스트],OK,set,[],,"{""snapshot"": ""LabA_Research_Institute_DC_10nodes"", ""metric"": ""l2vpn_pwid_mismatch_pairs"", ""scope"": {""type"": ""GLOBAL""}, ""resample_pass"": 2, ""resample_index"": 13}",bd1a393,"['leaf1.cfg', 'leaf2.cfg', 'leaf3.cfg', 'leaf4.cfg', 'p1.cfg', 'p2.cfg', 'p3.cfg', 'p4.cfg', 'pe1.cfg', 'pe2.cfg']"
L2VPN_PWID_MISMATCH_PAIRS__rs3__rs4__rs6__rs14,l2vpn_pwid_mismatch_pairs:566d4b6821-rs3-rs4-rs6-rs14,L2VPN_Consistency,L3,PW-ID가 불일치하는 L2VPN 회선(장비쌍) 목록을 알려주세요. [답변 형식: 리스트],OK,set,[],,"{""snapshot"": ""LabA_Research_Institute_DC_10nodes"", ""metric"": ""l2vpn_pwid_mismatch_pairs"", ""scope"": {""type"": ""GLOBAL""}, ""resample_pass"": 2, ""resample_index"": 14}",bd1a393,"['leaf1.cfg', 'leaf2.cfg', 'leaf3.cfg', 'leaf4.cfg', 'p1.cfg', 'p2.cfg', 'p3.cfg', 'p4.cfg', 'pe1.cfg', 'pe2.cfg']"
L2VPN_UNIDIR_COUNT__rs15,l2vpn_unidir_count:566d4b6821-rs15,L2VPN_Consistency,L3,단방향으로만 설정된 L2VPN 회선은 총 몇 개입니까? [답변 형식: 숫자],OK,number,0,,"{""snapshot"": ""LabA_Research_Institute_DC_10nodes"", ""metric"": ""l2vpn_unidir_count"", ""scope"": {""type"": ""GLOBAL""}, ""resample_pass"": 2, ""resample_index"": 15}",bd1a393,"['leaf1.cfg', 'leaf2.cfg', 'leaf3.cfg', 'leaf4.cfg', 'p1.cfg', 'p2.cfg', 'p3.cfg', 'p4.cfg', 'pe1.cfg', 'pe2.cfg']"
L2VPN_PWID_MISMATCH_PAIRS__rs3__rs16,l2vpn_pwid_mismatch_pairs:566d4b6821-rs3-rs16,L2VPN_Consistency,L3,PW-ID가 불일치하는 L2VPN 회선(장비쌍) 목록을 알려주세요. [답변 형식: 리스트],OK,set,[],,"{""snapshot"": ""LabA_Research_Institute_DC_10nodes"", ""metric"": ""l2vpn_pwid_mismatch_pairs"", ""scope"": {""type"": ""GLOBAL""}, ""resample_pass"": 2, ""resample_index"": 16}",bd1a393,"['leaf1.cfg', 'leaf2.cfg', 'leaf3.cfg', 'leaf4.cfg', 'p1.cfg', 'p2.cfg', 'p3.cfg', 'p4.cfg', 'pe1.cfg', 'pe2.cfg']"
L2VPN_PWID_MISMATCH_PAIRS__rs5__rs17,l2vpn_pwid_mismatch_pairs:566d4b6821-rs5-rs17,L2VPN_Consistency,L3,PW-ID가 불일치하는 L2VPN 회선(장비쌍) 목록을 알려주세요. [답변 형식: 리스트],OK,set,[],,"{""snapshot"": ""LabA_Research_Institute_DC_10nodes"", ""metric"": ""l2vpn_pwid_mismatch_pairs"", ""scope"": {""type"": ""GLOBAL""}, ""resample_pass"": 2, ""resample_index"": 17}",bd1a393,"['leaf1.cfg', 'leaf2.cfg', 'leaf3.cfg', 'leaf4.cfg', 'p1.cfg', 'p2.cfg', 'p3.cfg', 'p4.cfg', 'pe1.cfg', 'pe2.cfg']"
L2VPN_PWID_MISMATCH_PAIRS__rs3__rs18,l2vpn_pwid_mismatch_pairs:566d4b6821-rs3-rs18,L2VPN_Consistency,L3,PW-ID가 불일치하는 L2VPN 회선(장비쌍) 목록을 알려주세요. [답변 형식: 리스트],OK,set,[],,"{""snapshot"": ""LabA_Research_Institute_DC_10nodes"", ""metric"": ""l2vpn_pwid_mismatch_pairs"", ""scope"": {""type"": ""GLOBAL""}, ""resample_pass"": 2, ""resample_index"": 18}",bd1a393,"['leaf1.cfg', 'leaf2.cfg', 'leaf3.cfg', 'leaf4.cfg', 'p1.cfg', 'p2.cfg', 'p3.cfg', 'p4.cfg', 'pe1.cfg', 'pe2.cfg']"
L2VPN_PWID_MISMATCH_PAIRS__rs2__rs19,l2vpn_pwid_mismatch_pairs:566d4b6821-rs2-rs19,L2VPN_Consistency,L3,PW-ID가 불일치하는 L2VPN 회선(장비쌍) 목록을 알려주세요. [답변 형식: 리스트],OK,set,[],,"{""snapshot"": ""LabA_Research_Institute_DC_10nodes"", ""metric"": ""l2vpn_pwid_mismatch_pairs"", ""scope"": {""type"": ""GLOBAL""}, ""resample_pass"": 2, ""resample_index"": 19}",bd1a393,"['leaf1.cfg', 'leaf2.cfg', 'leaf3.cfg', 'leaf4.cfg', 'p1.cfg', 'p2.cfg', 'p3.cfg', 'p4.cfg', 'pe1.cfg', 'pe2.cfg']"
L2VPN_MISMATCH_COUNT__rs20,l2vpn_mismatch_count:566d4b6821-rs20,L2VPN_Consistency,L3,PW-ID 불일치 또는 단방향 L2VPN 회선은 총 몇 개입니까? [답변 형식: 숫자],OK,number,0,,"{""snapshot"": ""LabA_Research_Institute_DC_10nodes"", ""metric"": ""l2vpn_mismatch_count"", ""scope"": {""type"": ""GLOBAL""}, ""resample_pass"": 2, ""resample_index"": 20}",bd1a393,"['leaf1.cfg', 'leaf2.cfg', 'leaf3.cfg', 'leaf4.cfg', 'p1.cfg', 'p2.cfg', 'p3.cfg', 'p4.cfg', 'pe1.cfg', 'pe2.cfg']"
L2VPN_PAIRS__rs21,l2vpn_pairs:566d4b6821-rs21,L2VPN_Consistency,L2,"구성된 L2VPN pseudowire 회선(장비쌍) 목록을 알려주세요. [답변 형식: ['A<->B', ...]]",OK,set,[],,"{""snapshot"": ""LabA_Research_Institute_DC_10nodes"", ""metric"": ""l2vpn_pairs"", ""scope"": {""type"": ""GLOBAL""}, ""resample_pass"": 2, ""resample_index"": 21}",bd1a393,"['leaf1.cfg', 'leaf2.cfg', 'leaf3.cfg', 'leaf4.cfg', 'p1.cfg', 'p2.cfg', 'p3.cfg', 'p4.cfg', 'pe1.cfg', 'pe2.cfg']"
L2VPN_UNIDIRECTIONAL_PAIRS__rs22,l2vpn_unidirectional_pairs:566d4b6821-rs22,L2VPN_Consistency,L3,단방향으로만 설정된 L2VPN 회선(장비쌍) 목록을 알려주세요. [답변 형식: 리스트],OK,set,[],,"{""snapshot"": ""LabA_Research_Institute_DC_10nodes"", ""metric"": ""l2vpn_unidirectional_pairs"", ""scope"": {""type"": ""GLOBAL""}, ""resample_pass"": 2, ""resample_index"": 22}",bd1a393,"['leaf1.cfg', 'leaf2.cfg', 'leaf3.cfg', 'leaf4.cfg', 'p1.cfg', 'p2.cfg', 'p3.cfg', 'p4.cfg', 'pe1.cfg', 'pe2.cfg']"
L2VPN_PWID_MISMATCH_PAIRS__rs3__rs23,l2vpn_pwid_mismatch_pairs:566d4b6821-rs3-rs23,L2VPN_Consistency,L3,PW-ID가 불일치하는 L2VPN 회선(장비쌍) 목록을 알려주세요. [답변 형식: 리스트],OK,set,[],,"{""snapshot"": ""LabA_Research_Institute_DC_10nodes"", ""metric"": ""l2vpn_pwid_mismatch_pairs"", ""scope"": {""type"": ""GLOBAL""}, ""resample_pass"": 2, ""resample_index"": 23}",bd1a393,"['leaf1.cfg', 'leaf2.cfg', 'leaf3.cfg', 'leaf4.cfg', 'p1.cfg', 'p2.cfg', 'p3.cfg', 'p4.cfg', 'pe1.cfg', 'pe2.cfg']"
L2VPN_UNIDIRECTIONAL_PAIRS__rs11__rs24,l2vpn_unidirectional_pairs:566d4b6821-rs11-rs24,L2VPN_Consistency,L3,단방향으로만 설정된 L2VPN 회선(장비쌍) 목록을 알려주세요. [답변 형식: 리스트],OK,set,[],,"{""snapshot"": ""LabA_Research_Institute_DC_10nodes"", ""metric"": ""l2vpn_unidirectional_pairs"", ""scope"": {""type"": ""GLOBAL""}, ""resample_pass"": 2, ""resample_index"": 24}",bd1a393,"['leaf1.cfg', 'leaf2.cfg', 'leaf3.cfg', 'leaf4.cfg', 'p1.cfg', 'p2.cfg', 'p3.cfg', 'p4.cfg', 'pe1.cfg', 'pe2.cfg']"
L2VPN_UNIDIR_COUNT__rs15__rs25,l2vpn_unidir_count:566d4b6821-rs15-rs25,L2VPN_Consistency,L3,단방향으로만 설정된 L2VPN 회선은 총 몇 개입니까? [답변 형식: 숫자],OK,number,0,,"{""snapshot"": ""LabA_Research_Institute_DC_10nodes"", ""metric"": ""l2vpn_unidir_count"", ""scope"": {""type"": ""GLOBAL""}, ""resample_pass"": 2, ""resample_index"": 25}",bd1a393,"['leaf1.cfg', 'leaf2.cfg', 'leaf3.cfg', 'leaf4.cfg', 'p1.cfg', 'p2.cfg', 'p3.cfg', 'p4.cfg', 'pe1.cfg', 'pe2.cfg']"
L2VPN_PWID_MISMATCH_PAIRS__rs3__rs23__rs26,l2vpn_pwid_mismatch_pairs:566d4b6821-rs3-rs23-rs26,L2VPN_Consistency,L3,PW-ID가 불일치하는 L2VPN 회선(장비쌍) 목록을 알려주세요. [답변 형식: 리스트],OK,set,[],,"{""snapshot"": ""LabA_Research_Institute_DC_10nodes"", ""metric"": ""l2vpn_pwid_mismatch_pairs"", ""scope"": {""type"": ""GLOBAL""}, ""resample_pass"": 2, ""resample_index"": 26}",bd1a393,"['leaf1.cfg', 'leaf2.cfg', 'leaf3.cfg', 'leaf4.cfg', 'p1.cfg', 'p2.cfg', 'p3.cfg', 'p4.cfg', 'pe1.cfg', 'pe2.cfg']"
L2VPN_MISMATCH_COUNT__rs20__rs27,l2vpn_mismatch_count:566d4b6821-rs20-rs27,L2VPN_Consistency,L3,PW-ID 불일치 또는 단방향 L2VPN 회선은 총 몇 개입니까? [답변 형식: 숫자],OK,number,0,,"{""snapshot"": ""LabA_Research_Institute_DC_10nodes"", ""metric"": ""l2vpn_mismatch_count"", ""scope"": {""type"": ""GLOBAL""}, ""resample_pass"": 2, ""resample_index"": 27}",bd1a393,"['leaf1.cfg', 'leaf2.cfg', 'leaf3.cfg', 'leaf4.cfg', 'p1.cfg', 'p2.cfg', 'p3.cfg', 'p4.cfg', 'pe1.cfg', 'pe2.cfg']"
L2VPN_MISMATCH_COUNT__rs28,l2vpn_mismatch_count:566d4b6821-rs28,L2VPN_Consistency,L3,PW-ID 불일치 또는 단방향 L2VPN 회선은 총 몇 개입니까? [답변 형식: 숫자],OK,number,0,,"{""snapshot"": ""LabA_Research_Institute_DC_10nodes"", ""metric"": ""l2vpn_mismatch_count"", ""scope"": {""type"": ""GLOBAL""}, ""resample_pass"": 2, ""resample_index"": 28}",bd1a393,"['leaf1.cfg', 'leaf2.cfg', 'leaf3.cfg', 'leaf4.cfg', 'p1.cfg', 'p2.cfg', 'p3.cfg', 'p4.cfg', 'pe1.cfg', 'pe2.cfg']"
L2VPN_UNIDIR_COUNT__rs15__rs25__rs29,l2vpn_unidir_count:566d4b6821-rs15-rs25-rs29,L2VPN_Consistency,L3,단방향으로만 설정된 L2VPN 회선은 총 몇 개입니까? [답변 형식: 숫자],OK,number,0,,"{""snapshot"": ""LabA_Research_Institute_DC_10nodes"", ""metric"": ""l2vpn_unidir_count"", ""scope"": {""type"": ""GLOBAL""}, ""resample_pass"": 2, ""resample_index"": 29}",bd1a393,"['leaf1.cfg', 'leaf2.cfg', 'leaf3.cfg', 'leaf4.cfg', 'p1.cfg', 'p2.cfg', 'p3.cfg', 'p4.cfg', 'pe1.cfg', 'pe2.cfg']"
L2VPN_UNIDIRECTIONAL_PAIRS__rs22__rs30,l2vpn_unidirectional_pairs:566d4b6821-rs22-rs30,L2VPN_Consistency,L3,단방향으로만 설정된 L2VPN 회선(장비쌍) 목록을 알려주세요. [답변 형식: 리스트],OK,set,[],,"{""snapshot"": ""LabA_Research_Institute_DC_10nodes"", ""metric"": ""l2vpn_unidirectional_pairs"", ""scope"": {""type"": ""GLOBAL""}, ""resample_pass"": 2, ""resample_index"": 30}",bd1a393,"['leaf1.cfg', 'leaf2.cfg', 'leaf3.cfg', 'leaf4.cfg', 'p1.cfg', 'p2.cfg', 'p3.cfg', 'p4.cfg', 'pe1.cfg', 'pe2.cfg']"
L2VPN_PWID_MISMATCH_PAIRS__rs3__rs7__rs8__rs31,l2vpn_pwid_mismatch_pairs:566d4b6821-rs3-rs7-rs8-rs31,L2VPN_Consistency,L3,PW-ID가 불일치하는 L2VPN 회선(장비쌍) 목록을 알려주세요. [답변 형식: 리스트],OK,set,[],,"{""snapshot"": ""LabA_Research_Institute_DC_10nodes"", ""metric"": ""l2vpn_pwid_mismatch_pairs"", ""scope"": {""type"": ""GLOBAL""}, ""resample_pass"": 2, ""resample_index"": 31}",bd1a393,"['leaf1.cfg', 'leaf2.cfg', 'leaf3.cfg', 'leaf4.cfg', 'p1.cfg', 'p2.cfg', 'p3.cfg', 'p4.cfg', 'pe1.cfg', 'pe2.cfg']"
L2VPN_MISMATCH_COUNT__rs20__rs32,l2vpn_mismatch_count:566d4b6821-rs20-rs32,L2VPN_Consistency,L3,PW-ID 불일치 또는 단방향 L2VPN 회선은 총 몇 개입니까? [답변 형식: 숫자],OK,number,0,,"{""snapshot"": ""LabA_Research_Institute_DC_10nodes"", ""metric"": ""l2vpn_mismatch_count"", ""scope"": {""type"": ""GLOBAL""}, ""resample_pass"": 2, ""resample_index"": 32}",bd1a393,"['leaf1.cfg', 'leaf2.cfg', 'leaf3.cfg', 'leaf4.cfg', 'p1.cfg', 'p2.cfg', 'p3.cfg', 'p4.cfg', 'pe1.cfg', 'pe2.cfg']"
L2VPN_MISMATCH_COUNT__rs20__rs27__rs33,l2vpn_mismatch_count:566d4b6821-rs20-rs27-rs33,L2VPN_Consistency,L3,PW-ID 불일치 또는 단방향 L2VPN 회선은 총 몇 개입니까? [답변 형식: 숫자],OK,number,0,,"{""snapshot"": ""LabA_Research_Institute_DC_10nodes"", ""metric"": ""l2vpn_mismatch_count"", ""scope"": {""type"": ""GLOBAL""}, ""resample_pass"": 2, ""resample_index"": 33}",bd1a393,"['leaf1.cfg', 'leaf2.cfg', 'leaf3.cfg', 'leaf4.cfg', 'p1.cfg', 'p2.cfg', 'p3.cfg', 'p4.cfg', 'pe1.cfg', 'pe2.cfg']"
L2VPN_PAIRS__rs21__rs34,l2vpn_pairs:566d4b6821-rs21-rs34,L2VPN_Consistency,L2,"구성된 L2VPN pseudowire 회선(장비쌍) 목록을 알려주세요. [답변 형식: ['A<->B', ...]]",OK,set,[],,"{""snapshot"": ""LabA_Research_Institute_DC_10nodes"", ""metric"": ""l2vpn_pairs"", ""scope"": {""type"": ""GLOBAL""}, ""resample_pass"": 2, ""resample_index"": 34}",bd1a393,"['leaf1.cfg', 'leaf2.cfg', 'leaf3.cfg', 'leaf4.cfg', 'p1.cfg', 'p2.cfg', 'p3.cfg', 'p4.cfg', 'pe1.cfg', 'pe2.cfg']"
L2VPN_UNIDIRECTIONAL_PAIRS__rs11__rs35,l2vpn_unidirectional_pairs:566d4b6821-rs11-rs35,L2VPN_Consistency,L3,단방향으로만 설정된 L2VPN 회선(장비쌍) 목록을 알려주세요. [답변 형식: 리스트],OK,set,[],,"{""snapshot"": ""LabA_Research_Institute_DC_10nodes"", ""metric"": ""l2vpn_unidirectional_pairs"", ""scope"": {""type"": ""GLOBAL""}, ""resample_pass"": 2, ""resample_index"": 35}",bd1a393,"['leaf1.cfg', 'leaf2.cfg', 'leaf3.cfg', 'leaf4.cfg', 'p1.cfg', 'p2.cfg', 'p3.cfg', 'p4.cfg', 'pe1.cfg', 'pe2.cfg']"
L2VPN_PWID_MISMATCH_PAIRS__rs5__rs36,l2vpn_pwid_mismatch_pairs:566d4b6821-rs5-rs36,L2VPN_Consistency,L3,PW-ID가 불일치하는 L2VPN 회선(장비쌍) 목록을 알려주세요. [답변 형식: 리스트],OK,set,[],,"{""snapshot"": ""LabA_Research_Institute_DC_10nodes"", ""metric"": ""l2vpn_pwid_mismatch_pairs"", ""scope"": {""type"": ""GLOBAL""}, ""resample_pass"": 2, ""resample_index"": 36}",bd1a393,"['leaf1.cfg', 'leaf2.cfg', 'leaf3.cfg', 'leaf4.cfg', 'p1.cfg', 'p2.cfg', 'p3.cfg', 'p4.cfg', 'pe1.cfg', 'pe2.cfg']"
L2VPN_PAIRS__rs37,l2vpn_pairs:566d4b6821-rs37,L2VPN_Consistency,L2,"구성된 L2VPN pseudowire 회선(장비쌍) 목록을 알려주세요. [답변 형식: ['A<->B', ...]]",OK,set,[],,"{""snapshot"": ""LabA_Research_Institute_DC_10nodes"", ""metric"": ""l2vpn_pairs"", ""scope"": {""type"": ""GLOBAL""}, ""resample_pass"": 2, ""resample_index"": 37}",bd1a393,"['leaf1.cfg', 'leaf2.cfg', 'leaf3.cfg', 'leaf4.cfg', 'p1.cfg', 'p2.cfg', 'p3.cfg', 'p4.cfg', 'pe1.cfg', 'pe2.cfg']"
L2VPN_PWID_MISMATCH_PAIRS__rs2__rs38,l2vpn_pwid_mismatch_pairs:566d4b6821-rs2-rs38,L2VPN_Consistency,L3,PW-ID가 불일치하는 L2VPN 회선(장비쌍) 목록을 알려주세요. [답변 형식: 리스트],OK,set,[],,"{""snapshot"": ""LabA_Research_Institute_DC_10nodes"", ""metric"": ""l2vpn_pwid_mismatch_pairs"", ""scope"": {""type"": ""GLOBAL""}, ""resample_pass"": 2, ""resample_index"": 38}",bd1a393,"['leaf1.cfg', 'leaf2.cfg', 'leaf3.cfg', 'leaf4.cfg', 'p1.cfg', 'p2.cfg', 'p3.cfg', 'p4.cfg', 'pe1.cfg', 'pe2.cfg']"
L2VPN_PWID_MISMATCH_PAIRS__rs3__rs23__rs39,l2vpn_pwid_mismatch_pairs:566d4b6821-rs3-rs23-rs39,L2VPN_Consistency,L3,PW-ID가 불일치하는 L2VPN 회선(장비쌍) 목록을 알려주세요. [답변 형식: 리스트],OK,set,[],,"{""snapshot"": ""LabA_Research_Institute_DC_10nodes"", ""metric"": ""l2vpn_pwid_mismatch_pairs"", ""scope"": {""type"": ""GLOBAL""}, ""resample_pass"": 2, ""resample_index"": 39}",bd1a393,"['leaf1.cfg', 'leaf2.cfg', 'leaf3.cfg', 'leaf4.cfg', 'p1.cfg', 'p2.cfg', 'p3.cfg', 'p4.cfg', 'pe1.cfg', 'pe2.cfg']"
L2VPN_PWID_MISMATCH_PAIRS__rs3__rs4__rs6__rs10__rs40,l2vpn_pwid_mismatch_pairs:566d4b6821-rs3-rs4-rs6-rs10-rs40,L2VPN_Consistency,L3,PW-ID가 불일치하는 L2VPN 회선(장비쌍) 목록을 알려주세요. [답변 형식: 리스트],OK,set,[],,"{""snapshot"": ""LabA_Research_Institute_DC_10nodes"", ""metric"": ""l2vpn_pwid_mismatch_pairs"", ""scope"": {""type"": ""GLOBAL""}, ""resample_pass"": 2, ""resample_index"": 40}",bd1a393,"['leaf1.cfg', 'leaf2.cfg', 'leaf3.cfg', 'leaf4.cfg', 'p1.cfg', 'p2.cfg', 'p3.cfg', 'p4.cfg', 'pe1.cfg', 'pe2.cfg']"
L2VPN_PWID_MISMATCH_PAIRS__rs3__rs7__rs41,l2vpn_pwid_mismatch_pairs:566d4b6821-rs3-rs7-rs41,L2VPN_Consistency,L3,PW-ID가 불일치하는 L2VPN 회선(장비쌍) 목록을 알려주세요. [답변 형식: 리스트],OK,set,[],,"{""snapshot"": ""LabA_Research_Institute_DC_10nodes"", ""metric"": ""l2vpn_pwid_mismatch_pairs"", ""scope"": {""type"": ""GLOBAL""}, ""resample_pass"": 2, ""resample_index"": 41}",bd1a393,"['leaf1.cfg', 'leaf2.cfg', 'leaf3.cfg', 'leaf4.cfg', 'p1.cfg', 'p2.cfg', 'p3.cfg', 'p4.cfg', 'pe1.cfg', 'pe2.cfg']"
L2VPN_PWID_MISMATCH_PAIRS__rs3__rs4__rs6__rs10__rs40__rs42,l2vpn_pwid_mismatch_pairs:566d4b6821-rs3-rs4-rs6-rs10-rs40-rs42,L2VPN_Consistency,L3,PW-ID가 불일치하는 L2VPN 회선(장비쌍) 목록을 알려주세요. [답변 형식: 리스트],OK,set,[],,"{""snapshot"": ""LabA_Research_Institute_DC_10nodes"", ""metric"": ""l2vpn_pwid_mismatch_pairs"", ""scope"": {""type"": ""GLOBAL""}, ""resample_pass"": 2, ""resample_index"": 42}",bd1a393,"['leaf1.cfg', 'leaf2.cfg', 'leaf3.cfg', 'leaf4.cfg', 'p1.cfg', 'p2.cfg', 'p3.cfg', 'p4.cfg', 'pe1.cfg', 'pe2.cfg']"
L2VPN_UNIDIR_COUNT__rs15__rs25__rs29__rs43,l2vpn_unidir_count:566d4b6821-rs15-rs25-rs29-rs43,L2VPN_Consistency,L3,단방향으로만 설정된 L2VPN 회선은 총 몇 개입니까? [답변 형식: 숫자],OK,number,0,,"{""snapshot"": ""LabA_Research_Institute_DC_10nodes"", ""metric"": ""l2vpn_unidir_count"", ""scope"": {""type"": ""GLOBAL""}, ""resample_pass"": 2, ""resample_index"": 43}",bd1a393,"['leaf1.cfg', 'leaf2.cfg', 'leaf3.cfg', 'leaf4.cfg', 'p1.cfg', 'p2.cfg', 'p3.cfg', 'p4.cfg', 'pe1.cfg', 'pe2.cfg']"
L2VPN_UNIDIR_COUNT__rs15__rs25__rs44,l2vpn_unidir_count:566d4b6821-rs15-rs25-rs44,L2VPN_Consistency,L3,단방향으로만 설정된 L2VPN 회선은 총 몇 개입니까? [답변 형식: 숫자],OK,number,0,,"{""snapshot"": ""LabA_Research_Institute_DC_10nodes"", ""metric"": ""l2vpn_unidir_count"", ""scope"": {""type"": ""GLOBAL""}, ""resample_pass"": 2, ""resample_index"": 44}",bd1a393,"['leaf1.cfg', 'leaf2.cfg', 'leaf3.cfg', 'leaf4.cfg', 'p1.cfg', 'p2.cfg', 'p3.cfg', 'p4.cfg', 'pe1.cfg', 'pe2.cfg']"
L2VPN_PWID_MISMATCH_PAIRS__rs45,l2vpn_pwid_mismatch_pairs:566d4b6821-rs45,L2VPN_Consistency,L3,PW-ID가 불일치하는 L2VPN 회선(장비쌍) 목록을 알려주세요. [답변 형식: 리스트],OK,set,[],,"{""snapshot"": ""LabA_Research_Institute_DC_10nodes"", ""metric"": ""l2vpn_pwid_mismatch_pairs"", ""scope"": {""type"": ""GLOBAL""}, ""resample_pass"": 2, ""resample_index"": 45}",bd1a393,"['leaf1.cfg', 'leaf2.cfg', 'leaf3.cfg', 'leaf4.cfg', 'p1.cfg', 'p2.cfg', 'p3.cfg', 'p4.cfg', 'pe1.cfg', 'pe2.cfg']"
